教材位置,具体知识点,知识点ID,卡片ID,答案对应位置,是否明确要求回忆,必答点位置,处理状态
01_绪论/整合教材.md:18 / CN01-S00-P004,形态描述时期及时间,KP-CN01-0001,RB-CN01-0001,A1,是,R1,covered
01_绪论/整合教材.md:18 / CN01-S00-P004,实验生物学时期及时间,KP-CN01-0002,RB-CN01-0001,A1,是,R1,covered
01_绪论/整合教材.md:18 / CN01-S00-P004,现代生物学时期及时间,KP-CN01-0003,RB-CN01-0001,A1,是,R1,covered
01_绪论/整合教材.md:18 / CN01-S00-P004,DNA结构与中心法则的历史作用,KP-CN01-0004,RB-CN01-0001,A1,是,R1,covered
01_绪论/整合教材.md:20 / CN01-S00-P005；01_绪论/整合教材.md:22 / CN01-S00-P006,科学史的核心问题追踪,KP-CN01-0005,RB-CN01-0002,A1,是,R1,covered
01_绪论/整合教材.md:20 / CN01-S00-P005；01_绪论/整合教材.md:22 / CN01-S00-P006,研究方法与理论形成的联系,KP-CN01-0006,RB-CN01-0002,A1,是,R1,covered
01_绪论/整合教材.md:20 / CN01-S00-P005；01_绪论/整合教材.md:22 / CN01-S00-P006,科学史对认知规律和新问题研究的意义,KP-CN01-0007,RB-CN01-0002,A1,是,R1,covered
01_绪论/整合教材.md:38 / CN01-S01-P002,细胞学说的人物和1838—1839年,KP-CN01-0008,RB-CN01-0003,A1,是,R1,covered
01_绪论/整合教材.md:38 / CN01-S01-P002,达尔文进化论和1859年,KP-CN01-0009,RB-CN01-0003,A1,是,R1,covered
01_绪论/整合教材.md:38 / CN01-S01-P002,孟德尔遗传学和1866年,KP-CN01-0010,RB-CN01-0003,A1,是,R1,covered
01_绪论/整合教材.md:38 / CN01-S01-P002,细胞学说为遗传与演化提供细胞学基础,KP-CN01-0011,RB-CN01-0003,A2,是,R2,covered
01_绪论/整合教材.md:38 / CN01-S01-P002,分子生物学推动经典分支和细胞生物学的发展,KP-CN01-0012,RB-CN01-0003,A2,是,R2,covered
01_绪论/整合教材.md:40 / CN01-S01-P003；01_绪论/整合教材.md:92 / CN01-S01-P028,细胞学定义,KP-CN01-0013,RB-CN01-0004,A1,是,R1,covered
01_绪论/整合教材.md:40 / CN01-S01-P003；01_绪论/整合教材.md:92 / CN01-S01-P028,细胞生物学定义,KP-CN01-0014,RB-CN01-0004,A1,是,R1,covered
01_绪论/整合教材.md:40 / CN01-S01-P003；01_绪论/整合教材.md:92 / CN01-S01-P028,两学科对象连续性与方法发展,KP-CN01-0015,RB-CN01-0004,A1,是,R1,covered
01_绪论/整合教材.md:92 / CN01-S01-P028,显微亚显微和分子三个层次,KP-CN01-0016,RB-CN01-0004,A2,是,R2,covered
01_绪论/整合教材.md:92 / CN01-S01-P028,细胞生物学的主要研究过程与调控范围,KP-CN01-0017,RB-CN01-0004,A2,是,R2,covered
01_绪论/整合教材.md:44 / CN01-S01-P005,眼镜与早期显微镜的时代,KP-CN01-0018,RB-CN01-0005,A1,是,R1,covered
01_绪论/整合教材.md:44 / CN01-S01-P005,胡克观察软木的动机和对象,KP-CN01-0019,RB-CN01-0005,A1,是,R1,covered
01_绪论/整合教材.md:44 / CN01-S01-P005,胡克显微镜40—140倍,KP-CN01-0020,RB-CN01-0005,A1,是,R1,covered
01_绪论/整合教材.md:44 / CN01-S01-P005,胡克观察到死亡组织细胞壁,KP-CN01-0021,RB-CN01-0005,A1,是,R1,covered
01_绪论/整合教材.md:44 / CN01-S01-P005,cell名称来自小室,KP-CN01-0022,RB-CN01-0005,A2,是,R2,covered
01_绪论/整合教材.md:44 / CN01-S01-P005,1665年显微图谱与细胞发现纪年,KP-CN01-0023,RB-CN01-0005,A2,是,R2,covered
01_绪论/整合教材.md:46 / CN01-S01-P006,列文虎克观察活细胞原生动物和细菌,KP-CN01-0024,RB-CN01-0006,A1,是,R1,covered
01_绪论/整合教材.md:46 / CN01-S01-P006,持续约50年的观察,KP-CN01-0025,RB-CN01-0006,A1,是,R1,covered
01_绪论/整合教材.md:46 / CN01-S01-P006,教材所列1674年鱼红细胞核观察,KP-CN01-0026,RB-CN01-0006,A1,是,R1,covered
01_绪论/整合教材.md:46 / CN01-S01-P006,列文虎克布店学徒背景,KP-CN01-0027,RB-CN01-0006,A1,是,R1,covered
01_绪论/整合教材.md:48 / CN01-S01-P007,布朗1833年植物细胞核观察,KP-CN01-0028,RB-CN01-0006,A2,是,R2,covered
01_绪论/整合教材.md:48 / CN01-S01-P007,动物核仁观察,KP-CN01-0029,RB-CN01-0006,A2,是,R2,covered
01_绪论/整合教材.md:48 / CN01-S01-P007,长期观察资料为细胞学说提供基础,KP-CN01-0030,RB-CN01-0006,A2,是,R2,covered
01_绪论/整合教材.md:52 / CN01-S01-P009,德国自然科学与自然哲学背景,KP-CN01-0031,RB-CN01-0007,A1,是,R1,covered
01_绪论/整合教材.md:52 / CN01-S01-P009,施莱登1838年植物发生论,KP-CN01-0032,RB-CN01-0007,A1,是,R1,covered
01_绪论/整合教材.md:52 / CN01-S01-P009,施万1839年代表论文,KP-CN01-0033,RB-CN01-0007,A1,是,R1,covered
01_绪论/整合教材.md:52 / CN01-S01-P009；01_绪论/整合教材.md:54 / CN01-S01-P010；01_绪论/整合教材.md:57 / CN01-S01-P011,细胞学说的早期核心内容,KP-CN01-0034,RB-CN01-0007,A2,是,R2,covered
01_绪论/整合教材.md:52 / CN01-S01-P009；01_绪论/整合教材.md:54 / CN01-S01-P010；01_绪论/整合教材.md:57 / CN01-S01-P011,施莱登1804—1881年,KP-CN01-0035,RB-CN01-0007,A2,是,R2,covered
01_绪论/整合教材.md:52 / CN01-S01-P009；01_绪论/整合教材.md:54 / CN01-S01-P010；01_绪论/整合教材.md:57 / CN01-S01-P011,施万1810—1882年,KP-CN01-0036,RB-CN01-0007,A2,是,R2,covered
01_绪论/整合教材.md:52 / CN01-S01-P009；01_绪论/整合教材.md:54 / CN01-S01-P010；01_绪论/整合教材.md:57 / CN01-S01-P011,早期细胞繁殖解释的错误与修正,KP-CN01-0037,RB-CN01-0007,A2,是,R2,covered
01_绪论/整合教材.md:52 / CN01-S01-P009,魏尔肖1858年细胞来自细胞,KP-CN01-0038,RB-CN01-0008,A1,是,R1,covered
01_绪论/整合教材.md:52 / CN01-S01-P009,细胞学说的生命连续性补充,KP-CN01-0039,RB-CN01-0008,A1,是,R1,covered
01_绪论/整合教材.md:52 / CN01-S01-P009,病理表现的细胞损伤基础,KP-CN01-0040,RB-CN01-0008,A2,是,R2,covered
01_绪论/整合教材.md:60 / CN01-S01-P012,Siebold与原生动物的单细胞生命,KP-CN01-0041,RB-CN01-0009,A1,是,R1,covered
01_绪论/整合教材.md:60 / CN01-S01-P012,Kölliker与发育中的繁殖分化,KP-CN01-0042,RB-CN01-0009,A1,是,R1,covered
01_绪论/整合教材.md:60 / CN01-S01-P012,19世纪末细胞学建立,KP-CN01-0043,RB-CN01-0009,A2,是,R2,covered
01_绪论/整合教材.md:60 / CN01-S01-P012,细胞统一性与进化多样性的联系,KP-CN01-0044,RB-CN01-0009,A2,是,R2,covered
01_绪论/整合教材.md:60 / CN01-S01-P012,恩格斯的三大发现,KP-CN01-0045,RB-CN01-0009,A2,是,R2,covered
01_绪论/整合教材.md:60 / CN01-S01-P012,对比较解剖生理胚胎学的基础意义,KP-CN01-0046,RB-CN01-0009,A2,是,R2,covered
01_绪论/整合教材.md:64 / CN01-S01-P014；01_绪论/整合教材.md:74 / CN01-S01-P019,经典细胞学时期的时间和描述特点,KP-CN01-0047,RB-CN01-0010,A1,是,R1,covered
01_绪论/整合教材.md:64 / CN01-S01-P014；01_绪论/整合教材.md:74 / CN01-S01-P019,实验细胞学时期的时间和主动实验,KP-CN01-0048,RB-CN01-0010,A1,是,R1,covered
01_绪论/整合教材.md:64 / CN01-S01-P014；01_绪论/整合教材.md:74 / CN01-S01-P019,模式生物与学科交叉,KP-CN01-0049,RB-CN01-0010,A1,是,R1,covered
01_绪论/整合教材.md:68 / CN01-S01-P016,原生质描述与Purkinje1840年,KP-CN01-0050,RB-CN01-0011,A1,是,R1,covered
01_绪论/整合教材.md:68 / CN01-S01-P016,von Mohl1846年,KP-CN01-0051,RB-CN01-0011,A1,是,R1,covered
01_绪论/整合教材.md:68 / CN01-S01-P016,Schultze1861年原生质理论,KP-CN01-0052,RB-CN01-0011,A1,是,R1,covered
01_绪论/整合教材.md:68 / CN01-S01-P016,Hanstein1880年原生质体,KP-CN01-0053,RB-CN01-0011,A2,是,R2,covered
01_绪论/整合教材.md:68 / CN01-S01-P016,细胞概念由小室深化为生命活性物质,KP-CN01-0054,RB-CN01-0011,A2,是,R2,covered
01_绪论/整合教材.md:68 / CN01-S01-P016,cell沿用及原生质研究意义,KP-CN01-0055,RB-CN01-0011,A2,是,R2,covered
01_绪论/整合教材.md:70 / CN01-S01-P017,Flemming和Strasburger的核分裂观察,KP-CN01-0056,RB-CN01-0012,A1,是,R1,covered
01_绪论/整合教材.md:70 / CN01-S01-P017,1880年有丝分裂命名,KP-CN01-0057,RB-CN01-0012,A1,是,R1,covered
01_绪论/整合教材.md:70 / CN01-S01-P017,有丝分裂的染色体分配实质,KP-CN01-0058,RB-CN01-0012,A1,是,R1,covered
01_绪论/整合教材.md:70 / CN01-S01-P017；01_绪论/整合教材.md:76 / CN01-S01-P020,van Beneden1883年动物减数分裂,KP-CN01-0059,RB-CN01-0012,A2,是,R2,covered
01_绪论/整合教材.md:70 / CN01-S01-P017；01_绪论/整合教材.md:76 / CN01-S01-P020,Strasburger1886年植物减数分裂,KP-CN01-0060,RB-CN01-0012,A2,是,R2,covered
01_绪论/整合教材.md:72 / CN01-S01-P018,显微分辨切片染色对细胞器发现的作用,KP-CN01-0061,RB-CN01-0013,A1,是,R1,covered
01_绪论/整合教材.md:72 / CN01-S01-P018,教材所列中心体1883年发现,KP-CN01-0062,RB-CN01-0013,A1,是,R1,covered
01_绪论/整合教材.md:72 / CN01-S01-P018,教材所列线粒体1894年发现,KP-CN01-0063,RB-CN01-0013,A1,是,R1,covered
01_绪论/整合教材.md:72 / CN01-S01-P018,高尔基体1898年发现,KP-CN01-0064,RB-CN01-0013,A1,是,R1,covered
01_绪论/整合教材.md:74 / CN01-S01-P019,Hertwig1892年细胞和组织,KP-CN01-0065,RB-CN01-0014,A1,是,R1,covered
01_绪论/整合教材.md:74 / CN01-S01-P019,海胆蛔虫核质关系实验,KP-CN01-0066,RB-CN01-0014,A1,是,R1,covered
01_绪论/整合教材.md:74 / CN01-S01-P019,模式生物与体外培养推动实验细胞学分支,KP-CN01-0067,RB-CN01-0014,A1,是,R1,covered
01_绪论/整合教材.md:76 / CN01-S01-P020,Hertwig1876年动物受精,KP-CN01-0068,RB-CN01-0015,A1,是,R1,covered
01_绪论/整合教材.md:76 / CN01-S01-P020,van Beneden1883年蛔虫配子染色体减半,KP-CN01-0069,RB-CN01-0015,A1,是,R1,covered
01_绪论/整合教材.md:76 / CN01-S01-P020,Strasburger1888年植物受精与减半,KP-CN01-0070,RB-CN01-0015,A1,是,R1,covered
01_绪论/整合教材.md:76 / CN01-S01-P020,1900年孟德尔法则重发现,KP-CN01-0071,RB-CN01-0015,A1,是,R1,covered
01_绪论/整合教材.md:76 / CN01-S01-P020,Wilson1905年性别与染色体,KP-CN01-0072,RB-CN01-0015,A2,是,R2,covered
01_绪论/整合教材.md:76 / CN01-S01-P020,Weismann的遗传单位排列推测,KP-CN01-0073,RB-CN01-0015,A2,是,R2,covered
01_绪论/整合教材.md:76 / CN01-S01-P020,BoveriSutton染色体假说,KP-CN01-0074,RB-CN01-0015,A2,是,R2,covered
01_绪论/整合教材.md:76 / CN01-S01-P020,Morgan1910年果蝇遗传学,KP-CN01-0075,RB-CN01-0015,A3,是,R3,covered
01_绪论/整合教材.md:76 / CN01-S01-P020,基因性状与直线排列,KP-CN01-0076,RB-CN01-0015,A3,是,R3,covered
01_绪论/整合教材.md:76 / CN01-S01-P020,细胞学遗传学结合,KP-CN01-0077,RB-CN01-0015,A3,是,R3,covered
01_绪论/整合教材.md:78 / CN01-S01-P021,细胞遗传学研究对象,KP-CN01-0078,RB-CN01-0016,A1,是,R1,covered
01_绪论/整合教材.md:78 / CN01-S01-P021,染色体基因学说,KP-CN01-0079,RB-CN01-0016,A1,是,R1,covered
01_绪论/整合教材.md:78 / CN01-S01-P021,染色体结构与表达控制仍受关注,KP-CN01-0080,RB-CN01-0016,A1,是,R1,covered
01_绪论/整合教材.md:80 / CN01-S01-P022；01_绪论/整合教材.md:82 / CN01-S01-P023,细胞运动的四类早期对象,KP-CN01-0081,RB-CN01-0017,A1,是,R1,covered
01_绪论/整合教材.md:80 / CN01-S01-P022；01_绪论/整合教材.md:82 / CN01-S01-P023,质膜通透性应激与神经传导,KP-CN01-0082,RB-CN01-0017,A1,是,R1,covered
01_绪论/整合教材.md:80 / CN01-S01-P022；01_绪论/整合教材.md:82 / CN01-S01-P023,细胞生理学主要功能范围,KP-CN01-0083,RB-CN01-0017,A1,是,R1,covered
01_绪论/整合教材.md:82 / CN01-S01-P023,HarrisonCarrel1909年组织培养,KP-CN01-0084,RB-CN01-0017,A2,是,R2,covered
01_绪论/整合教材.md:82 / CN01-S01-P023,Claude1943年高速离心,KP-CN01-0085,RB-CN01-0017,A2,是,R2,covered
01_绪论/整合教材.md:82 / CN01-S01-P023,细胞器体外活性组成酶定位,KP-CN01-0086,RB-CN01-0017,A2,是,R2,covered
01_绪论/整合教材.md:82 / CN01-S01-P023,跨膜运输信号转导延续细胞生理问题,KP-CN01-0087,RB-CN01-0017,A2,是,R2,covered
01_绪论/整合教材.md:84 / CN01-S01-P024,Feulgen1924年DNA特异定性,KP-CN01-0088,RB-CN01-0018,A1,是,R1,covered
01_绪论/整合教材.md:84 / CN01-S01-P024,Brachet1940年甲基绿派洛宁核酸染色,KP-CN01-0089,RB-CN01-0018,A1,是,R1,covered
01_绪论/整合教材.md:84 / CN01-S01-P024,Caspersson紫外显微分光DNA定量,KP-CN01-0090,RB-CN01-0018,A1,是,R1,covered
01_绪论/整合教材.md:84 / CN01-S01-P024；01_绪论/整合教材.md:86 / CN01-S01-P025,分离自显影超微量分析与代谢研究,KP-CN01-0091,RB-CN01-0018,A2,是,R2,covered
01_绪论/整合教材.md:84 / CN01-S01-P024；01_绪论/整合教材.md:86 / CN01-S01-P025,流式原位杂交免疫荧光共聚焦的发展,KP-CN01-0092,RB-CN01-0018,A2,是,R2,covered
01_绪论/整合教材.md:84 / CN01-S01-P024；01_绪论/整合教材.md:86 / CN01-S01-P025,定性定位定量动态的四个维度,KP-CN01-0093,RB-CN01-0018,A2,是,R2,covered
01_绪论/整合教材.md:84 / CN01-S01-P024；01_绪论/整合教材.md:86 / CN01-S01-P025,实验细胞学分支持续发展,KP-CN01-0094,RB-CN01-0018,A2,是,R2,covered
01_绪论/整合教材.md:90 / CN01-S01-P027,电镜超薄切片与超微结构,KP-CN01-0095,RB-CN01-0019,A1,是,R1,covered
01_绪论/整合教材.md:90 / CN01-S01-P027,内质网核糖体溶酶体核孔骨架的新认识,KP-CN01-0096,RB-CN01-0019,A1,是,R1,covered
01_绪论/整合教材.md:90 / CN01-S01-P027,超微形态的功能解释限制,KP-CN01-0097,RB-CN01-0019,A1,是,R1,covered
01_绪论/整合教材.md:90 / CN01-S01-P027,WatsonCrick1953年双螺旋,KP-CN01-0098,RB-CN01-0019,A2,是,R2,covered
01_绪论/整合教材.md:90 / CN01-S01-P027,分子概念与技术融合,KP-CN01-0099,RB-CN01-0019,A2,是,R2,covered
01_绪论/整合教材.md:90 / CN01-S01-P027,70年代细胞生物学形成,KP-CN01-0100,RB-CN01-0019,A2,是,R2,covered
01_绪论/整合教材.md:90 / CN01-S01-P027,转基因与单克隆抗体,KP-CN01-0101,RB-CN01-0020,A1,是,R1,covered
01_绪论/整合教材.md:90 / CN01-S01-P027,模式生物突变株,KP-CN01-0102,RB-CN01-0020,A1,是,R1,covered
01_绪论/整合教材.md:90 / CN01-S01-P027,基因打靶TALENCRISPR,KP-CN01-0103,RB-CN01-0020,A1,是,R1,covered
01_绪论/整合教材.md:90 / CN01-S01-P027,测序与生物芯片,KP-CN01-0104,RB-CN01-0020,A1,是,R1,covered
01_绪论/整合教材.md:90 / CN01-S01-P027,人类基因组计划蛋白质组与组学,KP-CN01-0105,RB-CN01-0020,A2,是,R2,covered
01_绪论/整合教材.md:90 / CN01-S01-P027,高通量生物信息扩展研究对象,KP-CN01-0106,RB-CN01-0020,A2,是,R2,covered
01_绪论/整合教材.md:90 / CN01-S01-P027,因子通路向网络研究变化,KP-CN01-0107,RB-CN01-0020,A2,是,R2,covered
01_绪论/整合教材.md:90 / CN01-S01-P027,80年代分子细胞生物学名称,KP-CN01-0108,RB-CN01-0020,A2,是,R2,covered
01_绪论/整合教材.md:90 / CN01-S01-P027,TALEN、CRISPR/Cas广泛应用的年代归属,KP-CN01-0109,,,否,,unresolved
01_绪论/整合教材.md:94 / CN01-S01-P029,生命体系的多层次非线性动态耗散性质,KP-CN01-0110,RB-CN01-0021,A1,是,R1,covered
01_绪论/整合教材.md:94 / CN01-S01-P029,细胞作为枢纽层次,KP-CN01-0111,RB-CN01-0021,A1,是,R1,covered
01_绪论/整合教材.md:94 / CN01-S01-P029,Wilson1925年观点,KP-CN01-0112,RB-CN01-0021,A1,是,R1,covered
01_绪论/整合教材.md:96 / CN01-S01-P030,生殖发育遗传神经的细胞基础,KP-CN01-0113,RB-CN01-0021,A2,是,R2,covered
01_绪论/整合教材.md:96 / CN01-S01-P030,疾病机制的细胞病变基础,KP-CN01-0114,RB-CN01-0021,A2,是,R2,covered
01_绪论/整合教材.md:96 / CN01-S01-P030,基因蛋白工程的细胞操作基础,KP-CN01-0115,RB-CN01-0021,A2,是,R2,covered
01_绪论/整合教材.md:96 / CN01-S01-P030,细胞生物学与农业医学的联系,KP-CN01-0116,RB-CN01-0021,A2,是,R2,covered
01_绪论/整合教材.md:112 / CN01-S02-P002；01_绪论/整合教材.md:24 / CN01-S00-P007,细胞同一性的四类层面,KP-CN01-0117,RB-CN01-0022,A1,是,R1,covered
01_绪论/整合教材.md:112 / CN01-S02-P002；01_绪论/整合教材.md:24 / CN01-S00-P007,细胞多样性形成物种组织器官,KP-CN01-0118,RB-CN01-0022,A1,是,R1,covered
01_绪论/整合教材.md:112 / CN01-S02-P002；01_绪论/整合教材.md:24 / CN01-S00-P007,本版物种数估计及限定,KP-CN01-0119,RB-CN01-0022,A1,是,R1,covered
01_绪论/整合教材.md:122 / CN01-S02-P007,细胞利用20多种元素的教材概括,KP-CN01-0120,RB-CN01-0023,A1,是,R1,covered
01_绪论/整合教材.md:122 / CN01-S02-P007,CHONPS六种主要元素,KP-CN01-0121,RB-CN01-0023,A1,是,R1,covered
01_绪论/整合教材.md:122 / CN01-S02-P007,四类基本构件及碳骨架,KP-CN01-0122,RB-CN01-0023,A1,是,R1,covered
01_绪论/整合教材.md:122 / CN01-S02-P007,共同材料使拆卸再利用成为可能,KP-CN01-0123,RB-CN01-0023,A1,是,R1,covered
01_绪论/整合教材.md:126 / CN01-S02-P009,质膜脂质蛋白与典型磷脂双层,KP-CN01-0124,RB-CN01-0024,A1,是,R1,covered
01_绪论/整合教材.md:126 / CN01-S02-P009,质膜维持相对独立内环境,KP-CN01-0125,RB-CN01-0024,A1,是,R1,covered
01_绪论/整合教材.md:126 / CN01-S02-P009,质膜承担交换和信号,KP-CN01-0126,RB-CN01-0024,A1,是,R1,covered
01_绪论/整合教材.md:130 / CN01-S02-P011,DNA作为遗传载体,KP-CN01-0127,RB-CN01-0025,A1,是,R1,covered
01_绪论/整合教材.md:130 / CN01-S02-P011,RNA信息传递与核糖体蛋白合成,KP-CN01-0128,RB-CN01-0025,A1,是,R1,covered
01_绪论/整合教材.md:130 / CN01-S02-P011,遗传密码的保守性和教材例外,KP-CN01-0129,RB-CN01-0025,A1,是,R1,covered
01_绪论/整合教材.md:130 / CN01-S02-P011,共同装置支持共同祖先,KP-CN01-0130,RB-CN01-0025,A1,是,R1,covered
01_绪论/整合教材.md:134 / CN01-S02-P013；01_绪论/整合教材.md:274 / CN01-S02-P078,遗传物质分配维持繁衍连续性,KP-CN01-0131,RB-CN01-0026,A1,是,R1,covered
01_绪论/整合教材.md:134 / CN01-S02-P013；01_绪论/整合教材.md:274 / CN01-S02-P078,现存细胞共同祖先后代,KP-CN01-0132,RB-CN01-0026,A1,是,R1,covered
01_绪论/整合教材.md:134 / CN01-S02-P013；01_绪论/整合教材.md:274 / CN01-S02-P078,同章古菌出芽与二分概括的条件,KP-CN01-0133,RB-CN01-0026,A1,是,R1,covered
01_绪论/整合教材.md:138 / CN01-S02-P015；01_绪论/整合教材.md:144 / CN01-S02-P018；01_绪论/整合教材.md:208 / CN01-S02-P048,病毒20—300nm图示范围,KP-CN01-0134,RB-CN01-0027,A1,是,R1,covered
01_绪论/整合教材.md:138 / CN01-S02-P015；01_绪论/整合教材.md:144 / CN01-S02-P018；01_绪论/整合教材.md:208 / CN01-S02-P048,支原体100—300nm图示范围,KP-CN01-0135,RB-CN01-0027,A1,是,R1,covered
01_绪论/整合教材.md:138 / CN01-S02-P015；01_绪论/整合教材.md:144 / CN01-S02-P018；01_绪论/整合教材.md:208 / CN01-S02-P048,细菌1—2μm代表,KP-CN01-0136,RB-CN01-0027,A1,是,R1,covered
01_绪论/整合教材.md:138 / CN01-S02-P015；01_绪论/整合教材.md:144 / CN01-S02-P018；01_绪论/整合教材.md:208 / CN01-S02-P048,动植物20—30μm代表,KP-CN01-0137,RB-CN01-0027,A1,是,R1,covered
01_绪论/整合教材.md:138 / CN01-S02-P015；01_绪论/整合教材.md:144 / CN01-S02-P018；01_绪论/整合教材.md:208 / CN01-S02-P048,原生生物0.1至数mm,KP-CN01-0138,RB-CN01-0027,A1,是,R1,covered
01_绪论/整合教材.md:138 / CN01-S02-P015；01_绪论/整合教材.md:144 / CN01-S02-P018；01_绪论/整合教材.md:208 / CN01-S02-P048,蛙卵鲸卵的大尺寸参照,KP-CN01-0139,RB-CN01-0027,A1,是,R1,covered
01_绪论/整合教材.md:138 / CN01-S02-P015；01_绪论/整合教材.md:144 / CN01-S02-P018；01_绪论/整合教材.md:208 / CN01-S02-P048,对数刻度与数量级比较,KP-CN01-0140,RB-CN01-0027,A1,是,R1,covered
01_绪论/整合教材.md:138 / CN01-S02-P015；01_绪论/整合教材.md:144 / CN01-S02-P018；01_绪论/整合教材.md:208 / CN01-S02-P048,代表范围与总体范围不同,KP-CN01-0141,RB-CN01-0027,A1,是,R1,covered
01_绪论/整合教材.md:140 / CN01-S02-P016；01_绪论/整合教材.md:142 / CN01-S02-P017,适宜体积对交换运输信号的意义,KP-CN01-0142,RB-CN01-0028,A1,是,R1,covered
01_绪论/整合教材.md:140 / CN01-S02-P016；01_绪论/整合教材.md:142 / CN01-S02-P017,同类组织尺寸范围,KP-CN01-0143,RB-CN01-0028,A1,是,R1,covered
01_绪论/整合教材.md:140 / CN01-S02-P016；01_绪论/整合教材.md:142 / CN01-S02-P017,核糖体活性与蛋白质积累,KP-CN01-0144,RB-CN01-0028,A1,是,R1,covered
01_绪论/整合教材.md:140 / CN01-S02-P016；01_绪论/整合教材.md:142 / CN01-S02-P017,酵母果蝇核糖体蛋白突变尺寸证据,KP-CN01-0145,RB-CN01-0028,A1,是,R1,covered
01_绪论/整合教材.md:142 / CN01-S02-P017；01_绪论/整合教材.md:147 / CN01-S02-P019,IGF胰岛素与膜受体,KP-CN01-0146,RB-CN01-0029,A1,是,R1,covered
01_绪论/整合教材.md:142 / CN01-S02-P017；01_绪论/整合教材.md:147 / CN01-S02-P019,PI3K作用与磷脂转换,KP-CN01-0147,RB-CN01-0029,A1,是,R1,covered
01_绪论/整合教材.md:142 / CN01-S02-P017；01_绪论/整合教材.md:147 / CN01-S02-P019,Akt活化与下游mTOR,KP-CN01-0148,RB-CN01-0029,A1,是,R1,covered
01_绪论/整合教材.md:142 / CN01-S02-P017；01_绪论/整合教材.md:147 / CN01-S02-P019,图中胞外胞内膜侧定位,KP-CN01-0149,RB-CN01-0029,A1,是,R1,covered
01_绪论/整合教材.md:142 / CN01-S02-P017；01_绪论/整合教材.md:147 / CN01-S02-P019,mTOR教材全称激酶和雷帕霉素命名,KP-CN01-0150,RB-CN01-0029,A2,是,R2,covered
01_绪论/整合教材.md:142 / CN01-S02-P017；01_绪论/整合教材.md:147 / CN01-S02-P019,蛋白质合成与脂类合成的体积效应,KP-CN01-0151,RB-CN01-0029,A2,是,R2,covered
01_绪论/整合教材.md:142 / CN01-S02-P017；01_绪论/整合教材.md:147 / CN01-S02-P019,mTOR失活体积变小,KP-CN01-0152,RB-CN01-0029,A2,是,R2,covered
01_绪论/整合教材.md:142 / CN01-S02-P017；01_绪论/整合教材.md:147 / CN01-S02-P019,下游促进与抑制关系,KP-CN01-0153,RB-CN01-0029,A2,是,R2,covered
01_绪论/整合教材.md:150 / CN01-S02-P020；01_绪论/整合教材.md:335 / CN01-S02-P108,植物分裂期大分子积累,KP-CN01-0154,RB-CN01-0030,A1,是,R1,covered
01_绪论/整合教材.md:150 / CN01-S02-P020；01_绪论/整合教材.md:335 / CN01-S02-P108,分裂后液泡膨胀数倍至数千倍,KP-CN01-0155,RB-CN01-0030,A1,是,R1,covered
01_绪论/整合教材.md:150 / CN01-S02-P020；01_绪论/整合教材.md:335 / CN01-S02-P108,小液泡形成中央大液泡,KP-CN01-0156,RB-CN01-0030,A1,是,R1,covered
01_绪论/整合教材.md:150 / CN01-S02-P020；01_绪论/整合教材.md:335 / CN01-S02-P108,氮含量基本不增加的低成本扩张,KP-CN01-0157,RB-CN01-0030,A1,是,R1,covered
01_绪论/整合教材.md:150 / CN01-S02-P020；01_绪论/整合教材.md:335 / CN01-S02-P108,体积与受光面积,KP-CN01-0158,RB-CN01-0030,A1,是,R1,covered
01_绪论/整合教材.md:335 / CN01-S02-P108,液泡溶质运输维持膨压,KP-CN01-0159,RB-CN01-0030,A2,是,R2,covered
01_绪论/整合教材.md:335 / CN01-S02-P108,膨压维持组织刚性,KP-CN01-0160,RB-CN01-0030,A2,是,R2,covered
01_绪论/整合教材.md:152 / CN01-S02-P021；01_绪论/整合教材.md:428 / CN01-S02-P151,支原体0.1—0.3μm,KP-CN01-0161,RB-CN01-0031,A1,是,R1,covered
01_绪论/整合教材.md:152 / CN01-S02-P021；01_绪论/整合教材.md:428 / CN01-S02-P151,最小细胞的结构功能依据,KP-CN01-0162,RB-CN01-0031,A1,是,R1,covered
01_绪论/整合教材.md:152 / CN01-S02-P021；01_绪论/整合教材.md:428 / CN01-S02-P151,基因删除与约400基因的教材估计,KP-CN01-0163,RB-CN01-0031,A1,是,R1,covered
01_绪论/整合教材.md:152 / CN01-S02-P021；01_绪论/整合教材.md:428 / CN01-S02-P151,最少基因数的条件与版本限定,KP-CN01-0164,RB-CN01-0031,A1,是,R1,covered
01_绪论/整合教材.md:152 / CN01-S02-P021,支原体英文mycoplast及“自由生活”的用语,KP-CN01-0165,,,否,,resolved_duplicate
01_绪论/整合教材.md:152 / CN01-S02-P021,人工合成部分为支原体基因组,KP-CN01-0166,RB-CN01-0032,A1,是,R1,covered
01_绪论/整合教材.md:152 / CN01-S02-P021,其余细胞组分来自现存细胞,KP-CN01-0167,RB-CN01-0032,A1,是,R1,covered
01_绪论/整合教材.md:152 / CN01-S02-P021,人工基因组细胞不等于完全人工细胞,KP-CN01-0168,RB-CN01-0032,A1,是,R1,covered
01_绪论/整合教材.md:158 / CN01-S02-P024；01_绪论/整合教材.md:160 / CN01-S02-P025；01_绪论/整合教材.md:167 / CN01-S02-P028；01_绪论/整合教材.md:426 / CN01-S02-P150,单细胞与多细胞的构成,KP-CN01-0169,RB-CN01-0033,A1,是,R1,covered
01_绪论/整合教材.md:158 / CN01-S02-P024；01_绪论/整合教材.md:160 / CN01-S02-P025；01_绪论/整合教材.md:167 / CN01-S02-P028；01_绪论/整合教材.md:426 / CN01-S02-P150,人体200多种细胞,KP-CN01-0170,RB-CN01-0033,A1,是,R1,covered
01_绪论/整合教材.md:158 / CN01-S02-P024；01_绪论/整合教材.md:160 / CN01-S02-P025；01_绪论/整合教材.md:167 / CN01-S02-P028；01_绪论/整合教材.md:426 / CN01-S02-P150,单细胞多种生理功能,KP-CN01-0171,RB-CN01-0033,A1,是,R1,covered
01_绪论/整合教材.md:158 / CN01-S02-P024；01_绪论/整合教材.md:160 / CN01-S02-P025；01_绪论/整合教材.md:167 / CN01-S02-P028；01_绪论/整合教材.md:426 / CN01-S02-P150,多细胞协作与器官功能,KP-CN01-0172,RB-CN01-0033,A1,是,R1,covered
01_绪论/整合教材.md:171 / CN01-S02-P030；01_绪论/整合教材.md:175 / CN01-S02-P032；01_绪论/整合教材.md:426 / CN01-S02-P150,分裂分化迁移凋亡的发育基础,KP-CN01-0173,RB-CN01-0033,A2,是,R2,covered
01_绪论/整合教材.md:171 / CN01-S02-P030；01_绪论/整合教材.md:175 / CN01-S02-P032；01_绪论/整合教材.md:426 / CN01-S02-P150,生殖细胞作为遗传桥梁,KP-CN01-0174,RB-CN01-0033,A2,是,R2,covered
01_绪论/整合教材.md:171 / CN01-S02-P030；01_绪论/整合教材.md:175 / CN01-S02-P032；01_绪论/整合教材.md:426 / CN01-S02-P150,孢子萌发与配子合子建立下一代,KP-CN01-0175,RB-CN01-0033,A2,是,R2,covered
01_绪论/整合教材.md:156 / CN01-S02-P023；01_绪论/整合教材.md:179 / CN01-S02-P034；01_绪论/整合教材.md:426 / CN01-S02-P150,化学演化与原始细胞,KP-CN01-0176,RB-CN01-0033,A3,是,R3,covered
01_绪论/整合教材.md:156 / CN01-S02-P023；01_绪论/整合教材.md:179 / CN01-S02-P034；01_绪论/整合教材.md:426 / CN01-S02-P150,原始细胞作为本章生命起源标志,KP-CN01-0177,RB-CN01-0033,A3,是,R3,covered
01_绪论/整合教材.md:156 / CN01-S02-P023；01_绪论/整合教材.md:179 / CN01-S02-P034；01_绪论/整合教材.md:426 / CN01-S02-P150,细胞形成后的生物演化,KP-CN01-0178,RB-CN01-0033,A3,是,R3,covered
01_绪论/整合教材.md:160 / CN01-S02-P025,新生儿2×10¹²细胞估计,KP-CN01-0179,RB-CN01-0034,A1,是,R1,covered
01_绪论/整合教材.md:160 / CN01-S02-P025,成人3.7×10¹³细胞估计,KP-CN01-0180,RB-CN01-0034,A1,是,R1,covered
01_绪论/整合教材.md:160 / CN01-S02-P025,细胞类型与数量不同,KP-CN01-0181,RB-CN01-0034,A1,是,R1,covered
01_绪论/整合教材.md:160 / CN01-S02-P025,总量估计的版本属性,KP-CN01-0182,RB-CN01-0034,A1,是,R1,covered
01_绪论/整合教材.md:160 / CN01-S02-P025,脑内10¹¹神经元与“几十倍神经胶质细胞”的估算,KP-CN01-0183,,,否,,unresolved
01_绪论/整合教材.md:162 / CN01-S02-P026,图中神经细胞和血细胞,KP-CN01-0184,RB-CN01-0035,A1,是,R1,covered
01_绪论/整合教材.md:162 / CN01-S02-P026,图中平滑肌和成纤维细胞,KP-CN01-0185,RB-CN01-0035,A1,是,R1,covered
01_绪论/整合教材.md:162 / CN01-S02-P026,图中骨骼肌和脂肪细胞,KP-CN01-0186,RB-CN01-0035,A1,是,R1,covered
01_绪论/整合教材.md:162 / CN01-S02-P026,图中肝脏和胰岛细胞,KP-CN01-0187,RB-CN01-0035,A1,是,R1,covered
01_绪论/整合教材.md:162 / CN01-S02-P026,同一个体细胞结构功能多样性,KP-CN01-0188,RB-CN01-0035,A1,是,R1,covered
01_绪论/整合教材.md:162 / CN01-S02-P026,无统一比例尺不能用排版大小比较真实直径,KP-CN01-0189,RB-CN01-0035,A2,是,R2,covered
01_绪论/整合教材.md:183 / CN01-S02-P036；01_绪论/整合教材.md:187 / CN01-S02-P038,H.Ris60年代原核真核分类,KP-CN01-0190,RB-CN01-0036,A1,是,R1,covered
01_绪论/整合教材.md:183 / CN01-S02-P036；01_绪论/整合教材.md:187 / CN01-S02-P038,真核词源eu与karyon,KP-CN01-0191,RB-CN01-0036,A1,是,R1,covered
01_绪论/整合教材.md:183 / CN01-S02-P036；01_绪论/整合教材.md:187 / CN01-S02-P038,单双细胞分布,KP-CN01-0192,RB-CN01-0036,A1,是,R1,covered
01_绪论/整合教材.md:183 / CN01-S02-P036；01_绪论/整合教材.md:187 / CN01-S02-P038,代谢表达调控信号的分类差异,KP-CN01-0193,RB-CN01-0036,A1,是,R1,covered
01_绪论/整合教材.md:189 / CN01-S02-P039；01_绪论/整合教材.md:191 / CN01-S02-P040；01_绪论/整合教材.md:200 / CN01-S02-P044,基因组证据独立古菌域,KP-CN01-0194,RB-CN01-0036,A2,是,R2,covered
01_绪论/整合教材.md:189 / CN01-S02-P039；01_绪论/整合教材.md:191 / CN01-S02-P040；01_绪论/整合教材.md:200 / CN01-S02-P044,细菌古菌真核三域,KP-CN01-0195,RB-CN01-0036,A2,是,R2,covered
01_绪论/整合教材.md:189 / CN01-S02-P039；01_绪论/整合教材.md:191 / CN01-S02-P040；01_绪论/整合教材.md:200 / CN01-S02-P044,教材的六界对应,KP-CN01-0196,RB-CN01-0036,A2,是,R2,covered
01_绪论/整合教材.md:189 / CN01-S02-P039；01_绪论/整合教材.md:191 / CN01-S02-P040；01_绪论/整合教材.md:200 / CN01-S02-P044,古菌真核较近的本章关系,KP-CN01-0197,RB-CN01-0036,A2,是,R2,covered
01_绪论/整合教材.md:195 / CN01-S02-P042；01_绪论/整合教材.md:204 / CN01-S02-P046；01_绪论/整合教材.md:208 / CN01-S02-P048,原核型30—35亿年起源概括,KP-CN01-0198,RB-CN01-0037,A1,是,R1,covered
01_绪论/整合教材.md:195 / CN01-S02-P042；01_绪论/整合教材.md:204 / CN01-S02-P046；01_绪论/整合教材.md:208 / CN01-S02-P048,原核型0.2—10μm,KP-CN01-0199,RB-CN01-0037,A1,是,R1,covered
01_绪论/整合教材.md:195 / CN01-S02-P042；01_绪论/整合教材.md:204 / CN01-S02-P046；01_绪论/整合教材.md:208 / CN01-S02-P048,六类原核代表,KP-CN01-0200,RB-CN01-0037,A1,是,R1,covered
01_绪论/整合教材.md:195 / CN01-S02-P042；01_绪论/整合教材.md:204 / CN01-S02-P046；01_绪论/整合教材.md:208 / CN01-S02-P048,多数细菌0.5—5.0μm,KP-CN01-0201,RB-CN01-0037,A1,是,R1,covered
01_绪论/整合教材.md:183 / CN01-S02-P036,真核宏观形态不同与基本细胞共性,KP-CN01-0202,RB-CN01-0037,A2,是,R2,covered
01_绪论/整合教材.md:183 / CN01-S02-P036,根本差异应在细胞层次比较,KP-CN01-0203,RB-CN01-0037,A2,是,R2,covered
01_绪论/整合教材.md:202 / CN01-S02-P045,原核生物无法复杂分化、只能有限生态位且物种远少于真核的绝对概括,KP-CN01-0204,,,否,,unresolved
01_绪论/整合教材.md:210 / CN01-S02-P049；01_绪论/整合教材.md:220 / CN01-S02-P054；01_绪论/整合教材.md:222 / CN01-S02-P055,猪丹毒杆菌电镜与模式图区别,KP-CN01-0205,RB-CN01-0038,A1,是,R1,covered
01_绪论/整合教材.md:210 / CN01-S02-P049；01_绪论/整合教材.md:220 / CN01-S02-P054；01_绪论/整合教材.md:222 / CN01-S02-P055,细胞壁质膜核区核糖体鞭毛对应,KP-CN01-0206,RB-CN01-0038,A1,是,R1,covered
01_绪论/整合教材.md:210 / CN01-S02-P049；01_绪论/整合教材.md:220 / CN01-S02-P054；01_绪论/整合教材.md:222 / CN01-S02-P055,拟核无核膜,KP-CN01-0207,RB-CN01-0038,A1,是,R1,covered
01_绪论/整合教材.md:210 / CN01-S02-P049；01_绪论/整合教材.md:220 / CN01-S02-P054；01_绪论/整合教材.md:222 / CN01-S02-P055,拟核不规则及周围胞质,KP-CN01-0208,RB-CN01-0038,A1,是,R1,covered
01_绪论/整合教材.md:210 / CN01-S02-P049,“中膜体”作为细菌正常结构,KP-CN01-0209,,,否,,unresolved
01_绪论/整合教材.md:212 / CN01-S02-P050,所有细菌有肽聚糖及仅由肽聚糖含量判定青霉素敏感性,KP-CN01-0210,,,否,,unresolved
01_绪论/整合教材.md:212 / CN01-S02-P050；01_绪论/整合教材.md:278 / CN01-S02-P080,青霉素抑制肽聚糖合成,KP-CN01-0211,RB-CN01-0039,A1,是,R1,covered
01_绪论/整合教材.md:212 / CN01-S02-P050；01_绪论/整合教材.md:278 / CN01-S02-P080,古菌壁缺胞壁酸肽聚糖,KP-CN01-0212,RB-CN01-0039,A1,是,R1,covered
01_绪论/整合教材.md:212 / CN01-S02-P050；01_绪论/整合教材.md:278 / CN01-S02-P080,缺靶点导致相关抗生素溶菌酶反应不同,KP-CN01-0213,RB-CN01-0039,A1,是,R1,covered
01_绪论/整合教材.md:212 / CN01-S02-P050；01_绪论/整合教材.md:278 / CN01-S02-P080,古菌革兰染色与细菌壁成分不同,KP-CN01-0214,RB-CN01-0039,A1,是,R1,covered
01_绪论/整合教材.md:214 / CN01-S02-P051,细菌质膜选择性交换,KP-CN01-0215,RB-CN01-0040,A1,是,R1,covered
01_绪论/整合教材.md:214 / CN01-S02-P051,膜相关呼吸分泌壁合成,KP-CN01-0216,RB-CN01-0040,A1,是,R1,covered
01_绪论/整合教材.md:214 / CN01-S02-P051,真核细胞器部分功能的类比及限定,KP-CN01-0217,RB-CN01-0040,A1,是,R1,covered
01_绪论/整合教材.md:216 / CN01-S02-P052,细菌鞭毛约20nm,KP-CN01-0218,RB-CN01-0041,A1,是,R1,covered
01_绪论/整合教材.md:216 / CN01-S02-P052,鞭毛蛋白与存在条件,KP-CN01-0219,RB-CN01-0041,A1,是,R1,covered
01_绪论/整合教材.md:216 / CN01-S02-P052,细菌真核鞭毛同名但结构运动不同,KP-CN01-0220,RB-CN01-0041,A1,是,R1,covered
01_绪论/整合教材.md:218 / CN01-S02-P053,细菌核糖体5000—50000个的概括,KP-CN01-0221,RB-CN01-0041,A2,是,R2,covered
01_绪论/整合教材.md:218 / CN01-S02-P053,细菌70S核糖体,KP-CN01-0222,RB-CN01-0041,A2,是,R2,covered
01_绪论/整合教材.md:226 / CN01-S02-P056,拟核蛋白参与DNA包装,KP-CN01-0223,RB-CN01-0042,A1,是,R1,covered
01_绪论/整合教材.md:226 / CN01-S02-P056,不到1μm³核区体积,KP-CN01-0224,RB-CN01-0042,A1,是,R1,covered
01_绪论/整合教材.md:226 / CN01-S02-P056,1200—1400μmDNA长度,KP-CN01-0225,RB-CN01-0042,A1,是,R1,covered
01_绪论/整合教材.md:226 / CN01-S02-P056,2000—5000蛋白编码信息估计,KP-CN01-0226,RB-CN01-0042,A1,是,R1,covered
01_绪论/整合教材.md:226 / CN01-S02-P056,细菌DNA不是完全无蛋白,KP-CN01-0227,RB-CN01-0042,A1,是,R1,covered
01_绪论/整合教材.md:228 / CN01-S02-P057,细菌“没有真正染色体”的术语判断,KP-CN01-0228,,,否,,unresolved
01_绪论/整合教材.md:230 / CN01-S02-P058；01_绪论/整合教材.md:238 / CN01-S02-P062,DNA聚合酶复制叉,KP-CN01-0229,RB-CN01-0043,A1,是,R1,covered
01_绪论/整合教材.md:230 / CN01-S02-P058；01_绪论/整合教材.md:238 / CN01-S02-P062,RNA聚合酶转录mRNA,KP-CN01-0230,RB-CN01-0043,A1,是,R1,covered
01_绪论/整合教材.md:230 / CN01-S02-P058；01_绪论/整合教材.md:238 / CN01-S02-P062,核糖体与新生RNA翻译肽链,KP-CN01-0231,RB-CN01-0043,A1,是,R1,covered
01_绪论/整合教材.md:230 / CN01-S02-P058；01_绪论/整合教材.md:238 / CN01-S02-P062,空间不分隔使转录翻译耦联,KP-CN01-0232,RB-CN01-0043,A1,是,R1,covered
01_绪论/整合教材.md:230 / CN01-S02-P058；01_绪论/整合教材.md:238 / CN01-S02-P062,不同过程可并行,KP-CN01-0233,RB-CN01-0043,A1,是,R1,covered
01_绪论/整合教材.md:230 / CN01-S02-P058,大肠杆菌4.64×10⁶bp,KP-CN01-0234,RB-CN01-0044,A1,是,R1,covered
01_绪论/整合教材.md:230 / CN01-S02-P058,一般单起点的教材概括,KP-CN01-0235,RB-CN01-0044,A1,是,R1,covered
01_绪论/整合教材.md:230 / CN01-S02-P058,典型与全体细菌不能等同,KP-CN01-0236,RB-CN01-0044,A1,是,R1,covered
01_绪论/整合教材.md:230 / CN01-S02-P058,细菌DNA复制必需附着质膜且“不受周期限制”的机制概括,KP-CN01-0237,,,否,,unresolved
01_绪论/整合教材.md:232 / CN01-S02-P059,质粒自主复制的小DNA,KP-CN01-0238,RB-CN01-0045,A1,是,R1,covered
01_绪论/整合教材.md:232 / CN01-S02-P059,质粒赋予新性状,KP-CN01-0239,RB-CN01-0045,A1,是,R1,covered
01_绪论/整合教材.md:232 / CN01-S02-P059,质粒用于重组与转移载体,KP-CN01-0240,RB-CN01-0045,A1,是,R1,covered
01_绪论/整合教材.md:232 / CN01-S02-P059,质粒丢失效应的条件,KP-CN01-0241,RB-CN01-0045,A1,是,R1,covered
01_绪论/整合教材.md:234 / CN01-S02-P060,细菌二分裂,KP-CN01-0242,RB-CN01-0046,A1,是,R1,covered
01_绪论/整合教材.md:234 / CN01-S02-P060,适宜条件20分钟一代40分钟复制,KP-CN01-0243,RB-CN01-0046,A1,是,R1,covered
01_绪论/整合教材.md:234 / CN01-S02-P060,复制轮次重叠,KP-CN01-0244,RB-CN01-0046,A1,是,R1,covered
01_绪论/整合教材.md:234 / CN01-S02-P060,子细胞已有部分复制,KP-CN01-0245,RB-CN01-0046,A1,是,R1,covered
01_绪论/整合教材.md:234 / CN01-S02-P060,复制耗时与分裂间隔不矛盾,KP-CN01-0246,RB-CN01-0046,A1,是,R1,covered
01_绪论/整合教材.md:236 / CN01-S02-P061,FtsZ全称与细菌分裂,KP-CN01-0247,RB-CN01-0047,A1,是,R1,covered
01_绪论/整合教材.md:236 / CN01-S02-P061,FtsZ与管蛋白同源,KP-CN01-0248,RB-CN01-0047,A1,是,R1,covered
01_绪论/整合教材.md:236 / CN01-S02-P061,FtsZ与胞质分裂微丝的功能类比,KP-CN01-0249,RB-CN01-0047,A1,是,R1,covered
01_绪论/整合教材.md:236 / CN01-S02-P061,分子同源与功能类比区别,KP-CN01-0250,RB-CN01-0047,A1,是,R1,covered
01_绪论/整合教材.md:236 / CN01-S02-P061,FtsZ起始DNA分离的精确机制定位,KP-CN01-0251,,,否,,unresolved
01_绪论/整合教材.md:243 / CN01-S02-P064,蓝细菌自养产氧,KP-CN01-0252,RB-CN01-0048,A1,是,R1,covered
01_绪论/整合教材.md:243 / CN01-S02-P064,本章约30亿年出现,KP-CN01-0253,RB-CN01-0048,A1,是,R1,covered
01_绪论/整合教材.md:243 / CN01-S02-P064,释氧改变大气组成,KP-CN01-0254,RB-CN01-0048,A1,是,R1,covered
01_绪论/整合教材.md:243 / CN01-S02-P064,为真核后生生物提供演化条件,KP-CN01-0255,RB-CN01-0048,A1,是,R1,covered
01_绪论/整合教材.md:245 / CN01-S02-P065；01_绪论/整合教材.md:247 / CN01-S02-P066,分布广贫瘠生境和色素多样,KP-CN01-0256,RB-CN01-0048,A2,是,R2,covered
01_绪论/整合教材.md:245 / CN01-S02-P065；01_绪论/整合教材.md:247 / CN01-S02-P066,常1—10μm且部分60μm,KP-CN01-0257,RB-CN01-0048,A2,是,R2,covered
01_绪论/整合教材.md:245 / CN01-S02-P065；01_绪论/整合教材.md:247 / CN01-S02-P066,丝状片状中空球状群体,KP-CN01-0258,RB-CN01-0048,A2,是,R2,covered
01_绪论/整合教材.md:245 / CN01-S02-P065；01_绪论/整合教材.md:247 / CN01-S02-P066,发菜丝状与固沙,KP-CN01-0259,RB-CN01-0048,A2,是,R2,covered
01_绪论/整合教材.md:249 / CN01-S02-P067；01_绪论/整合教材.md:257 / CN01-S02-P071；01_绪论/整合教材.md:263 / CN01-S02-P073,蓝细菌包被和胶质鞘,KP-CN01-0260,RB-CN01-0049,A1,是,R1,covered
01_绪论/整合教材.md:249 / CN01-S02-P067；01_绪论/整合教材.md:257 / CN01-S02-P071；01_绪论/整合教材.md:263 / CN01-S02-P073,类囊体同心膜及光合成分,KP-CN01-0261,RB-CN01-0049,A1,是,R1,covered
01_绪论/整合教材.md:249 / CN01-S02-P067；01_绪论/整合教材.md:257 / CN01-S02-P071；01_绪论/整合教材.md:263 / CN01-S02-P073,藻胆体向叶绿素a传光能,KP-CN01-0262,RB-CN01-0049,A1,是,R1,covered
01_绪论/整合教材.md:249 / CN01-S02-P067；01_绪论/整合教材.md:257 / CN01-S02-P071；01_绪论/整合教材.md:263 / CN01-S02-P073,电镜同心膜片层与模式对应,KP-CN01-0263,RB-CN01-0049,A1,是,R1,covered
01_绪论/整合教材.md:249 / CN01-S02-P067；01_绪论/整合教材.md:251 / CN01-S02-P068,中心质位置与无明确界限,KP-CN01-0264,RB-CN01-0049,A2,是,R2,covered
01_绪论/整合教材.md:249 / CN01-S02-P067；01_绪论/整合教材.md:251 / CN01-S02-P068,蓝细菌DNA多拷贝及个体变化,KP-CN01-0265,RB-CN01-0049,A2,是,R2,covered
01_绪论/整合教材.md:249 / CN01-S02-P067；01_绪论/整合教材.md:251 / CN01-S02-P068,脂滴羧酶体气泡,KP-CN01-0266,RB-CN01-0049,A2,是,R2,covered
01_绪论/整合教材.md:249 / CN01-S02-P067；01_绪论/整合教材.md:251 / CN01-S02-P068,羧酶体固定CO₂与气泡调水中位置,KP-CN01-0267,RB-CN01-0049,A2,是,R2,covered
01_绪论/整合教材.md:249 / CN01-S02-P067,蓝细菌细胞壁内层含纤维素的概括,KP-CN01-0268,,,否,,unresolved
01_绪论/整合教材.md:263 / CN01-S02-P073,图1-6C原始切片比例尺数值,KP-CN01-0269,,,否,,unresolved
01_绪论/整合教材.md:253 / CN01-S02-P069；01_绪论/整合教材.md:255 / CN01-S02-P070,蓝细菌横隔壁与二分,KP-CN01-0270,RB-CN01-0050,A1,是,R1,covered
01_绪论/整合教材.md:253 / CN01-S02-P069；01_绪论/整合教材.md:255 / CN01-S02-P070,公共鞘维持群体,KP-CN01-0271,RB-CN01-0050,A1,是,R1,covered
01_绪论/整合教材.md:253 / CN01-S02-P069；01_绪论/整合教材.md:255 / CN01-S02-P070,氮不足诱导异形胞,KP-CN01-0272,RB-CN01-0050,A1,是,R1,covered
01_绪论/整合教材.md:253 / CN01-S02-P069；01_绪论/整合教材.md:255 / CN01-S02-P070,丝状条件及5%—10%分化,KP-CN01-0273,RB-CN01-0050,A1,是,R1,covered
01_绪论/整合教材.md:255 / CN01-S02-P070；01_绪论/整合教材.md:261 / CN01-S02-P072；01_绪论/整合教材.md:263 / CN01-S02-P073,异形胞固氮酶还原N₂为NH₃,KP-CN01-0274,RB-CN01-0050,A2,是,R2,covered
01_绪论/整合教材.md:255 / CN01-S02-P070；01_绪论/整合教材.md:261 / CN01-S02-P072；01_绪论/整合教材.md:263 / CN01-S02-P073,ATP能量与光系统Ⅰ,KP-CN01-0275,RB-CN01-0050,A2,是,R2,covered
01_绪论/整合教材.md:255 / CN01-S02-P070；01_绪论/整合教材.md:261 / CN01-S02-P072；01_绪论/整合教材.md:263 / CN01-S02-P073,荧光图红营养蓝异形胞,KP-CN01-0276,RB-CN01-0050,A2,是,R2,covered
01_绪论/整合教材.md:255 / CN01-S02-P070；01_绪论/整合教材.md:261 / CN01-S02-P072；01_绪论/整合教材.md:263 / CN01-S02-P073,10μm比例尺与成像色码限定,KP-CN01-0277,RB-CN01-0050,A2,是,R2,covered
01_绪论/整合教材.md:189 / CN01-S02-P039；01_绪论/整合教材.md:268 / CN01-S02-P075,直系同源基因序列比较亲缘,KP-CN01-0278,RB-CN01-0051,A1,是,R1,covered
01_绪论/整合教材.md:189 / CN01-S02-P039；01_绪论/整合教材.md:268 / CN01-S02-P075,形态相似但细菌古菌分子差异,KP-CN01-0279,RB-CN01-0051,A1,是,R1,covered
01_绪论/整合教材.md:189 / CN01-S02-P039；01_绪论/整合教材.md:268 / CN01-S02-P075,表达装置支持独立古菌,KP-CN01-0280,RB-CN01-0051,A1,是,R1,covered
01_绪论/整合教材.md:270 / CN01-S02-P076；01_绪论/整合教材.md:274 / CN01-S02-P078,产甲烷类最早发现,KP-CN01-0281,RB-CN01-0052,A1,是,R1,covered
01_绪论/整合教材.md:270 / CN01-S02-P076；01_绪论/整合教材.md:274 / CN01-S02-P078,盐古菌ThermoplasmaSulfolobus及环境,KP-CN01-0282,RB-CN01-0052,A1,是,R1,covered
01_绪论/整合教材.md:270 / CN01-S02-P076；01_绪论/整合教材.md:274 / CN01-S02-P078,古菌广泛分布,KP-CN01-0283,RB-CN01-0052,A1,是,R1,covered
01_绪论/整合教材.md:270 / CN01-S02-P076；01_绪论/整合教材.md:274 / CN01-S02-P078,0.1—15μm与形态多样,KP-CN01-0284,RB-CN01-0052,A1,是,R1,covered
01_绪论/整合教材.md:270 / CN01-S02-P076；01_绪论/整合教材.md:274 / CN01-S02-P078,古菌分裂或出芽,KP-CN01-0285,RB-CN01-0052,A1,是,R1,covered
01_绪论/整合教材.md:272 / CN01-S02-P077,热泉古菌与早期地球环境的研究联系,KP-CN01-0286,RB-CN01-0052,A2,是,R2,covered
01_绪论/整合教材.md:272 / CN01-S02-P077,起源演化研究动机而非直接证明,KP-CN01-0287,RB-CN01-0052,A2,是,R2,covered
01_绪论/整合教材.md:282 / CN01-S02-P082；01_绪论/整合教材.md:292 / CN01-S02-P087；01_绪论/整合教材.md:296 / CN01-S02-P089,酯键脂肪酸与古菌醚键植烷链,KP-CN01-0288,RB-CN01-0053,A1,是,R1,covered
01_绪论/整合教材.md:282 / CN01-S02-P082；01_绪论/整合教材.md:292 / CN01-S02-P087；01_绪论/整合教材.md:296 / CN01-S02-P089,C₂₀二醚双层及膜蛋白,KP-CN01-0289,RB-CN01-0053,A1,是,R1,covered
01_绪论/整合教材.md:282 / CN01-S02-P082；01_绪论/整合教材.md:292 / CN01-S02-P087；01_绪论/整合教材.md:296 / CN01-S02-P089,C₄₀四醚跨膜单层,KP-CN01-0290,RB-CN01-0053,A1,是,R1,covered
01_绪论/整合教材.md:282 / CN01-S02-P082；01_绪论/整合教材.md:292 / CN01-S02-P087；01_绪论/整合教材.md:296 / CN01-S02-P089,单层膜耐热条件,KP-CN01-0291,RB-CN01-0053,A1,是,R1,covered
01_绪论/整合教材.md:282 / CN01-S02-P082；01_绪论/整合教材.md:296 / CN01-S02-P089,鲨烯四氢鲨烯和非极性脂质,KP-CN01-0292,RB-CN01-0053,A2,是,R2,covered
01_绪论/整合教材.md:282 / CN01-S02-P082；01_绪论/整合教材.md:296 / CN01-S02-P089,古菌单层不普遍,KP-CN01-0293,RB-CN01-0053,A2,是,R2,covered
01_绪论/整合教材.md:282 / CN01-S02-P082；01_绪论/整合教材.md:296 / CN01-S02-P089,原图甘油醚脂与OCR乙醚歧义,KP-CN01-0294,RB-CN01-0053,A2,是,R2,covered
01_绪论/整合教材.md:286 / CN01-S02-P084,环状DNA操纵子多顺反子,KP-CN01-0295,RB-CN01-0054,A1,是,R1,covered
01_绪论/整合教材.md:286 / CN01-S02-P084,多数无而部分有内含子,KP-CN01-0296,RB-CN01-0054,A1,是,R1,covered
01_绪论/整合教材.md:286 / CN01-S02-P084,组蛋白核小体样组织,KP-CN01-0297,RB-CN01-0054,A1,是,R1,covered
01_绪论/整合教材.md:286 / CN01-S02-P084,复杂RNA聚合酶,KP-CN01-0298,RB-CN01-0054,A1,是,R1,covered
01_绪论/整合教材.md:286 / CN01-S02-P084,古菌Met与细菌fMet起始,KP-CN01-0299,RB-CN01-0054,A1,是,R1,covered
01_绪论/整合教材.md:286 / CN01-S02-P084,詹氏甲烷球菌1700多蛋白基因,KP-CN01-0300,RB-CN01-0054,A2,是,R2,covered
01_绪论/整合教材.md:286 / CN01-S02-P084,特定比较近60%特有序列,KP-CN01-0301,RB-CN01-0054,A2,是,R2,covered
01_绪论/整合教材.md:290 / CN01-S02-P086,古菌70S及60种以上蛋白概括,KP-CN01-0302,RB-CN01-0055,A1,是,R1,covered
01_绪论/整合教材.md:290 / CN01-S02-P086,古菌rRNA蛋白接近真核,KP-CN01-0303,RB-CN01-0055,A1,是,R1,covered
01_绪论/整合教材.md:290 / CN01-S02-P086,5S基因演化关系,KP-CN01-0304,RB-CN01-0055,A1,是,R1,covered
01_绪论/整合教材.md:290 / CN01-S02-P086,沉降系数相同不推出抗生素反应相同,KP-CN01-0305,RB-CN01-0055,A1,是,R1,covered
01_绪论/整合教材.md:300 / CN01-S02-P091；01_绪论/整合教材.md:304 / CN01-S02-P093,本版早期真核化石约21亿年,KP-CN01-0306,RB-CN01-0056,A1,是,R1,covered
01_绪论/整合教材.md:300 / CN01-S02-P091；01_绪论/整合教材.md:304 / CN01-S02-P093,真核主要单多细胞类群,KP-CN01-0307,RB-CN01-0056,A1,是,R1,covered
01_绪论/整合教材.md:300 / CN01-S02-P091；01_绪论/整合教材.md:304 / CN01-S02-P093,膜系统脂质蛋白,KP-CN01-0308,RB-CN01-0056,A1,是,R1,covered
01_绪论/整合教材.md:300 / CN01-S02-P091；01_绪论/整合教材.md:304 / CN01-S02-P093,信息系统核酸蛋白,KP-CN01-0309,RB-CN01-0056,A1,是,R1,covered
01_绪论/整合教材.md:300 / CN01-S02-P091；01_绪论/整合教材.md:304 / CN01-S02-P093,骨架系统特异蛋白,KP-CN01-0310,RB-CN01-0056,A1,是,R1,covered
01_绪论/整合教材.md:300 / CN01-S02-P091；01_绪论/整合教材.md:304 / CN01-S02-P093,三体系的程序化与自控协作,KP-CN01-0311,RB-CN01-0056,A1,是,R1,covered
01_绪论/整合教材.md:306 / CN01-S02-P094；01_绪论/整合教材.md:349 / CN01-S02-P115,本章典型膜厚8—10nm,KP-CN01-0312,RB-CN01-0057,A1,是,R1,covered
01_绪论/整合教材.md:306 / CN01-S02-P094；01_绪论/整合教材.md:349 / CN01-S02-P115,质膜运输和信号,KP-CN01-0313,RB-CN01-0057,A1,是,R1,covered
01_绪论/整合教材.md:306 / CN01-S02-P094；01_绪论/整合教材.md:349 / CN01-S02-P115,双层核被膜分隔与表达调控,KP-CN01-0314,RB-CN01-0057,A1,是,R1,covered
01_绪论/整合教材.md:306 / CN01-S02-P094；01_绪论/整合教材.md:349 / CN01-S02-P115,膜提供酶反应表面,KP-CN01-0315,RB-CN01-0057,A1,是,R1,covered
01_绪论/整合教材.md:306 / CN01-S02-P094,线粒体叶绿体能量功能,KP-CN01-0316,RB-CN01-0057,A2,是,R2,covered
01_绪论/整合教材.md:306 / CN01-S02-P094,内质网合成分选,KP-CN01-0317,RB-CN01-0057,A2,是,R2,covered
01_绪论/整合教材.md:306 / CN01-S02-P094,高尔基体加工包装运输,KP-CN01-0318,RB-CN01-0057,A2,是,R2,covered
01_绪论/整合教材.md:306 / CN01-S02-P094,溶酶体胞内降解,KP-CN01-0319,RB-CN01-0057,A2,是,R2,covered
01_绪论/整合教材.md:306 / CN01-S02-P094,“大部分生化反应在膜表面进行”及糖类广泛在ER表面合成,KP-CN01-0320,,,否,,unresolved
01_绪论/整合教材.md:308 / CN01-S02-P095,DNA组蛋白与约10nm核小体,KP-CN01-0321,RB-CN01-0058,A1,是,R1,covered
01_绪论/整合教材.md:308 / CN01-S02-P095,常异染色质及分裂染色体,KP-CN01-0322,RB-CN01-0058,A1,是,R1,covered
01_绪论/整合教材.md:308 / CN01-S02-P095,染色质修饰因子与转录调控,KP-CN01-0323,RB-CN01-0058,A1,是,R1,covered
01_绪论/整合教材.md:308 / CN01-S02-P095,核仁rRNA转录与亚基装配,KP-CN01-0324,RB-CN01-0058,A2,是,R2,covered
01_绪论/整合教材.md:308 / CN01-S02-P095,核糖体rRNA与蛋白组成,KP-CN01-0325,RB-CN01-0058,A2,是,R2,covered
01_绪论/整合教材.md:308 / CN01-S02-P095,mRNA指令和tRNA氨基酸,KP-CN01-0326,RB-CN01-0058,A2,是,R2,covered
01_绪论/整合教材.md:308 / CN01-S02-P095,核糖体合成肽链,KP-CN01-0327,RB-CN01-0058,A2,是,R2,covered
01_绪论/整合教材.md:310 / CN01-S02-P096,微丝5—7nm运动信号,KP-CN01-0328,RB-CN01-0059,A1,是,R1,covered
01_绪论/整合教材.md:310 / CN01-S02-P096,微管24nm运输和纺锤,KP-CN01-0329,RB-CN01-0059,A1,是,R1,covered
01_绪论/整合教材.md:310 / CN01-S02-P096,中间纤维10nm及组织特异支撑,KP-CN01-0330,RB-CN01-0059,A1,是,R1,covered
01_绪论/整合教材.md:312 / CN01-S02-P097；01_绪论/整合教材.md:351 / CN01-S02-P116,核纤层及lamin,KP-CN01-0331,RB-CN01-0059,A2,是,R2,covered
01_绪论/整合教材.md:312 / CN01-S02-P097；01_绪论/整合教材.md:351 / CN01-S02-P116,核基质成分复杂,KP-CN01-0332,RB-CN01-0059,A2,是,R2,covered
01_绪论/整合教材.md:312 / CN01-S02-P097；01_绪论/整合教材.md:351 / CN01-S02-P116,核骨架染色质表达联系,KP-CN01-0333,RB-CN01-0059,A2,是,R2,covered
01_绪论/整合教材.md:312 / CN01-S02-P097；01_绪论/整合教材.md:351 / CN01-S02-P116,核胞质骨架布局协作,KP-CN01-0334,RB-CN01-0059,A2,是,R2,covered
01_绪论/整合教材.md:314 / CN01-S02-P098,膜信息颗粒骨架的纳米尺度,KP-CN01-0335,RB-CN01-0060,A1,是,R1,covered
01_绪论/整合教材.md:314 / CN01-S02-P098,纳米生物学定义,KP-CN01-0336,RB-CN01-0060,A1,是,R1,covered
01_绪论/整合教材.md:314 / CN01-S02-P098,大分子复合物与生命现象联系,KP-CN01-0337,RB-CN01-0060,A1,是,R1,covered
01_绪论/整合教材.md:314 / CN01-S02-P098,所有基本结构大小都在5—20nm的总结,KP-CN01-0338,,,否,,unresolved
01_绪论/整合教材.md:316 / CN01-S02-P099,自组装分子内信息及中间纤维,KP-CN01-0339,RB-CN01-0061,A1,是,R1,covered
01_绪论/整合教材.md:316 / CN01-S02-P099,辅助装配非最终组分及核糖体200多蛋白,KP-CN01-0340,RB-CN01-0061,A1,是,R1,covered
01_绪论/整合教材.md:316 / CN01-S02-P099,直接装配预存结构及膜扩展,KP-CN01-0341,RB-CN01-0061,A1,是,R1,covered
01_绪论/整合教材.md:318 / CN01-S02-P100,复合体替代超大蛋白的合成意义,KP-CN01-0342,RB-CN01-0061,A2,是,R2,covered
01_绪论/整合教材.md:318 / CN01-S02-P100,组装与错误风险,KP-CN01-0343,RB-CN01-0061,A2,是,R2,covered
01_绪论/整合教材.md:318 / CN01-S02-P100,可逆装配去装配的调控意义,KP-CN01-0344,RB-CN01-0061,A2,是,R2,covered
01_绪论/整合教材.md:318 / CN01-S02-P100,细胞分裂中的动态组装,KP-CN01-0345,RB-CN01-0061,A2,是,R2,covered
01_绪论/整合教材.md:322 / CN01-S02-P102；01_绪论/整合教材.md:330 / CN01-S02-P106,图中共享核核孔核仁核糖体,KP-CN01-0346,RB-CN01-0062,A1,是,R1,covered
01_绪论/整合教材.md:322 / CN01-S02-P102；01_绪论/整合教材.md:330 / CN01-S02-P106,共享ER高尔基线粒体过氧化物酶体,KP-CN01-0347,RB-CN01-0062,A1,是,R1,covered
01_绪论/整合教材.md:322 / CN01-S02-P102；01_绪论/整合教材.md:330 / CN01-S02-P106,膜和骨架共享,KP-CN01-0348,RB-CN01-0062,A1,是,R1,covered
01_绪论/整合教材.md:322 / CN01-S02-P102；01_绪论/整合教材.md:330 / CN01-S02-P106,植物壁液泡叶绿体胞间连丝,KP-CN01-0349,RB-CN01-0062,A1,是,R1,covered
01_绪论/整合教材.md:324 / CN01-S02-P103；01_绪论/整合教材.md:326 / CN01-S02-P104；01_绪论/整合教材.md:442 / CN01-S02-P158,植物自养定植的结构联系,KP-CN01-0350,RB-CN01-0062,A2,是,R2,covered
01_绪论/整合教材.md:324 / CN01-S02-P103；01_绪论/整合教材.md:326 / CN01-S02-P104；01_绪论/整合教材.md:442 / CN01-S02-P158,纤维素果胶半纤维素木质素,KP-CN01-0351,RB-CN01-0062,A2,是,R2,covered
01_绪论/整合教材.md:324 / CN01-S02-P103；01_绪论/整合教材.md:326 / CN01-S02-P104；01_绪论/整合教材.md:442 / CN01-S02-P158,胞间连丝联系,KP-CN01-0352,RB-CN01-0062,A2,是,R2,covered
01_绪论/整合教材.md:326 / CN01-S02-P104,植物细胞未发现动物样中间纤维的范围和时效,KP-CN01-0353,,,否,,unresolved
01_绪论/整合教材.md:328 / CN01-S02-P105；01_绪论/整合教材.md:333 / CN01-S02-P107,液泡单层膜,KP-CN01-0354,RB-CN01-0063,A1,是,R1,covered
01_绪论/整合教材.md:328 / CN01-S02-P105；01_绪论/整合教材.md:333 / CN01-S02-P107,液泡的六类内容物,KP-CN01-0355,RB-CN01-0063,A1,是,R1,covered
01_绪论/整合教材.md:328 / CN01-S02-P105；01_绪论/整合教材.md:333 / CN01-S02-P107,中性储存液泡代谢调节,KP-CN01-0356,RB-CN01-0063,A1,是,R1,covered
01_绪论/整合教材.md:328 / CN01-S02-P105；01_绪论/整合教材.md:333 / CN01-S02-P107,酸性水解液泡降解衰老器官,KP-CN01-0357,RB-CN01-0063,A1,是,R1,covered
01_绪论/整合教材.md:328 / CN01-S02-P105；01_绪论/整合教材.md:333 / CN01-S02-P107,植物溶酶体样功能,KP-CN01-0358,RB-CN01-0063,A1,是,R1,covered
01_绪论/整合教材.md:337 / CN01-S02-P109；01_绪论/整合教材.md:339 / CN01-S02-P110,质体双层膜与糖类合成贮存,KP-CN01-0359,RB-CN01-0064,A1,是,R1,covered
01_绪论/整合教材.md:337 / CN01-S02-P109；01_绪论/整合教材.md:339 / CN01-S02-P110,叶绿体是光合质体,KP-CN01-0360,RB-CN01-0064,A1,是,R1,covered
01_绪论/整合教材.md:337 / CN01-S02-P109；01_绪论/整合教材.md:339 / CN01-S02-P110,无色原质体与茎尖分生组织,KP-CN01-0361,RB-CN01-0064,A1,是,R1,covered
01_绪论/整合教材.md:337 / CN01-S02-P109；01_绪论/整合教材.md:339 / CN01-S02-P110,光照叶绿素与叶绿体分化,KP-CN01-0362,RB-CN01-0064,A1,是,R1,covered
01_绪论/整合教材.md:341 / CN01-S02-P111,植物多类生命活动与动物的差别,KP-CN01-0363,RB-CN01-0065,A1,是,R1,covered
01_绪论/整合教材.md:341 / CN01-S02-P111,分裂后扩张与成熟,KP-CN01-0364,RB-CN01-0065,A1,是,R1,covered
01_绪论/整合教材.md:341 / CN01-S02-P111,次生代谢产物及天然产物名称,KP-CN01-0365,RB-CN01-0065,A1,是,R1,covered
01_绪论/整合教材.md:341 / CN01-S02-P111,不直接生长不等于无生存作用,KP-CN01-0366,RB-CN01-0065,A1,是,R1,covered
01_绪论/整合教材.md:341 / CN01-S02-P111,药物调味剂等人类用途,KP-CN01-0367,RB-CN01-0065,A1,是,R1,covered
01_绪论/整合教材.md:349 / CN01-S02-P115；01_绪论/整合教材.md:351 / CN01-S02-P116；01_绪论/整合教材.md:355 / CN01-S02-P118,膜系统与功能区室化,KP-CN01-0368,RB-CN01-0066,A1,是,R1,covered
01_绪论/整合教材.md:349 / CN01-S02-P115；01_绪论/整合教材.md:351 / CN01-S02-P116；01_绪论/整合教材.md:355 / CN01-S02-P118,体积复杂化与骨架布局,KP-CN01-0369,RB-CN01-0066,A1,是,R1,covered
01_绪论/整合教材.md:349 / CN01-S02-P115；01_绪论/整合教材.md:351 / CN01-S02-P116；01_绪论/整合教材.md:355 / CN01-S02-P118,核区室和多层表达控制,KP-CN01-0370,RB-CN01-0066,A1,是,R1,covered
01_绪论/整合教材.md:349 / CN01-S02-P115；01_绪论/整合教材.md:351 / CN01-S02-P116；01_绪论/整合教材.md:355 / CN01-S02-P118,内含子可变剪接与蛋白多样,KP-CN01-0371,RB-CN01-0066,A1,是,R1,covered
01_绪论/整合教材.md:361 / CN01-S02-P121；01_绪论/整合教材.md:236 / CN01-S02-P061,多条DNA复杂染色质与复制分配要求,KP-CN01-0372,RB-CN01-0066,A2,是,R2,covered
01_绪论/整合教材.md:361 / CN01-S02-P121；01_绪论/整合教材.md:236 / CN01-S02-P061,真核周期调控与分裂体系,KP-CN01-0373,RB-CN01-0066,A2,是,R2,covered
01_绪论/整合教材.md:361 / CN01-S02-P121；01_绪论/整合教材.md:236 / CN01-S02-P061,细菌不具有真核有丝分裂装置,KP-CN01-0374,RB-CN01-0066,A2,是,R2,covered
01_绪论/整合教材.md:361 / CN01-S02-P121；01_绪论/整合教材.md:236 / CN01-S02-P061,细菌分裂仍受调控,KP-CN01-0375,RB-CN01-0066,A2,是,R2,covered
01_绪论/整合教材.md:355 / CN01-S02-P118,哺乳动物2.5万—3万蛋白编码基因及10万蛋白种类的旧估计,KP-CN01-0376,,,否,,unresolved
01_绪论/整合教材.md:359 / CN01-S02-P120,三类均有质膜,KP-CN01-0377,RB-CN01-0067,A1,是,R1,covered
01_绪论/整合教材.md:359 / CN01-S02-P120,细菌古菌无典型核膜核仁,KP-CN01-0378,RB-CN01-0067,A1,是,R1,covered
01_绪论/整合教材.md:359 / CN01-S02-P120,真核典型核膜核仁,KP-CN01-0379,RB-CN01-0067,A1,是,R1,covered
01_绪论/整合教材.md:359 / CN01-S02-P120,三类质膜功能分工,KP-CN01-0380,RB-CN01-0067,A1,是,R1,covered
01_绪论/整合教材.md:359 / CN01-S02-P120,真核典型膜性器官,KP-CN01-0381,RB-CN01-0067,A1,是,R1,covered
01_绪论/整合教材.md:359 / CN01-S02-P120,细菌质粒,KP-CN01-0382,RB-CN01-0067,A2,是,R2,covered
01_绪论/整合教材.md:359 / CN01-S02-P120,古菌质粒,KP-CN01-0383,RB-CN01-0067,A2,是,R2,covered
01_绪论/整合教材.md:359 / CN01-S02-P120,真核线粒体DNA,KP-CN01-0384,RB-CN01-0067,A2,是,R2,covered
01_绪论/整合教材.md:359 / CN01-S02-P120,光合细胞叶绿体DNA,KP-CN01-0385,RB-CN01-0067,A2,是,R2,covered
01_绪论/整合教材.md:359 / CN01-S02-P120,核外DNA列的比较语境,KP-CN01-0386,RB-CN01-0067,A2,是,R2,covered
01_绪论/整合教材.md:359 / CN01-S02-P120,细菌70S及50S30S,KP-CN01-0387,RB-CN01-0068,A1,是,R1,covered
01_绪论/整合教材.md:359 / CN01-S02-P120,古菌70S及50S30S,KP-CN01-0388,RB-CN01-0068,A1,是,R1,covered
01_绪论/整合教材.md:359 / CN01-S02-P120,真核胞质80S及60S40S,KP-CN01-0389,RB-CN01-0068,A1,是,R1,covered
01_绪论/整合教材.md:359 / CN01-S02-P120,细菌fMet起始,KP-CN01-0390,RB-CN01-0068,A2,是,R2,covered
01_绪论/整合教材.md:359 / CN01-S02-P120,古菌Met起始,KP-CN01-0391,RB-CN01-0068,A2,是,R2,covered
01_绪论/整合教材.md:359 / CN01-S02-P120,真核胞质Met起始,KP-CN01-0392,RB-CN01-0068,A2,是,R2,covered
01_绪论/整合教材.md:359 / CN01-S02-P120,氯霉素敏感性典型对比及胞质范围,KP-CN01-0393,RB-CN01-0068,A2,是,R2,covered
01_绪论/整合教材.md:359 / CN01-S02-P120；01_绪论/整合教材.md:326 / CN01-S02-P104；01_绪论/整合教材.md:278 / CN01-S02-P080,植物壁纤维素果胶,KP-CN01-0394,RB-CN01-0069,A1,是,R1,covered
01_绪论/整合教材.md:359 / CN01-S02-P120；01_绪论/整合教材.md:326 / CN01-S02-P104；01_绪论/整合教材.md:278 / CN01-S02-P080,真菌壁几丁质,KP-CN01-0395,RB-CN01-0069,A1,是,R1,covered
01_绪论/整合教材.md:359 / CN01-S02-P120；01_绪论/整合教材.md:326 / CN01-S02-P104；01_绪论/整合教材.md:278 / CN01-S02-P080,真核有壁条件,KP-CN01-0396,RB-CN01-0069,A1,是,R1,covered
01_绪论/整合教材.md:359 / CN01-S02-P120；01_绪论/整合教材.md:326 / CN01-S02-P104；01_绪论/整合教材.md:278 / CN01-S02-P080,细菌肽聚糖与古菌壁不同,KP-CN01-0397,RB-CN01-0069,A1,是,R1,covered
01_绪论/整合教材.md:359 / CN01-S02-P120,三类染色体数量、形状及蛋白结合程度的绝对单元格,KP-CN01-0398,,,否,,unresolved
01_绪论/整合教材.md:359 / CN01-S02-P120,细菌古菌“无骨架”的表格单元格,KP-CN01-0399,,,否,,unresolved
01_绪论/整合教材.md:359 / CN01-S02-P120,古菌壁均由蛋白组成及增殖均二分裂的单元格,KP-CN01-0400,,,否,,unresolved
01_绪论/整合教材.md:363 / CN01-S02-P122,原核真核长期共存,KP-CN01-0401,RB-CN01-0070,A1,是,R1,covered
01_绪论/整合教材.md:363 / CN01-S02-P122,病原关系与互利共生,KP-CN01-0402,RB-CN01-0070,A1,是,R1,covered
01_绪论/整合教材.md:363 / CN01-S02-P122,肠道1000多类10万亿的本版概括,KP-CN01-0403,RB-CN01-0070,A1,是,R1,covered
01_绪论/整合教材.md:363 / CN01-S02-P122,正常菌群相对稳定,KP-CN01-0404,RB-CN01-0070,A1,是,R1,covered
01_绪论/整合教材.md:363 / CN01-S02-P122,宿主栖息营养与菌群代谢吸收,KP-CN01-0405,RB-CN01-0070,A1,是,R1,covered
01_绪论/整合教材.md:363 / CN01-S02-P122,菌群免疫发育维持,KP-CN01-0406,RB-CN01-0070,A1,是,R1,covered
01_绪论/整合教材.md:365 / CN01-S02-P123,小鼠回肠分节丝状菌箭头,KP-CN01-0407,RB-CN01-0071,A1,是,R1,covered
01_绪论/整合教材.md:365 / CN01-S02-P123,分节丝状菌与Th17增殖,KP-CN01-0408,RB-CN01-0071,A1,是,R1,covered
01_绪论/整合教材.md:365 / CN01-S02-P123,IL17等细胞因子与抵抗,KP-CN01-0409,RB-CN01-0071,A1,是,R1,covered
01_绪论/整合教材.md:365 / CN01-S02-P123,形态定植观察与功能结论区别,KP-CN01-0410,RB-CN01-0071,A2,是,R2,covered
01_绪论/整合教材.md:365 / CN01-S02-P123,本章不提供完整干预实验细节,KP-CN01-0411,RB-CN01-0071,A2,是,R2,covered
01_绪论/整合教材.md:370 / CN01-S02-P125；01_绪论/整合教材.md:376 / CN01-S02-P128；01_绪论/整合教材.md:438 / CN01-S02-P156,病毒非细胞复合体,KP-CN01-0412,RB-CN01-0072,A1,是,R1,covered
01_绪论/整合教材.md:370 / CN01-S02-P125；01_绪论/整合教材.md:376 / CN01-S02-P128；01_绪论/整合教材.md:438 / CN01-S02-P156,绝大多数20—200nm及电镜,KP-CN01-0413,RB-CN01-0072,A1,是,R1,covered
01_绪论/整合教材.md:370 / CN01-S02-P125；01_绪论/整合教材.md:376 / CN01-S02-P128；01_绪论/整合教材.md:438 / CN01-S02-P156,病毒缺独立核糖体完整代谢,KP-CN01-0414,RB-CN01-0072,A1,是,R1,covered
01_绪论/整合教材.md:378 / CN01-S02-P129；01_绪论/整合教材.md:380 / CN01-S02-P130；01_绪论/整合教材.md:438 / CN01-S02-P156,细胞DNA载体和RNA,KP-CN01-0415,RB-CN01-0072,A2,是,R2,covered
01_绪论/整合教材.md:378 / CN01-S02-P129；01_绪论/整合教材.md:380 / CN01-S02-P130；01_绪论/整合教材.md:438 / CN01-S02-P156,病毒DNA或RNA基因组及通常限定,KP-CN01-0416,RB-CN01-0072,A2,是,R2,covered
01_绪论/整合教材.md:378 / CN01-S02-P129；01_绪论/整合教材.md:380 / CN01-S02-P130；01_绪论/整合教材.md:438 / CN01-S02-P156,病毒复制合成装配,KP-CN01-0417,RB-CN01-0072,A2,是,R2,covered
01_绪论/整合教材.md:378 / CN01-S02-P129；01_绪论/整合教材.md:380 / CN01-S02-P130；01_绪论/整合教材.md:438 / CN01-S02-P156,细胞分裂与病毒装配不同,KP-CN01-0418,RB-CN01-0072,A2,是,R2,covered
01_绪论/整合教材.md:382 / CN01-S02-P131；01_绪论/整合教材.md:438 / CN01-S02-P156,病毒结构原料能量酶的宿主依赖,KP-CN01-0419,RB-CN01-0072,A3,是,R3,covered
01_绪论/整合教材.md:382 / CN01-S02-P131；01_绪论/整合教材.md:438 / CN01-S02-P156,分子水平寄生,KP-CN01-0420,RB-CN01-0072,A3,是,R3,covered
01_绪论/整合教材.md:382 / CN01-S02-P131；01_绪论/整合教材.md:438 / CN01-S02-P156,某些病毒核酸进入细胞可繁殖,KP-CN01-0421,RB-CN01-0072,A3,是,R3,covered
01_绪论/整合教材.md:382 / CN01-S02-P131；01_绪论/整合教材.md:438 / CN01-S02-P156,宿主依赖支持细胞基本单位,KP-CN01-0422,RB-CN01-0072,A3,是,R3,covered
01_绪论/整合教材.md:386 / CN01-S02-P133；01_绪论/整合教材.md:388 / CN01-S02-P134,衣壳蛋白保护核酸,KP-CN01-0423,RB-CN01-0073,A1,是,R1,covered
01_绪论/整合教材.md:386 / CN01-S02-P133；01_绪论/整合教材.md:388 / CN01-S02-P134,核衣壳等于核酸加衣壳,KP-CN01-0424,RB-CN01-0073,A1,是,R1,covered
01_绪论/整合教材.md:386 / CN01-S02-P133；01_绪论/整合教材.md:388 / CN01-S02-P134,某些囊膜脂双层,KP-CN01-0425,RB-CN01-0073,A1,是,R1,covered
01_绪论/整合教材.md:386 / CN01-S02-P133；01_绪论/整合教材.md:388 / CN01-S02-P134,宿主膜脂与病毒编码膜蛋白,KP-CN01-0426,RB-CN01-0073,A1,是,R1,covered
01_绪论/整合教材.md:386 / CN01-S02-P133；01_绪论/整合教材.md:388 / CN01-S02-P134,衣壳囊膜区别,KP-CN01-0427,RB-CN01-0073,A1,是,R1,covered
01_绪论/整合教材.md:388 / CN01-S02-P134,腺病毒DNA衣壳70nm,KP-CN01-0428,RB-CN01-0073,A2,是,R2,covered
01_绪论/整合教材.md:388 / CN01-S02-P134,疱疹病毒囊膜150nm,KP-CN01-0429,RB-CN01-0073,A2,是,R2,covered
01_绪论/整合教材.md:388 / CN01-S02-P134,烟草花叶病毒RNA螺旋18nm直径,KP-CN01-0430,RB-CN01-0073,A2,是,R2,covered
01_绪论/整合教材.md:388 / CN01-S02-P134,三类形态与尺度维度,KP-CN01-0431,RB-CN01-0073,A2,是,R2,covered
01_绪论/整合教材.md:392 / CN01-S02-P135；01_绪论/整合教材.md:394 / CN01-S02-P136,表面病毒蛋白与细胞受体,KP-CN01-0432,RB-CN01-0074,A1,是,R1,covered
01_绪论/整合教材.md:392 / CN01-S02-P135；01_绪论/整合教材.md:394 / CN01-S02-P136,特异受体影响宿主细胞选择,KP-CN01-0433,RB-CN01-0074,A1,是,R1,covered
01_绪论/整合教材.md:392 / CN01-S02-P135；01_绪论/整合教材.md:394 / CN01-S02-P136,识别进入在完整增殖中的位置,KP-CN01-0434,RB-CN01-0074,A1,是,R1,covered
01_绪论/整合教材.md:392 / CN01-S02-P135,删除CCR5并骨髓移植可普遍治愈HIV的表述,KP-CN01-0435,,,否,,unresolved
01_绪论/整合教材.md:394 / CN01-S02-P136；01_绪论/整合教材.md:412 / CN01-S02-P144,辛德毕斯胞吞进入内体,KP-CN01-0436,RB-CN01-0075,A1,是,R1,covered
01_绪论/整合教材.md:394 / CN01-S02-P136；01_绪论/整合教材.md:412 / CN01-S02-P144,脱壳释放RNA,KP-CN01-0437,RB-CN01-0075,A1,是,R1,covered
01_绪论/整合教材.md:394 / CN01-S02-P136；01_绪论/整合教材.md:412 / CN01-S02-P144,胞质翻译复制与核衣壳装配,KP-CN01-0438,RB-CN01-0075,A1,是,R1,covered
01_绪论/整合教材.md:394 / CN01-S02-P136；01_绪论/整合教材.md:412 / CN01-S02-P144,生命周期的病毒类型限定,KP-CN01-0439,RB-CN01-0075,A1,是,R1,covered
01_绪论/整合教材.md:394 / CN01-S02-P136；01_绪论/整合教材.md:412 / CN01-S02-P144,膜蛋白ER高尔基质膜路线,KP-CN01-0440,RB-CN01-0075,A2,是,R2,covered
01_绪论/整合教材.md:394 / CN01-S02-P136；01_绪论/整合教材.md:412 / CN01-S02-P144,核衣壳出芽获得囊膜,KP-CN01-0441,RB-CN01-0075,A2,是,R2,covered
01_绪论/整合教材.md:394 / CN01-S02-P136；01_绪论/整合教材.md:412 / CN01-S02-P144,释放并感染下一细胞,KP-CN01-0442,RB-CN01-0075,A2,是,R2,covered
01_绪论/整合教材.md:394 / CN01-S02-P136；01_绪论/整合教材.md:412 / CN01-S02-P144,电镜出芽与50nm比例尺,KP-CN01-0443,RB-CN01-0075,A2,是,R2,covered
01_绪论/整合教材.md:394 / CN01-S02-P136；01_绪论/整合教材.md:412 / CN01-S02-P144,电镜形态不独立证明全部分子反应,KP-CN01-0444,RB-CN01-0075,A2,是,R2,covered
01_绪论/整合教材.md:394 / CN01-S02-P136,HIV、流感、腺病毒等皆同样胞饮进入并利用宿主“全套”代谢酶的归纳,KP-CN01-0445,,,否,,unresolved
01_绪论/整合教材.md:412 / CN01-S02-P144,辛德毕斯被称为昆虫病毒的完整宿主范围,KP-CN01-0446,,,否,,unresolved
01_绪论/整合教材.md:396 / CN01-S02-P137,多种病毒感染诱导凋亡,KP-CN01-0447,RB-CN01-0076,A1,是,R1,covered
01_绪论/整合教材.md:396 / CN01-S02-P137,某些病毒蛋白抑制凋亡,KP-CN01-0448,RB-CN01-0076,A1,是,R1,covered
01_绪论/整合教材.md:396 / CN01-S02-P137,抑制凋亡有利复制完成,KP-CN01-0449,RB-CN01-0076,A1,是,R1,covered
01_绪论/整合教材.md:398 / CN01-S02-P138,病毒癌基因研究推动原癌基因发现,KP-CN01-0450,RB-CN01-0076,A2,是,R2,covered
01_绪论/整合教材.md:398 / CN01-S02-P138,癌变研究促进增殖调控理解,KP-CN01-0451,RB-CN01-0076,A2,是,R2,covered
01_绪论/整合教材.md:402 / CN01-S02-P140；01_绪论/整合教材.md:404 / CN01-S02-P141；01_绪论/整合教材.md:408 / CN01-S02-P142,病毒先于细胞假说,KP-CN01-0452,RB-CN01-0077,A1,是,R1,covered
01_绪论/整合教材.md:402 / CN01-S02-P140；01_绪论/整合教材.md:404 / CN01-S02-P141；01_绪论/整合教材.md:408 / CN01-S02-P142,病毒细胞分支形成假说,KP-CN01-0453,RB-CN01-0077,A1,是,R1,covered
01_绪论/整合教材.md:402 / CN01-S02-P140；01_绪论/整合教材.md:404 / CN01-S02-P141；01_绪论/整合教材.md:408 / CN01-S02-P142,细胞先于病毒假说,KP-CN01-0454,RB-CN01-0077,A1,是,R1,covered
01_绪论/整合教材.md:402 / CN01-S02-P140；01_绪论/整合教材.md:404 / CN01-S02-P141；01_绪论/整合教材.md:408 / CN01-S02-P142,早期病毒桥梁观点,KP-CN01-0455,RB-CN01-0077,A1,是,R1,covered
01_绪论/整合教材.md:402 / CN01-S02-P140；01_绪论/整合教材.md:404 / CN01-S02-P141；01_绪论/整合教材.md:408 / CN01-S02-P142,寄生性对起源顺序的教材论证,KP-CN01-0456,RB-CN01-0077,A1,是,R1,covered
01_绪论/整合教材.md:408 / CN01-S02-P142,缺少病毒化石,KP-CN01-0457,RB-CN01-0077,A2,是,R2,covered
01_绪论/整合教材.md:408 / CN01-S02-P142,教材倾向不等于起源假说已证实,KP-CN01-0458,RB-CN01-0077,A2,是,R2,covered
01_绪论/整合教材.md:410 / CN01-S02-P143,17世纪细胞及细胞学说,KP-CN01-0459,RB-CN01-0078,A1,是,R1,covered
01_绪论/整合教材.md:410 / CN01-S02-P143,染色体与染色体遗传理论,KP-CN01-0460,RB-CN01-0078,A1,是,R1,covered
01_绪论/整合教材.md:410 / CN01-S02-P143,DNA双螺旋,KP-CN01-0461,RB-CN01-0078,A1,是,R1,covered
01_绪论/整合教材.md:410 / CN01-S02-P143,2003年人类基因组计划,KP-CN01-0462,RB-CN01-0078,A1,是,R1,covered
01_绪论/整合教材.md:410 / CN01-S02-P143,核移植和体外干细胞诱导,KP-CN01-0463,RB-CN01-0078,A1,是,R1,covered
01_绪论/整合教材.md:410 / CN01-S02-P143,个体细胞分子研究层次连接,KP-CN01-0464,RB-CN01-0078,A1,是,R1,covered
01_绪论/整合教材.md:126 / CN01-S02-P009；01_绪论/整合教材.md:230 / CN01-S02-P058；01_绪论/整合教材.md:335 / CN01-S02-P108；01_绪论/整合教材.md:442 / CN01-S02-P158,结构功能原则的膜例子,KP-CN01-0465,RB-CN01-0079,A1,是,R1,covered
01_绪论/整合教材.md:126 / CN01-S02-P009；01_绪论/整合教材.md:230 / CN01-S02-P058；01_绪论/整合教材.md:335 / CN01-S02-P108；01_绪论/整合教材.md:442 / CN01-S02-P158,结构功能原则的液泡例子,KP-CN01-0466,RB-CN01-0079,A1,是,R1,covered
01_绪论/整合教材.md:126 / CN01-S02-P009；01_绪论/整合教材.md:230 / CN01-S02-P058；01_绪论/整合教材.md:335 / CN01-S02-P108；01_绪论/整合教材.md:442 / CN01-S02-P158,结构功能原则的信息耦联例子,KP-CN01-0467,RB-CN01-0079,A1,是,R1,covered
01_绪论/整合教材.md:46 / CN01-S01-P006,知识窗1-1完整数字课程正文,KP-CN01-0470,,,否,,unresolved
01_绪论/整合教材.md:76 / CN01-S01-P020,知识窗1-2完整数字课程正文,KP-CN01-0471,,,否,,unresolved
01_绪论/整合教材.md:152 / CN01-S02-P021,知识窗1-3完整数字课程正文,KP-CN01-0472,,,否,,unresolved
01_绪论/整合教材.md:130 / CN01-S02-P011；01_绪论/整合教材.md:282 / CN01-S02-P082；01_绪论/整合教材.md:349 / CN01-S02-P115；01_绪论/整合教材.md:359 / CN01-S02-P120；01_绪论/整合教材.md:440 / CN01-S02-P157,三类演化比较的共同基础,KP-CN01-0473,RB-CN01-0080,A1,是,R1,covered
01_绪论/整合教材.md:130 / CN01-S02-P011；01_绪论/整合教材.md:282 / CN01-S02-P082；01_绪论/整合教材.md:349 / CN01-S02-P115；01_绪论/整合教材.md:359 / CN01-S02-P120；01_绪论/整合教材.md:440 / CN01-S02-P157,三类膜区室与功能分工,KP-CN01-0474,RB-CN01-0080,A1,是,R1,covered
01_绪论/整合教材.md:130 / CN01-S02-P011；01_绪论/整合教材.md:282 / CN01-S02-P082；01_绪论/整合教材.md:349 / CN01-S02-P115；01_绪论/整合教材.md:359 / CN01-S02-P120；01_绪论/整合教材.md:440 / CN01-S02-P157,古菌膜脂化学差异,KP-CN01-0475,RB-CN01-0080,A1,是,R1,covered
01_绪论/整合教材.md:230 / CN01-S02-P058；01_绪论/整合教材.md:236 / CN01-S02-P061；01_绪论/整合教材.md:286 / CN01-S02-P084；01_绪论/整合教材.md:361 / CN01-S02-P121；01_绪论/整合教材.md:440 / CN01-S02-P157,演化比较的细菌信息耦联,KP-CN01-0476,RB-CN01-0080,A2,是,R2,covered
01_绪论/整合教材.md:230 / CN01-S02-P058；01_绪论/整合教材.md:236 / CN01-S02-P061；01_绪论/整合教材.md:286 / CN01-S02-P084；01_绪论/整合教材.md:361 / CN01-S02-P121；01_绪论/整合教材.md:440 / CN01-S02-P157,古菌细菌式基因组织和真核式表达,KP-CN01-0477,RB-CN01-0080,A2,是,R2,covered
01_绪论/整合教材.md:230 / CN01-S02-P058；01_绪论/整合教材.md:236 / CN01-S02-P061；01_绪论/整合教材.md:286 / CN01-S02-P084；01_绪论/整合教材.md:361 / CN01-S02-P121；01_绪论/整合教材.md:440 / CN01-S02-P157,真核表达与染色质分配的复杂化,KP-CN01-0478,RB-CN01-0080,A2,是,R2,covered
01_绪论/整合教材.md:268 / CN01-S02-P075；01_绪论/整合教材.md:290 / CN01-S02-P086；01_绪论/整合教材.md:440 / CN01-S02-P157,三域关系的分子证据,KP-CN01-0479,RB-CN01-0080,A3,是,R3,covered
01_绪论/整合教材.md:268 / CN01-S02-P075；01_绪论/整合教材.md:290 / CN01-S02-P086；01_绪论/整合教材.md:440 / CN01-S02-P157,共有与分支特征的演化解释,KP-CN01-0480,RB-CN01-0080,A3,是,R3,covered
01_绪论/整合教材.md:473 / EN01-H000-H030-P003；01_绪论/整合教材.md:475 / EN01-H000-H030-P004；01_绪论/整合教材.md:499 / EN01-H000-H030-P016,细胞膜包围的浓缩水溶体系,KP-CN01-0481,RB-CN01-0081,A1,是,R1,covered
01_绪论/整合教材.md:473 / EN01-H000-H030-P003；01_绪论/整合教材.md:475 / EN01-H000-H030-P004；01_绪论/整合教材.md:499 / EN01-H000-H030-P016,物质摄取与自复制,KP-CN01-0482,RB-CN01-0081,A1,是,R1,covered
01_绪论/整合教材.md:473 / EN01-H000-H030-P003；01_绪论/整合教材.md:475 / EN01-H000-H030-P004；01_绪论/整合教材.md:499 / EN01-H000-H030-P016,遗传区分生命与晶体火焰水波,KP-CN01-0483,RB-CN01-0081,A1,是,R1,covered
01_绪论/整合教材.md:477 / EN01-H000-H030-P005；01_绪论/整合教材.md:479 / EN01-H000-H030-P006；01_绪论/整合教材.md:499 / EN01-H000-H030-P016,自由能消耗不是生命充分条件,KP-CN01-0484,RB-CN01-0081,A2,是,R2,covered
01_绪论/整合教材.md:477 / EN01-H000-H030-P005；01_绪论/整合教材.md:479 / EN01-H000-H030-P006；01_绪论/整合教材.md:499 / EN01-H000-H030-P016,能量与遗传信息共同组织生命体系,KP-CN01-0485,RB-CN01-0081,A2,是,R2,covered
01_绪论/整合教材.md:477 / EN01-H000-H030-P005；01_绪论/整合教材.md:479 / EN01-H000-H030-P006；01_绪论/整合教材.md:499 / EN01-H000-H030-P016,多样性与基本机制恒定并存,KP-CN01-0486,RB-CN01-0081,A2,是,R2,covered
01_绪论/整合教材.md:501 / EN01-H000-H030-P017；01_绪论/整合教材.md:507 / EN01-H000-H030-P020；01_绪论/整合教材.md:509 / EN01-H000-H030-P021；01_绪论/整合教材.md:511 / EN01-H000-H030-P022；01_绪论/整合教材.md:513 / EN01-H000-H030-P023；01_绪论/整合教材.md:515 / EN01-H000-H030-P024；01_绪论/整合教材.md:517 / EN01-H000-H030-P025；01_绪论/整合教材.md:525 / EN01-H000-H030-P029,海胆卵到海胆对应,KP-CN01-0487,RB-CN01-0082,A1,是,R1,covered
01_绪论/整合教材.md:501 / EN01-H000-H030-P017；01_绪论/整合教材.md:507 / EN01-H000-H030-P020；01_绪论/整合教材.md:509 / EN01-H000-H030-P021；01_绪论/整合教材.md:511 / EN01-H000-H030-P022；01_绪论/整合教材.md:513 / EN01-H000-H030-P023；01_绪论/整合教材.md:515 / EN01-H000-H030-P024；01_绪论/整合教材.md:517 / EN01-H000-H030-P025；01_绪论/整合教材.md:525 / EN01-H000-H030-P029,小鼠卵到小鼠对应,KP-CN01-0488,RB-CN01-0082,A1,是,R1,covered
01_绪论/整合教材.md:501 / EN01-H000-H030-P017；01_绪论/整合教材.md:507 / EN01-H000-H030-P020；01_绪论/整合教材.md:509 / EN01-H000-H030-P021；01_绪论/整合教材.md:511 / EN01-H000-H030-P022；01_绪论/整合教材.md:513 / EN01-H000-H030-P023；01_绪论/整合教材.md:515 / EN01-H000-H030-P024；01_绪论/整合教材.md:517 / EN01-H000-H030-P025；01_绪论/整合教材.md:525 / EN01-H000-H030-P029,墨角藻卵到墨角藻对应,KP-CN01-0489,RB-CN01-0082,A1,是,R1,covered
01_绪论/整合教材.md:501 / EN01-H000-H030-P017；01_绪论/整合教材.md:507 / EN01-H000-H030-P020；01_绪论/整合教材.md:509 / EN01-H000-H030-P021；01_绪论/整合教材.md:511 / EN01-H000-H030-P022；01_绪论/整合教材.md:513 / EN01-H000-H030-P023；01_绪论/整合教材.md:515 / EN01-H000-H030-P024；01_绪论/整合教材.md:517 / EN01-H000-H030-P025；01_绪论/整合教材.md:525 / EN01-H000-H030-P029,卵形相似不等于遗传指令相同,KP-CN01-0490,RB-CN01-0082,A1,是,R1,covered
01_绪论/整合教材.md:501 / EN01-H000-H030-P017；01_绪论/整合教材.md:507 / EN01-H000-H030-P020；01_绪论/整合教材.md:509 / EN01-H000-H030-P021；01_绪论/整合教材.md:511 / EN01-H000-H030-P022；01_绪论/整合教材.md:513 / EN01-H000-H030-P023；01_绪论/整合教材.md:515 / EN01-H000-H030-P024；01_绪论/整合教材.md:517 / EN01-H000-H030-P025；01_绪论/整合教材.md:525 / EN01-H000-H030-P029,多细胞个体来自单细胞分裂,KP-CN01-0491,RB-CN01-0082,A1,是,R1,covered
01_绪论/整合教材.md:507 / EN01-H000-H030-P020；01_绪论/整合教材.md:509 / EN01-H000-H030-P021；01_绪论/整合教材.md:511 / EN01-H000-H030-P022；01_绪论/整合教材.md:525 / EN01-H000-H030-P029,海胆卵100μm标尺,KP-CN01-0492,RB-CN01-0082,A2,是,R2,covered
01_绪论/整合教材.md:507 / EN01-H000-H030-P020；01_绪论/整合教材.md:509 / EN01-H000-H030-P021；01_绪论/整合教材.md:511 / EN01-H000-H030-P022；01_绪论/整合教材.md:525 / EN01-H000-H030-P029,小鼠卵50μm标尺,KP-CN01-0493,RB-CN01-0082,A2,是,R2,covered
01_绪论/整合教材.md:507 / EN01-H000-H030-P020；01_绪论/整合教材.md:509 / EN01-H000-H030-P021；01_绪论/整合教材.md:511 / EN01-H000-H030-P022；01_绪论/整合教材.md:525 / EN01-H000-H030-P029,墨角藻卵50μm标尺,KP-CN01-0494,RB-CN01-0082,A2,是,R2,covered
01_绪论/整合教材.md:507 / EN01-H000-H030-P020；01_绪论/整合教材.md:509 / EN01-H000-H030-P021；01_绪论/整合教材.md:511 / EN01-H000-H030-P022；01_绪论/整合教材.md:525 / EN01-H000-H030-P029,成年照片尺度不统一,KP-CN01-0495,RB-CN01-0082,A2,是,R2,covered
01_绪论/整合教材.md:505 / EN01-H000-H030-P019；01_绪论/整合教材.md:527 / EN01-H000-H030-P030,基因组全套DNA序列遗传信息,KP-CN01-0496,RB-CN01-0083,A1,是,R1,covered
01_绪论/整合教材.md:505 / EN01-H000-H030-P019；01_绪论/整合教材.md:527 / EN01-H000-H030-P030,DNA长不分支双链及ATCG,KP-CN01-0497,RB-CN01-0083,A1,是,R1,covered
01_绪论/整合教材.md:505 / EN01-H000-H030-P019；01_绪论/整合教材.md:527 / EN01-H000-H030-P030,跨物种读取解释复制及适配条件,KP-CN01-0498,RB-CN01-0083,A1,是,R1,covered
01_绪论/整合教材.md:505 / EN01-H000-H030-P019；01_绪论/整合教材.md:527 / EN01-H000-H030-P030,共同遗传语言支持共同祖先,KP-CN01-0499,RB-CN01-0083,A2,是,R2,covered
01_绪论/整合教材.md:505 / EN01-H000-H030-P019；01_绪论/整合教材.md:527 / EN01-H000-H030-P030,共同祖先35—38亿年估计,KP-CN01-0500,RB-CN01-0083,A2,是,R2,covered
01_绪论/整合教材.md:505 / EN01-H000-H030-P019；01_绪论/整合教材.md:527 / EN01-H000-H030-P030,快速测序与数万完整基因组,KP-CN01-0501,RB-CN01-0083,A2,是,R2,covered
01_绪论/整合教材.md:505 / EN01-H000-H030-P019,教材10⁶bytes文字图片类比,KP-CN01-0502,RB-CN01-0084,A1,是,R1,covered
01_绪论/整合教材.md:505 / EN01-H000-H030-P019,10⁹bytes60分钟视频类比,KP-CN01-0503,RB-CN01-0084,A1,是,R1,covered
01_绪论/整合教材.md:505 / EN01-H000-H030-P019,旧磁盘磁带与25年例子,KP-CN01-0504,RB-CN01-0084,A1,是,R1,covered
01_绪论/整合教材.md:505 / EN01-H000-H030-P019,载体可变和生命DNA保守的对照,KP-CN01-0505,RB-CN01-0084,A1,是,R1,covered
01_绪论/整合教材.md:531 / EN01-H000-H030-P032；01_绪论/整合教材.md:533 / EN01-H000-H030-P033；01_绪论/整合教材.md:535 / EN01-H000-H030-P034,脱氧核苷酸糖磷酸碱基组成,KP-CN01-0506,RB-CN01-0085,A1,是,R1,covered
01_绪论/整合教材.md:531 / EN01-H000-H030-P032；01_绪论/整合教材.md:533 / EN01-H000-H030-P033；01_绪论/整合教材.md:535 / EN01-H000-H030-P034,A腺嘌呤G鸟嘌呤C胞嘧啶T胸腺嘧啶,KP-CN01-0507,RB-CN01-0085,A1,是,R1,covered
01_绪论/整合教材.md:531 / EN01-H000-H030-P032；01_绪论/整合教材.md:533 / EN01-H000-H030-P033；01_绪论/整合教材.md:535 / EN01-H000-H030-P034,图注约35原子的概括,KP-CN01-0508,RB-CN01-0085,A1,是,R1,covered
01_绪论/整合教材.md:531 / EN01-H000-H030-P032；01_绪论/整合教材.md:533 / EN01-H000-H030-P033；01_绪论/整合教材.md:535 / EN01-H000-H030-P034,糖磷酸骨架与碱基伸出,KP-CN01-0509,RB-CN01-0085,A1,是,R1,covered
01_绪论/整合教材.md:531 / EN01-H000-H030-P032；01_绪论/整合教材.md:533 / EN01-H000-H030-P033；01_绪论/整合教材.md:535 / EN01-H000-H030-P034,骨架非对称与方向性,KP-CN01-0510,RB-CN01-0085,A1,是,R1,covered
01_绪论/整合教材.md:531 / EN01-H000-H030-P032；01_绪论/整合教材.md:535 / EN01-H000-H030-P034,模板配对选择新单体,KP-CN01-0511,RB-CN01-0085,A2,是,R2,covered
01_绪论/整合教材.md:531 / EN01-H000-H030-P032；01_绪论/整合教材.md:535 / EN01-H000-H030-P034,ATCG互补关系,KP-CN01-0512,RB-CN01-0085,A2,是,R2,covered
01_绪论/整合教材.md:531 / EN01-H000-H030-P032；01_绪论/整合教材.md:535 / EN01-H000-H030-P034,新旧链反平行及序列示例,KP-CN01-0513,RB-CN01-0085,A2,是,R2,covered
01_绪论/整合教材.md:531 / EN01-H000-H030-P032；01_绪论/整合教材.md:535 / EN01-H000-H030-P034,链内共价与链间氢键,KP-CN01-0514,RB-CN01-0085,A2,是,R2,covered
01_绪论/整合教材.md:531 / EN01-H000-H030-P032；01_绪论/整合教材.md:535 / EN01-H000-H030-P034,双螺旋容纳不同序列,KP-CN01-0515,RB-CN01-0085,A2,是,R2,covered
01_绪论/整合教材.md:537 / EN01-H000-H030-P035；01_绪论/整合教材.md:539 / EN01-H000-H030-P036；01_绪论/整合教材.md:541 / EN01-H000-H030-P037,链间分开不切骨架的键强度原因,KP-CN01-0516,RB-CN01-0086,A1,是,R1,covered
01_绪论/整合教材.md:537 / EN01-H000-H030-P035；01_绪论/整合教材.md:539 / EN01-H000-H030-P036；01_绪论/整合教材.md:541 / EN01-H000-H030-P037,每条旧链分别为模板,KP-CN01-0517,RB-CN01-0086,A1,是,R1,covered
01_绪论/整合教材.md:537 / EN01-H000-H030-P035；01_绪论/整合教材.md:539 / EN01-H000-H030-P036；01_绪论/整合教材.md:541 / EN01-H000-H030-P037,互补聚合产生两份双链,KP-CN01-0518,RB-CN01-0086,A1,是,R1,covered
01_绪论/整合教材.md:537 / EN01-H000-H030-P035；01_绪论/整合教材.md:539 / EN01-H000-H030-P036；01_绪论/整合教材.md:541 / EN01-H000-H030-P037,每份亲代链与新链,KP-CN01-0519,RB-CN01-0086,A1,是,R1,covered
01_绪论/整合教材.md:537 / EN01-H000-H030-P035；01_绪论/整合教材.md:541 / EN01-H000-H030-P037,复制速度启停辅助因子差异,KP-CN01-0520,RB-CN01-0086,A2,是,R2,covered
01_绪论/整合教材.md:537 / EN01-H000-H030-P035；01_绪论/整合教材.md:541 / EN01-H000-H030-P037,模板聚合的普遍基础,KP-CN01-0521,RB-CN01-0086,A2,是,R2,covered
01_绪论/整合教材.md:537 / EN01-H000-H030-P035；01_绪论/整合教材.md:541 / EN01-H000-H030-P037,图色编码旧新链,KP-CN01-0522,RB-CN01-0086,A2,是,R2,covered
01_绪论/整合教材.md:545 / EN01-H000-H030-P039；01_绪论/整合教材.md:551 / EN01-H000-H030-P042；01_绪论/整合教材.md:553 / EN01-H000-H030-P043,DNA复制模板产物,KP-CN01-0523,RB-CN01-0087,A1,是,R1,covered
01_绪论/整合教材.md:545 / EN01-H000-H030-P039；01_绪论/整合教材.md:551 / EN01-H000-H030-P042；01_绪论/整合教材.md:553 / EN01-H000-H030-P043,转录DNA到RNA,KP-CN01-0524,RB-CN01-0087,A1,是,R1,covered
01_绪论/整合教材.md:545 / EN01-H000-H030-P039；01_绪论/整合教材.md:551 / EN01-H000-H030-P042；01_绪论/整合教材.md:553 / EN01-H000-H030-P043,翻译RNA信息到氨基酸蛋白,KP-CN01-0525,RB-CN01-0087,A1,是,R1,covered
01_绪论/整合教材.md:545 / EN01-H000-H030-P039；01_绪论/整合教材.md:551 / EN01-H000-H030-P042；01_绪论/整合教材.md:553 / EN01-H000-H030-P043,核苷酸聚合与翻译化学类别区别,KP-CN01-0526,RB-CN01-0087,A1,是,R1,covered
01_绪论/整合教材.md:547 / EN01-H000-H030-P040,RNA核糖DNA脱氧核糖,KP-CN01-0527,RB-CN01-0088,A1,是,R1,covered
01_绪论/整合教材.md:547 / EN01-H000-H030-P040,RNAU替代DNAT,KP-CN01-0528,RB-CN01-0088,A1,是,R1,covered
01_绪论/整合教材.md:547 / EN01-H000-H030-P040,RNA与DNA模板四组互补,KP-CN01-0529,RB-CN01-0088,A1,是,R1,covered
01_绪论/整合教材.md:547 / EN01-H000-H030-P040,单链RNA保留模板遗传信息,KP-CN01-0530,RB-CN01-0088,A1,是,R1,covered
01_绪论/整合教材.md:549 / EN01-H000-H030-P041；01_绪论/整合教材.md:581 / EN01-H000-H030-P057,同段DNA可重复转录,KP-CN01-0531,RB-CN01-0089,A1,是,R1,covered
01_绪论/整合教材.md:549 / EN01-H000-H030-P041；01_绪论/整合教材.md:581 / EN01-H000-H030-P057,DNA档案与RNA可更新副本,KP-CN01-0532,RB-CN01-0089,A1,是,R1,covered
01_绪论/整合教材.md:549 / EN01-H000-H030-P041；01_绪论/整合教材.md:581 / EN01-H000-H030-P057,mRNA信息中介,KP-CN01-0533,RB-CN01-0089,A1,是,R1,covered
01_绪论/整合教材.md:549 / EN01-H000-H030-P041；01_绪论/整合教材.md:581 / EN01-H000-H030-P057,非翻译RNA直接功能,KP-CN01-0534,RB-CN01-0089,A1,是,R1,covered
01_绪论/整合教材.md:557 / EN01-H000-H030-P045；01_绪论/整合教材.md:559 / EN01-H000-H030-P046；01_绪论/整合教材.md:561 / EN01-H000-H030-P047,蛋白无分支氨基酸聚合链,KP-CN01-0535,RB-CN01-0090,A1,是,R1,covered
01_绪论/整合教材.md:557 / EN01-H000-H030-P045；01_绪论/整合教材.md:559 / EN01-H000-H030-P046；01_绪论/整合教材.md:561 / EN01-H000-H030-P047,经典20种与侧链差异,KP-CN01-0536,RB-CN01-0090,A1,是,R1,covered
01_绪论/整合教材.md:557 / EN01-H000-H030-P045；01_绪论/整合教材.md:559 / EN01-H000-H030-P046；01_绪论/整合教材.md:561 / EN01-H000-H030-P047,序列折叠三维特异功能,KP-CN01-0537,RB-CN01-0090,A1,是,R1,covered
01_绪论/整合教材.md:557 / EN01-H000-H030-P045；01_绪论/整合教材.md:559 / EN01-H000-H030-P046；01_绪论/整合教材.md:561 / EN01-H000-H030-P047,蛋白去水后质量主要部分,KP-CN01-0538,RB-CN01-0090,A1,是,R1,covered
01_绪论/整合教材.md:561 / EN01-H000-H030-P047；01_绪论/整合教材.md:563 / EN01-H000-H030-P048,蛋白结构运动感知功能,KP-CN01-0539,RB-CN01-0090,A2,是,R2,covered
01_绪论/整合教材.md:561 / EN01-H000-H030-P047；01_绪论/整合教材.md:563 / EN01-H000-H030-P048,酶活性位点与特定反应,KP-CN01-0540,RB-CN01-0090,A2,是,R2,covered
01_绪论/整合教材.md:561 / EN01-H000-H030-P047；01_绪论/整合教材.md:563 / EN01-H000-H030-P048,催化剂化学定义与日常含义区别,KP-CN01-0541,RB-CN01-0090,A2,是,R2,covered
01_绪论/整合教材.md:563 / EN01-H000-H030-P048；01_绪论/整合教材.md:569 / EN01-H000-H030-P051；01_绪论/整合教材.md:571 / EN01-H000-H030-P052；01_绪论/整合教材.md:573 / EN01-H000-H030-P053,食物构件能量及废物排出,KP-CN01-0542,RB-CN01-0091,A1,是,R1,covered
01_绪论/整合教材.md:563 / EN01-H000-H030-P048；01_绪论/整合教材.md:569 / EN01-H000-H030-P051；01_绪论/整合教材.md:571 / EN01-H000-H030-P052；01_绪论/整合教材.md:573 / EN01-H000-H030-P053,分裂前复制催化集合,KP-CN01-0543,RB-CN01-0091,A1,是,R1,covered
01_绪论/整合教材.md:563 / EN01-H000-H030-P048；01_绪论/整合教材.md:569 / EN01-H000-H030-P051；01_绪论/整合教材.md:571 / EN01-H000-H030-P052；01_绪论/整合教材.md:573 / EN01-H000-H030-P053,绿色信息箭头,KP-CN01-0544,RB-CN01-0091,A1,是,R1,covered
01_绪论/整合教材.md:563 / EN01-H000-H030-P048；01_绪论/整合教材.md:569 / EN01-H000-H030-P051；01_绪论/整合教材.md:571 / EN01-H000-H030-P052；01_绪论/整合教材.md:573 / EN01-H000-H030-P053,红色催化箭头,KP-CN01-0545,RB-CN01-0091,A1,是,R1,covered
01_绪论/整合教材.md:563 / EN01-H000-H030-P048；01_绪论/整合教材.md:569 / EN01-H000-H030-P051；01_绪论/整合教材.md:571 / EN01-H000-H030-P052；01_绪论/整合教材.md:573 / EN01-H000-H030-P053,信息与催化相互维持自复制,KP-CN01-0546,RB-CN01-0091,A1,是,R1,covered
01_绪论/整合教材.md:569 / EN01-H000-H030-P051,核酶为催化RNA,KP-CN01-0547,RB-CN01-0091,A2,是,R2,covered
01_绪论/整合教材.md:569 / EN01-H000-H030-P051,主要蛋白催化不等于全部,KP-CN01-0548,RB-CN01-0091,A2,是,R2,covered
01_绪论/整合教材.md:575 / EN01-H000-H030-P054；01_绪论/整合教材.md:577 / EN01-H000-H030-P055；10_核糖体/整合教材.md:623 / EN06-H040-H046-P014；10_核糖体/整合教材.md:623 / EN06-H040-H046-P014；10_核糖体/整合教材.md:623 / EN06-H040-H046-P014,三联体密码子,KP-CN01-0549,RB-CN01-0092,A1,是,R1,covered
01_绪论/整合教材.md:575 / EN01-H000-H030-P054；01_绪论/整合教材.md:577 / EN01-H000-H030-P055；10_核糖体/整合教材.md:623 / EN06-H040-H046-P014；10_核糖体/整合教材.md:623 / EN06-H040-H046-P014；10_核糖体/整合教材.md:623 / EN06-H040-H046-P014,四种核苷酸形成64三联体,KP-CN01-0550,RB-CN01-0092,A1,是,R1,covered
01_绪论/整合教材.md:575 / EN01-H000-H030-P054；01_绪论/整合教材.md:577 / EN01-H000-H030-P055；10_核糖体/整合教材.md:623 / EN06-H040-H046-P014；10_核糖体/整合教材.md:623 / EN06-H040-H046-P014；10_核糖体/整合教材.md:623 / EN06-H040-H046-P014,多个密码子同一氨基酸简并,KP-CN01-0551,RB-CN01-0092,A1,是,R1,covered
01_绪论/整合教材.md:575 / EN01-H000-H030-P054；01_绪论/整合教材.md:577 / EN01-H000-H030-P055,tRNA氨基酸与反密码子两端功能,KP-CN01-0552,RB-CN01-0092,A2,是,R2,covered
01_绪论/整合教材.md:575 / EN01-H000-H030-P054；01_绪论/整合教材.md:577 / EN01-H000-H030-P055,识别一个或一组密码子,KP-CN01-0553,RB-CN01-0092,A2,是,R2,covered
01_绪论/整合教材.md:575 / EN01-H000-H030-P054；01_绪论/整合教材.md:577 / EN01-H000-H030-P055,核糖体RNA蛋白与翻译,KP-CN01-0554,RB-CN01-0092,A2,是,R2,covered
01_绪论/整合教材.md:575 / EN01-H000-H030-P054；01_绪论/整合教材.md:577 / EN01-H000-H030-P055,遗传码保守和例外,KP-CN01-0555,RB-CN01-0092,A2,是,R2,covered
01_绪论/整合教材.md:575 / EN01-H000-H030-P054；01_绪论/整合教材.md:577 / EN01-H000-H030-P055,翻译任意性与冻结偶然假说,KP-CN01-0556,RB-CN01-0092,A2,是,R2,covered
01_绪论/整合教材.md:581 / EN01-H000-H030-P057,基因为相应功能产物DNA片段,KP-CN01-0558,RB-CN01-0093,A1,是,R1,covered
01_绪论/整合教材.md:581 / EN01-H000-H030-P057,同基因可有相关替代蛋白形式,KP-CN01-0559,RB-CN01-0093,A1,是,R1,covered
01_绪论/整合教材.md:581 / EN01-H000-H030-P057,催化调控结构RNA基因,KP-CN01-0560,RB-CN01-0093,A1,是,R1,covered
01_绪论/整合教材.md:581 / EN01-H000-H030-P057,特定边界与表达单位,KP-CN01-0561,RB-CN01-0093,A1,是,R1,covered
01_绪论/整合教材.md:581 / EN01-H000-H030-P057,非翻译RNA片段也属基因,KP-CN01-0562,RB-CN01-0093,A1,是,R1,covered
01_绪论/整合教材.md:583 / EN01-H000-H030-P058,按需求调节转录翻译,KP-CN01-0563,RB-CN01-0094,A1,是,R1,covered
01_绪论/整合教材.md:583 / EN01-H000-H030-P058,调控DNA与蛋白结合控制转录,KP-CN01-0564,RB-CN01-0094,A1,是,R1,covered
01_绪论/整合教材.md:583 / EN01-H000-H030-P058,调控DNA组织类群差异,KP-CN01-0565,RB-CN01-0094,A1,是,R1,covered
01_绪论/整合教材.md:583 / EN01-H000-H030-P058,基因组规定产物及时间位置,KP-CN01-0566,RB-CN01-0094,A1,是,R1,covered
01_绪论/整合教材.md:587 / EN01-H000-H030-P060；01_绪论/整合教材.md:589 / EN01-H000-H030-P061；01_绪论/整合教材.md:591 / EN01-H000-H030-P062,细胞远离化学平衡,KP-CN01-0567,RB-CN01-0095,A1,是,R1,covered
01_绪论/整合教材.md:587 / EN01-H000-H030-P060；01_绪论/整合教材.md:589 / EN01-H000-H030-P061；01_绪论/整合教材.md:591 / EN01-H000-H030-P062,自由能原料维持生长复制,KP-CN01-0568,RB-CN01-0095,A1,是,R1,covered
01_绪论/整合教材.md:587 / EN01-H000-H030-P060；01_绪论/整合教材.md:589 / EN01-H000-H030-P061；01_绪论/整合教材.md:591 / EN01-H000-H030-P062,能源缺失趋平衡衰败,KP-CN01-0569,RB-CN01-0095,A1,是,R1,covered
01_绪论/整合教材.md:587 / EN01-H000-H030-P060；01_绪论/整合教材.md:589 / EN01-H000-H030-P061；01_绪论/整合教材.md:591 / EN01-H000-H030-P062,模板排列连接对抗热扰动需能量,KP-CN01-0570,RB-CN01-0095,A1,是,R1,covered
01_绪论/整合教材.md:589 / EN01-H000-H030-P061；01_绪论/整合教材.md:591 / EN01-H000-H030-P062,弹簧陷阱低自由能结合类比,KP-CN01-0571,RB-CN01-0095,A2,是,R2,covered
01_绪论/整合教材.md:589 / EN01-H000-H030-P061；01_绪论/整合教材.md:591 / EN01-H000-H030-P062,释放自由能与散热,KP-CN01-0572,RB-CN01-0095,A2,是,R2,covered
01_绪论/整合教材.md:589 / EN01-H000-H030-P061；01_绪论/整合教材.md:591 / EN01-H000-H030-P062,动物食物与光合阳光来源,KP-CN01-0573,RB-CN01-0095,A2,是,R2,covered
01_绪论/整合教材.md:595 / EN01-H000-H030-P064,共享糖核苷酸氨基酸小分子,KP-CN01-0574,RB-CN01-0096,A1,是,R1,covered
01_绪论/整合教材.md:595 / EN01-H000-H030-P064,ATP核苷酸类别,KP-CN01-0575,RB-CN01-0096,A1,是,R1,covered
01_绪论/整合教材.md:595 / EN01-H000-H030-P064,ATP自由能载体驱动反应,KP-CN01-0576,RB-CN01-0096,A1,是,R1,covered
01_绪论/整合教材.md:597 / EN01-H000-H030-P065,光合植物简单营养形成有机物,KP-CN01-0577,RB-CN01-0096,A2,是,R2,covered
01_绪论/整合教材.md:597 / EN01-H000-H030-P065,动物部分细菌获取预成有机物,KP-CN01-0578,RB-CN01-0096,A2,是,R2,covered
01_绪论/整合教材.md:597 / EN01-H000-H030-P065,共同基础与营养方式差异,KP-CN01-0579,RB-CN01-0096,A2,是,R2,covered
01_绪论/整合教材.md:595 / EN01-H000-H030-P064,ATP被同时称为DNA和RNA直接构件的化学精确性,KP-CN01-0580,,,否,,unresolved
01_绪论/整合教材.md:601 / EN01-H000-H030-P067；01_绪论/整合教材.md:611 / EN01-H000-H030-P072,质膜保留产物浓集营养排废,KP-CN01-0581,RB-CN01-0097,A1,是,R1,covered
01_绪论/整合教材.md:601 / EN01-H000-H030-P067；01_绪论/整合教材.md:611 / EN01-H000-H030-P072,膜维持协调化学系统,KP-CN01-0582,RB-CN01-0097,A1,是,R1,covered
01_绪论/整合教材.md:601 / EN01-H000-H030-P067；01_绪论/整合教材.md:611 / EN01-H000-H030-P072,特异运输蛋白允许原料和废物交换,KP-CN01-0583,RB-CN01-0097,A1,是,R1,covered
01_绪论/整合教材.md:601 / EN01-H000-H030-P067；01_绪论/整合教材.md:611 / EN01-H000-H030-P072,部分运输蛋白远缘保守,KP-CN01-0584,RB-CN01-0097,A1,是,R1,covered
01_绪论/整合教材.md:613 / EN01-H000-H030-P073,运输蛋白选择输入,KP-CN01-0585,RB-CN01-0097,A2,是,R2,covered
01_绪论/整合教材.md:613 / EN01-H000-H030-P073,胞内酶选择反应,KP-CN01-0586,RB-CN01-0097,A2,是,R2,covered
01_绪论/整合教材.md:613 / EN01-H000-H030-P073,DNA表达连接化学形态行为,KP-CN01-0587,RB-CN01-0097,A2,是,R2,covered
01_绪论/整合教材.md:603 / EN01-H000-H030-P068；01_绪论/整合教材.md:605 / EN01-H000-H030-P069；01_绪论/整合教材.md:607 / EN01-H000-H030-P070,两亲性亲水头疏水尾,KP-CN01-0588,RB-CN01-0098,A1,是,R1,covered
01_绪论/整合教材.md:603 / EN01-H000-H030-P068；01_绪论/整合教材.md:605 / EN01-H000-H030-P069；01_绪论/整合教材.md:607 / EN01-H000-H030-P070,油水界面单层朝向,KP-CN01-0589,RB-CN01-0098,A1,是,R1,covered
01_绪论/整合教材.md:603 / EN01-H000-H030-P068；01_绪论/整合教材.md:605 / EN01-H000-H030-P069；01_绪论/整合教材.md:607 / EN01-H000-H030-P070,全水双层内外亲水,KP-CN01-0590,RB-CN01-0098,A1,是,R1,covered
01_绪论/整合教材.md:603 / EN01-H000-H030-P068；01_绪论/整合教材.md:605 / EN01-H000-H030-P069；01_绪论/整合教材.md:607 / EN01-H000-H030-P070,形状条件与闭合囊泡,KP-CN01-0591,RB-CN01-0098,A1,是,R1,covered
01_绪论/整合教材.md:609 / EN01-H000-H030-P071；01_绪论/整合教材.md:282 / CN01-S02-P082,脂质化学性质驱动自组装,KP-CN01-0592,RB-CN01-0098,A2,是,R2,covered
01_绪论/整合教材.md:609 / EN01-H000-H030-P071；01_绪论/整合教材.md:282 / CN01-S02-P082,烃链共同基础与不同膜型,KP-CN01-0593,RB-CN01-0098,A2,是,R2,covered
01_绪论/整合教材.md:617 / EN01-H000-H030-P075,微米尺度随机热碰撞,KP-CN01-0594,RB-CN01-0099,A1,是,R1,covered
01_绪论/整合教材.md:617 / EN01-H000-H030-P075,布朗运动名称及1827年观察,KP-CN01-0595,RB-CN01-0099,A1,是,R1,covered
01_绪论/整合教材.md:617 / EN01-H000-H030-P075,热运动推动扩散和反应碰撞,KP-CN01-0596,RB-CN01-0099,A1,是,R1,covered
01_绪论/整合教材.md:617 / EN01-H000-H030-P075,显微图静态不代表组分静止,KP-CN01-0597,RB-CN01-0099,A1,是,R1,covered
01_绪论/整合教材.md:617 / EN01-H000-H030-P075；01_绪论/整合教材.md:621 / EN01-H000-H030-P077,ATP驱动多类运动运输,KP-CN01-0598,RB-CN01-0099,A2,是,R2,covered
01_绪论/整合教材.md:617 / EN01-H000-H030-P075；01_绪论/整合教材.md:621 / EN01-H000-H030-P077,微米环境黏滞阻力,KP-CN01-0599,RB-CN01-0099,A2,是,R2,covered
01_绪论/整合教材.md:617 / EN01-H000-H030-P075；01_绪论/整合教材.md:621 / EN01-H000-H030-P077,驱动力解除停止定向而继续热扰动,KP-CN01-0600,RB-CN01-0099,A2,是,R2,covered
01_绪论/整合教材.md:619 / EN01-H000-H030-P076；01_绪论/整合教材.md:623 / EN01-H000-H030-P078；01_绪论/整合教材.md:637 / EN01-H000-H030-P085,随机膜波动产生间隙,KP-CN01-0601,RB-CN01-0100,A1,是,R1,covered
01_绪论/整合教材.md:619 / EN01-H000-H030-P076；01_绪论/整合教材.md:623 / EN01-H000-H030-P078；01_绪论/整合教材.md:637 / EN01-H000-H030-P085,肌动蛋白单体聚合填隙,KP-CN01-0602,RB-CN01-0100,A1,是,R1,covered
01_绪论/整合教材.md:619 / EN01-H000-H030-P076；01_绪论/整合教材.md:623 / EN01-H000-H030-P078；01_绪论/整合教材.md:637 / EN01-H000-H030-P085,延长丝阻回退,KP-CN01-0603,RB-CN01-0100,A1,是,R1,covered
01_绪论/整合教材.md:619 / EN01-H000-H030-P076；01_绪论/整合教材.md:623 / EN01-H000-H030-P078；01_绪论/整合教材.md:637 / EN01-H000-H030-P085,布朗棘轮实现净前突,KP-CN01-0604,RB-CN01-0100,A1,是,R1,covered
01_绪论/整合教材.md:619 / EN01-H000-H030-P076；01_绪论/整合教材.md:637 / EN01-H000-H030-P085,前突局部步骤不是直接马达牵拉,KP-CN01-0605,RB-CN01-0100,A2,是,R2,covered
01_绪论/整合教材.md:619 / EN01-H000-H030-P076；01_绪论/整合教材.md:637 / EN01-H000-H030-P085,局部机制与整个爬行任务的范围区别,KP-CN01-0606,RB-CN01-0100,A2,是,R2,covered
01_绪论/整合教材.md:627 / EN01-H000-H030-P080,生殖支原体哺乳动物寄生条件,KP-CN01-0607,RB-CN01-0101,A1,是,R1,covered
01_绪论/整合教材.md:627 / EN01-H000-H030-P080,环境供应预成小分子,KP-CN01-0608,RB-CN01-0101,A1,是,R1,covered
01_绪论/整合教材.md:627 / EN01-H000-H030-P080,仍需合成DNA RNA蛋白,KP-CN01-0609,RB-CN01-0101,A1,是,R1,covered
01_绪论/整合教材.md:627 / EN01-H000-H030-P080,525基因580070bp,KP-CN01-0610,RB-CN01-0101,A1,是,R1,covered
01_绪论/整合教材.md:627 / EN01-H000-H030-P080,约500标题与条件性,KP-CN01-0611,RB-CN01-0101,A1,是,R1,covered
01_绪论/整合教材.md:152 / CN01-S02-P021；01_绪论/整合教材.md:627 / EN01-H000-H030-P080,中文约400删除研究与英文525具体物种不同,KP-CN01-0612,RB-CN01-0101,A2,是,R2,covered
01_绪论/整合教材.md:152 / CN01-S02-P021；01_绪论/整合教材.md:627 / EN01-H000-H030-P080,最少细胞要求依赖研究和环境条件,KP-CN01-0613,RB-CN01-0101,A2,是,R2,covered
01_绪论/整合教材.md:639 / EN01-H000-H030-P086；01_绪论/整合教材.md:641 / EN01-H000-H030-P087；01_绪论/整合教材.md:643 / EN01-H000-H030-P088,生殖支原体电镜截面0.2μm,KP-CN01-0614,RB-CN01-0102,A1,是,R1,covered
01_绪论/整合教材.md:639 / EN01-H000-H030-P086；01_绪论/整合教材.md:641 / EN01-H000-H030-P087；01_绪论/整合教材.md:643 / EN01-H000-H030-P088,电镜电子成像与常规光镜分辨对比,KP-CN01-0615,RB-CN01-0102,A1,是,R1,covered
01_绪论/整合教材.md:639 / EN01-H000-H030-P086；01_绪论/整合教材.md:641 / EN01-H000-H030-P087；01_绪论/整合教材.md:643 / EN01-H000-H030-P088,43非蛋白RNA基因,KP-CN01-0616,RB-CN01-0102,A1,是,R1,covered
01_绪论/整合教材.md:639 / EN01-H000-H030-P086；01_绪论/整合教材.md:641 / EN01-H000-H030-P087；01_绪论/整合教材.md:643 / EN01-H000-H030-P088,482蛋白编码基因,KP-CN01-0617,RB-CN01-0102,A1,是,R1,covered
01_绪论/整合教材.md:639 / EN01-H000-H030-P086；01_绪论/整合教材.md:641 / EN01-H000-H030-P087；01_绪论/整合教材.md:643 / EN01-H000-H030-P088,154信息过程基因,KP-CN01-0618,RB-CN01-0102,A1,是,R1,covered
01_绪论/整合教材.md:639 / EN01-H000-H030-P086；01_绪论/整合教材.md:641 / EN01-H000-H030-P087；01_绪论/整合教材.md:643 / EN01-H000-H030-P088,98膜表面基因,KP-CN01-0619,RB-CN01-0102,A1,是,R1,covered
01_绪论/整合教材.md:639 / EN01-H000-H030-P086；01_绪论/整合教材.md:641 / EN01-H000-H030-P087；01_绪论/整合教材.md:643 / EN01-H000-H030-P088,46运输基因,KP-CN01-0620,RB-CN01-0102,A1,是,R1,covered
01_绪论/整合教材.md:639 / EN01-H000-H030-P086；01_绪论/整合教材.md:641 / EN01-H000-H030-P087；01_绪论/整合教材.md:643 / EN01-H000-H030-P088,71能量小分子代谢基因,KP-CN01-0621,RB-CN01-0102,A1,是,R1,covered
01_绪论/整合教材.md:527 / EN01-H000-H030-P030；01_绪论/整合教材.md:531 / EN01-H000-H030-P032；01_绪论/整合教材.md:627 / EN01-H000-H030-P080,四碱基理想编码2bit,KP-CN01-0622,RB-CN01-0103,A1,是,R1,covered
01_绪论/整合教材.md:527 / EN01-H000-H030-P030；01_绪论/整合教材.md:531 / EN01-H000-H030-P032；01_绪论/整合教材.md:627 / EN01-H000-H030-P080,580070×2再除8的计算,KP-CN01-0623,RB-CN01-0103,A1,是,R1,covered
01_绪论/整合教材.md:527 / EN01-H000-H030-P030；01_绪论/整合教材.md:531 / EN01-H000-H030-P032；01_绪论/整合教材.md:627 / EN01-H000-H030-P080,145018字节近似,KP-CN01-0624,RB-CN01-0103,A1,是,R1,covered
01_绪论/整合教材.md:527 / EN01-H000-H030-P030；01_绪论/整合教材.md:531 / EN01-H000-H030-P032；01_绪论/整合教材.md:627 / EN01-H000-H030-P080,互补链不重复计算,KP-CN01-0625,RB-CN01-0103,A1,是,R1,covered
01_绪论/整合教材.md:505 / EN01-H000-H030-P019；01_绪论/整合教材.md:627 / EN01-H000-H030-P080,理想序列计算不含格式注释等信息,KP-CN01-0626,RB-CN01-0103,A2,是,R2,covered
01_绪论/整合教材.md:505 / EN01-H000-H030-P019；01_绪论/整合教材.md:627 / EN01-H000-H030-P080,基因组信息不等于完整细胞全部状态,KP-CN01-0627,RB-CN01-0103,A2,是,R2,covered
01_绪论/整合教材.md:631 / EN01-H000-H030-P082；01_绪论/整合教材.md:569 / EN01-H000-H030-P051；01_绪论/整合教材.md:601 / EN01-H000-H030-P067；01_绪论/整合教材.md:613 / EN01-H000-H030-P073,膜与营养选择性输入,KP-CN01-0628,RB-CN01-0104,A1,是,R1,covered
01_绪论/整合教材.md:631 / EN01-H000-H030-P082；01_绪论/整合教材.md:569 / EN01-H000-H030-P051；01_绪论/整合教材.md:601 / EN01-H000-H030-P067；01_绪论/整合教材.md:613 / EN01-H000-H030-P073,能量构件与有序合成,KP-CN01-0629,RB-CN01-0104,A1,是,R1,covered
01_绪论/整合教材.md:631 / EN01-H000-H030-P082；01_绪论/整合教材.md:569 / EN01-H000-H030-P051；01_绪论/整合教材.md:601 / EN01-H000-H030-P067；01_绪论/整合教材.md:613 / EN01-H000-H030-P073,DNA复制转录RNA,KP-CN01-0630,RB-CN01-0104,A1,是,R1,covered
01_绪论/整合教材.md:631 / EN01-H000-H030-P082；01_绪论/整合教材.md:569 / EN01-H000-H030-P051；01_绪论/整合教材.md:601 / EN01-H000-H030-P067；01_绪论/整合教材.md:613 / EN01-H000-H030-P073,翻译催化与运输反馈,KP-CN01-0631,RB-CN01-0104,A1,是,R1,covered
01_绪论/整合教材.md:631 / EN01-H000-H030-P082；01_绪论/整合教材.md:569 / EN01-H000-H030-P051；01_绪论/整合教材.md:601 / EN01-H000-H030-P067；01_绪论/整合教材.md:613 / EN01-H000-H030-P073,装置信息共同复制分配,KP-CN01-0632,RB-CN01-0104,A1,是,R1,covered
01_绪论/整合教材.md:479 / EN01-H000-H030-P006；01_绪论/整合教材.md:537 / EN01-H000-H030-P035；01_绪论/整合教材.md:597 / EN01-H000-H030-P065；01_绪论/整合教材.md:631 / EN01-H000-H030-P082,统一化学信息基础与共同祖先,KP-CN01-0633,RB-CN01-0104,A2,是,R2,covered
01_绪论/整合教材.md:479 / EN01-H000-H030-P006；01_绪论/整合教材.md:537 / EN01-H000-H030-P035；01_绪论/整合教材.md:597 / EN01-H000-H030-P065；01_绪论/整合教材.md:631 / EN01-H000-H030-P082,速率调控营养差异与细胞多样性,KP-CN01-0634,RB-CN01-0104,A2,是,R2,covered
01_绪论/整合教材.md:493 / EN01-H000-H030-P013；01_绪论/整合教材.md:495 / EN01-H000-H030-P014,动植物是生命多样性一部分,KP-CN01-0635,RB-CN01-0105,A1,是,R1,covered
01_绪论/整合教材.md:493 / EN01-H000-H030-P013；01_绪论/整合教材.md:495 / EN01-H000-H030-P014,DNA比较量化三域亲缘,KP-CN01-0636,RB-CN01-0105,A1,是,R1,covered
01_绪论/整合教材.md:493 / EN01-H000-H030-P013；01_绪论/整合教材.md:495 / EN01-H000-H030-P014,模式生物研究分子机制,KP-CN01-0637,RB-CN01-0105,A1,是,R1,covered
01_绪论/整合教材.md:493 / EN01-H000-H030-P013；01_绪论/整合教材.md:495 / EN01-H000-H030-P014,病毒实体丰度与细胞生物不同,KP-CN01-0638,RB-CN01-0105,A1,是,R1,covered
01_绪论/整合教材.md:493 / EN01-H000-H030-P013；01_绪论/整合教材.md:495 / EN01-H000-H030-P014,SARSCoV2研究例子,KP-CN01-0639,RB-CN01-0105,A1,是,R1,covered
01_绪论/整合教材.md:647 / EN01-H000-H030-P090,深海热泥南极冰下地下生境,KP-CN01-0640,RB-CN01-0106,A1,是,R1,covered
01_绪论/整合教材.md:647 / EN01-H000-H030-P090,微生物体小难获取难培养,KP-CN01-0641,RB-CN01-0106,A1,是,R1,covered
01_绪论/整合教材.md:647 / EN01-H000-H030-P090,疾病腐木与大型陆生视角偏差,KP-CN01-0642,RB-CN01-0106,A1,是,R1,covered
01_绪论/整合教材.md:647 / EN01-H000-H030-P090,快速测序改变多样性认识,KP-CN01-0643,RB-CN01-0106,A1,是,R1,covered
01_绪论/整合教材.md:635 / EN01-H000-H030-P084；01_绪论/整合教材.md:645 / EN01-H000-H030-P089；01_绪论/整合教材.md:649 / EN01-H000-H030-P091,通用DNA序列支持描述分类亲缘,KP-CN01-0644,RB-CN01-0106,A2,是,R2,covered
01_绪论/整合教材.md:635 / EN01-H000-H030-P084；01_绪论/整合教材.md:645 / EN01-H000-H030-P089；01_绪论/整合教材.md:649 / EN01-H000-H030-P091,生命活动形成富氧大气煤石油,KP-CN01-0645,RB-CN01-0106,A2,是,R2,covered
01_绪论/整合教材.md:635 / EN01-H000-H030-P084；01_绪论/整合教材.md:645 / EN01-H000-H030-P089；01_绪论/整合教材.md:649 / EN01-H000-H030-P091,生物活动与铁矿碳酸盐地质结果,KP-CN01-0646,RB-CN01-0106,A2,是,R2,covered
01_绪论/整合教材.md:635 / EN01-H000-H030-P084；01_绪论/整合教材.md:645 / EN01-H000-H030-P089；01_绪论/整合教材.md:649 / EN01-H000-H030-P091,生命长期塑造环境,KP-CN01-0647,RB-CN01-0106,A2,是,R2,covered
01_绪论/整合教材.md:567 / EN01-H000-H030-P050,英文单元映射待核查,KP-CN01-0648,,,否,,unresolved
10_核糖体/整合教材.md:623 / EN06-H040-H046-P014；10_核糖体/整合教材.md:625 / EN06-H040-H046-P015；10_核糖体/整合教材.md:627 / EN06-H040-H046-P016,图示5′3′mRNA与MetAsnTrp肽,KP-CN01-0649,RB-CN01-0107,A1,是,R1,covered
10_核糖体/整合教材.md:623 / EN06-H040-H046-P014；10_核糖体/整合教材.md:625 / EN06-H040-H046-P015；10_核糖体/整合教材.md:627 / EN06-H040-H046-P016,UAG终止在A位点,KP-CN01-0650,RB-CN01-0107,A1,是,R1,covered
10_核糖体/整合教材.md:623 / EN06-H040-H046-P014；10_核糖体/整合教材.md:625 / EN06-H040-H046-P015；10_核糖体/整合教材.md:627 / EN06-H040-H046-P016,释放因子形状电荷与tRNA类似,KP-CN01-0651,RB-CN01-0107,A1,是,R1,covered
10_核糖体/整合教材.md:623 / EN06-H040-H046-P014；10_核糖体/整合教材.md:625 / EN06-H040-H046-P015；10_核糖体/整合教材.md:627 / EN06-H040-H046-P016,两亚基释放因子与GTP图示,KP-CN01-0652,RB-CN01-0107,A1,是,R1,covered
10_核糖体/整合教材.md:623 / EN06-H040-H046-P014；10_核糖体/整合教材.md:625 / EN06-H040-H046-P015,水参与肽tRNA连接水解,KP-CN01-0653,RB-CN01-0107,A2,是,R2,covered
10_核糖体/整合教材.md:623 / EN06-H040-H046-P014；10_核糖体/整合教材.md:625 / EN06-H040-H046-P015,释放肽链羧基端,KP-CN01-0654,RB-CN01-0107,A2,是,R2,covered
10_核糖体/整合教材.md:623 / EN06-H040-H046-P014；10_核糖体/整合教材.md:625 / EN06-H040-H046-P015,核糖体组分解离与亚基再利用,KP-CN01-0655,RB-CN01-0107,A2,是,R2,covered
01_绪论/整合教材.md:501 / EN01-H000-H030-P017,英文人体细胞大于10¹³的数量级概括,KP-CN01-0656,RB-CN01-0034,A1,是,R1,covered
01_绪论/整合教材.md:533 / EN01-H000-H030-P033；01_绪论/整合教材.md:535 / EN01-H000-H030-P034,图示AT两个氢键,KP-CN01-0657,RB-CN01-0085,A2,是,R2,covered
01_绪论/整合教材.md:533 / EN01-H000-H030-P033；01_绪论/整合教材.md:535 / EN01-H000-H030-P034,图示GC三个氢键,KP-CN01-0658,RB-CN01-0085,A2,是,R2,covered
01_绪论/整合教材.md:577 / EN01-H000-H030-P055；10_核糖体/整合教材.md:623 / EN06-H040-H046-P014,标准UAA终止信号,KP-CN01-0659,RB-CN01-0092,A1,是,R1,covered
01_绪论/整合教材.md:577 / EN01-H000-H030-P055；10_核糖体/整合教材.md:623 / EN06-H040-H046-P014,标准UAG终止信号,KP-CN01-0660,RB-CN01-0092,A1,是,R1,covered
01_绪论/整合教材.md:577 / EN01-H000-H030-P055；10_核糖体/整合教材.md:623 / EN06-H040-H046-P014,标准UGA终止信号,KP-CN01-0661,RB-CN01-0092,A1,是,R1,covered
01_绪论/整合教材.md:577 / EN01-H000-H030-P055；10_核糖体/整合教材.md:623 / EN06-H040-H046-P014,由64减3得到61个标准氨基酸编码三联体,KP-CN01-0662,RB-CN01-0092,A1,是,R1,covered
