图ID	正文图组	对应卡片ID	检索问题	处置依据	读图提示
CNFIG0118	1			图册查阅：未找到直接对应的检索任务、旧模型或非知识图；不自动硬配	
CNFIG0131	2			图册查阅：未找到直接对应的检索任务、旧模型或非知识图；不自动硬配	
CNFIG0045	3	CELL01-046	生物体较大是否必然意味着其同类细胞更大？	逐组查看并对照题目后入卡	
CNFIG0025	4	CELL13-E004	连续刺激细胞分裂而不增加生物合成，细胞群为什么可能越来越小？	逐组查看并对照题目后入卡	
CNFIG0117	5	CELL01-047	多细胞生物的生长发育为何不能只用细胞数量增加解释？	逐组查看并对照题目后入卡	
CNFIG0089	6			图册查阅：未找到直接对应的检索任务、旧模型或非知识图；不自动硬配	教材分类示意采用传统类群框架，不能据此把“原生生物”或六界都当成现代系统发育中的单系群。真核与古菌的关系参看现代系统树 ENFIG0005。
CNFIG0022	7	CELL01-017	识别典型细菌时最关键的结构或生物学特征是什么？	逐组查看并对照题目后入卡	图中“中膜体（mesosome）”沿用旧式示意；这类结构可由化学固定造成，不应作为活细菌普遍存在的独立细胞器。此图只用于细胞壁、质膜、拟核等基本结构辨认。
CNFIG0012	8	CELL01-042	细胞共同遗传信息流程的基本方向是什么？	逐组查看并对照题目后入卡	
CNFIG0011	9	CELL01-019	识别蓝细菌时最关键的结构或生物学特征是什么？	逐组查看并对照题目后入卡	
CNFIG0125	10	CELL01-055	蓝细菌异形胞的主要功能及其与环境的联系是什么？	逐组查看并对照题目后入卡	
CNFIG0056	10	CELL01-055	蓝细菌异形胞的主要功能及其与环境的联系是什么？	逐组查看并对照题目后入卡	
CNFIG0027	11	CELL01-053	古菌膜脂与典型细菌膜脂的关键连接方式有何区别？	逐组查看并对照题目后入卡	
CNFIG0013	12	CELL01-025	识别植物细胞时最关键的结构或生物学特征是什么？	逐组查看并对照题目后入卡	
CNFIG0083	13			图册查阅：未找到直接对应的检索任务、旧模型或非知识图；不自动硬配	
CNFIG0046	14	CELL01-035	识别病毒时最关键的结构或生物学特征是什么？	逐组查看并对照题目后入卡	
CNFIG0086	15	CELL01-058	病毒感染中的吸附和进入为什么与宿主范围有关？	逐组查看并对照题目后入卡	
CNFIG0095	16	CELL02-E012	用 λ＝550 nm、NA＝1.40 估算横向分辨距离 d＝0.61λ/NA，应得到多少？	逐组查看并对照题目后入卡	
CNFIG0044	17	CELL02-001	明场光镜提高图像对比或分辨的主要原理是什么？	逐组查看并对照题目后入卡	
CNFIG0096	18	CELL02-E012	用 λ＝550 nm、NA＝1.40 估算横向分辨距离 d＝0.61λ/NA，应得到多少？	逐组查看并对照题目后入卡	
CNFIG0021	19			图册查阅：未找到直接对应的检索任务、旧模型或非知识图；不自动硬配	
CNFIG0138	20	CELL02-004	相差显微镜提高图像对比或分辨的主要原理是什么？	逐组查看并对照题目后入卡	
CNFIG0107	21	CELL02-005	相差显微镜最适合解决哪类细胞观察问题？	逐组查看并对照题目后入卡	
CNFIG0030	21	CELL02-005	相差显微镜最适合解决哪类细胞观察问题？	逐组查看并对照题目后入卡	
CNFIG0053	22	CELL02-010	荧光显微镜提高图像对比或分辨的主要原理是什么？	逐组查看并对照题目后入卡	
CNFIG0049	22	CELL02-010	荧光显微镜提高图像对比或分辨的主要原理是什么？	逐组查看并对照题目后入卡	
CNFIG0078	23	CELL02-013	共焦显微镜提高图像对比或分辨的主要原理是什么？	逐组查看并对照题目后入卡	
CNFIG0122	24	CELL02-014	共焦显微镜最适合解决哪类细胞观察问题？	逐组查看并对照题目后入卡	
CNFIG0121	24	CELL02-014	共焦显微镜最适合解决哪类细胞观察问题？	逐组查看并对照题目后入卡	
CNFIG0064	25	CELL02-016	TIRF显微镜提高图像对比或分辨的主要原理是什么？	逐组查看并对照题目后入卡	
CNFIG0008	26	CELL02-019	PALM/STORM提高图像对比或分辨的主要原理是什么？	逐组查看并对照题目后入卡	
CNFIG0119	27	CELL02-023	STED显微镜最适合解决哪类细胞观察问题？	逐组查看并对照题目后入卡	
CNFIG0047	27	CELL02-023	STED显微镜最适合解决哪类细胞观察问题？	逐组查看并对照题目后入卡	
CNFIG0052	28	CELL02-026	SIM显微镜最适合解决哪类细胞观察问题？	逐组查看并对照题目后入卡	
CNFIG0073	28	CELL02-026	SIM显微镜最适合解决哪类细胞观察问题？	逐组查看并对照题目后入卡	
CNFIG0114	29	CELL02-028	透射电镜提高图像对比或分辨的主要原理是什么？	逐组查看并对照题目后入卡	
CNFIG0084	30	CELL02-030	透射电镜的图像解释需注意什么主要限制？	逐组查看并对照题目后入卡	
CNFIG0014	31	CELL02-029	透射电镜最适合解决哪类细胞观察问题？	逐组查看并对照题目后入卡	
CNFIG0134	32	CELL02-034	电镜负染色提高图像对比或分辨的主要原理是什么？	逐组查看并对照题目后入卡	
CNFIG0062	33	CELL02-037	冷冻断裂蚀刻提高图像对比或分辨的主要原理是什么？	逐组查看并对照题目后入卡	
CNFIG0007	34	CELL02-043	电子断层成像提高图像对比或分辨的主要原理是什么？	逐组查看并对照题目后入卡	
CNFIG0090	34	CELL02-043	电子断层成像提高图像对比或分辨的主要原理是什么？	逐组查看并对照题目后入卡	
CNFIG0006	35			图册查阅：未找到直接对应的检索任务、旧模型或非知识图；不自动硬配	
CNFIG0100	36	CELL02-031	扫描电镜提高图像对比或分辨的主要原理是什么？	逐组查看并对照题目后入卡	
CNFIG0003	37	CELL02-046	差速离心主要依据什么性质完成分离或检测？	逐组查看并对照题目后入卡	
CNFIG0058	38	CELL02-074	差速离心的线粒体沉淀同时含溶酶体，进一步纯化可用什么方法？	逐组查看并对照题目后入卡	
CNFIG0080	39	CELL02-052	直接免疫荧光主要依据什么性质完成分离或检测？	逐组查看并对照题目后入卡	
CNFIG0063	40	CELL02-056	免疫胶体金电镜主要依据什么性质完成分离或检测？	逐组查看并对照题目后入卡	
CNFIG0130	41	CELL02-058	原位杂交主要依据什么性质完成分离或检测？	逐组查看并对照题目后入卡	
CNFIG0067	42	CELL02-062	流式细胞术主要依据什么性质完成分离或检测？	逐组查看并对照题目后入卡	
CNFIG0136	42	CELL02-062	流式细胞术主要依据什么性质完成分离或检测？	逐组查看并对照题目后入卡	
CNFIG0059	43			图册查阅：未找到直接对应的检索任务、旧模型或非知识图；不自动硬配	
CNFIG0019	43			图册查阅：未找到直接对应的检索任务、旧模型或非知识图；不自动硬配	
CNFIG0092	43			图册查阅：未找到直接对应的检索任务、旧模型或非知识图；不自动硬配	
CNFIG0132	44	CELL02-103	杂交瘤HAT选择中，氨基蝶呤为何使补救合成途径变得关键？	逐组查看并对照题目后入卡	
CNFIG0017	45	CELL02-101	体细胞核移植的基本含义或操作是什么？	逐组查看并对照题目后入卡	
CNFIG0018	46	CELL02-106	FRAP主要测量什么？	逐组查看并对照题目后入卡	
CNFIG0093	47	CELL02-110	酵母双杂交主要测量什么？	逐组查看并对照题目后入卡	
CNFIG0050	48	CELL02-108	FRET主要测量什么？	逐组查看并对照题目后入卡	
CNFIG0005	49	CELL02-114	放射自显影主要测量什么？	逐组查看并对照题目后入卡	
CNFIG0111	50	CELL03-005	单位膜模型关于膜结构的核心主张是什么？	逐组查看并对照题目后入卡	
CNFIG0031	51	CELL03-007	流动镶嵌模型关于膜结构的核心主张是什么？	逐组查看并对照题目后入卡	
CNFIG0075	52	CELL03-011	甘油磷脂的主要结构特征是什么？	逐组查看并对照题目后入卡	
CNFIG0077	52	CELL03-009	脂筏概念关于膜结构的核心主张是什么？	逐组查看并对照题目后入卡	
CNFIG0079	53			图册查阅：未找到直接对应的检索任务、旧模型或非知识图；不自动硬配	
CNFIG0035	54			图册查阅：未找到直接对应的检索任务、旧模型或非知识图；不自动硬配	
CNFIG0065	55			图册查阅：未找到直接对应的检索任务、旧模型或非知识图；不自动硬配	
CNFIG0023	56			图册查阅：未找到直接对应的检索任务、旧模型或非知识图；不自动硬配	
CNFIG0128	57			图册查阅：未找到直接对应的检索任务、旧模型或非知识图；不自动硬配	
CNFIG0099	57			图册查阅：未找到直接对应的检索任务、旧模型或非知识图；不自动硬配	
CNFIG0009	57			图册查阅：未找到直接对应的检索任务、旧模型或非知识图；不自动硬配	
CNFIG0069	58	CELL03-031	脂质体的主要结构特征是什么？	逐组查看并对照题目后入卡	
CNFIG0124	59	CELL03-043	跨膜整合蛋白与膜结合的主要方式是什么？	逐组查看并对照题目后入卡	
CNFIG0129	60	CELL03-045	脂锚定蛋白与膜结合的主要方式是什么？	逐组查看并对照题目后入卡	
CNFIG0070	61	CELL03-043	跨膜整合蛋白与膜结合的主要方式是什么？	逐组查看并对照题目后入卡	
CNFIG0026	62			图册查阅：未找到直接对应的检索任务、旧模型或非知识图；不自动硬配	
CNFIG0001	63			图册查阅：未找到直接对应的检索任务、旧模型或非知识图；不自动硬配	
CNFIG0094	64	CELL02-E016	单颗粒冷冻电镜如何由二维投影得到三维结构？	逐组查看并对照题目后入卡	
CNFIG0126	65	CELL03-060	溶解或重构膜蛋白时，为何要考虑去垢剂的临界胶束浓度？	逐组查看并对照题目后入卡	
CNFIG0110	66	CELL03-086	EF面在膜不对称性中指什么？	逐组查看并对照题目后入卡	
CNFIG0082	67	CELL03-107	糖链朝向内质网腔的膜蛋白运到质膜后，糖链面向哪里？	逐组查看并对照题目后入卡	拓扑守恒指胞质侧和非胞质侧的取向保持；ES/PS 为表面名称，EF/PF 为冷冻断裂面名称。邻近 OCR 图注的 EF/PF 表述不能代替这一术语区别。
CNFIG0097	68	CELL03-092	磷脂分布不对称在膜不对称性中指什么？	逐组查看并对照题目后入卡	
CNFIG0029	69			图册查阅：未找到直接对应的检索任务、旧模型或非知识图；不自动硬配	
CNFIG0033	70	CELL03-108	红细胞形成血影标本后为何仍可研究膜骨架？	逐组查看并对照题目后入卡	
CNFIG0038	70	CELL03-108	红细胞形成血影标本后为何仍可研究膜骨架？	逐组查看并对照题目后入卡	
CNFIG0015	70	CELL03-108	红细胞形成血影标本后为何仍可研究膜骨架？	逐组查看并对照题目后入卡	
CNFIG0105	71			图册查阅：未找到直接对应的检索任务、旧模型或非知识图；不自动硬配	
CNFIG0112	72	CELL04-004	载体介导易化扩散依赖何种运输结构？	逐组查看并对照题目后入卡	
CNFIG0037	73	CELL04-025	电压门控通道的开关主要响应什么？	逐组查看并对照题目后入卡	
CNFIG0123	74	CELL04-003	简单扩散与相似运输方式的关键区别是什么？	逐组查看并对照题目后入卡	
CNFIG0043	75	CELL04-001	简单扩散依赖何种运输结构？	逐组查看并对照题目后入卡	
CNFIG0072	76	CELL04-004	载体介导易化扩散依赖何种运输结构？	逐组查看并对照题目后入卡	
CNFIG0060	77	CELL04-036	水孔蛋白的开放怎样影响离子流？	逐组查看并对照题目后入卡	
CNFIG0088	78	CELL04-010	原发主动运输依赖何种运输结构？	逐组查看并对照题目后入卡	
CNFIG0087	79	CELL04-079	ABC转运蛋白与其他ATP相关运输系统有何关键区别？	逐组查看并对照题目后入卡	
CNFIG0051	80	CELL04-059	Na⁺/K⁺-ATP酶的关键能量偶联方式是什么？	逐组查看并对照题目后入卡	
CNFIG0116	81	CELL04-E012	以小肠上皮吸收葡萄糖为例，论述载体、ATP 驱动泵、膜极性和紧密连接如何协同。（闭卷 8—10 分钟，按 10 分自评）	逐组查看并对照题目后入卡	
CNFIG0133	82	CELL04-062	SERCA的关键能量偶联方式是什么？	逐组查看并对照题目后入卡	
CNFIG0061	83	CELL04-077	ABC转运蛋白的关键能量偶联方式是什么？	逐组查看并对照题目后入卡	
CNFIG0034	83	CELL04-077	ABC转运蛋白的关键能量偶联方式是什么？	逐组查看并对照题目后入卡	
CNFIG0028	84	CELL04-105	动作电位阈值为什么重要？	逐组查看并对照题目后入卡	
CNFIG0076	85	CELL04-107	Na⁺通道失活为什么重要？	逐组查看并对照题目后入卡	
CNFIG0106	85	CELL04-107	Na⁺通道失活为什么重要？	逐组查看并对照题目后入卡	
CNFIG0104	85	CELL04-107	Na⁺通道失活为什么重要？	逐组查看并对照题目后入卡	
CNFIG0102	85	CELL04-107	Na⁺通道失活为什么重要？	逐组查看并对照题目后入卡	
CNFIG0135	86	CELL04-109	不应期为什么重要？	逐组查看并对照题目后入卡	
CNFIG0137	87	CELL04-124	胞饮作用与其他膜运输事件的关键区别是什么？	逐组查看并对照题目后入卡	
CNFIG0039	88	CELL04-121	吞噬作用摄取或释放物质的主要方式是什么？	逐组查看并对照题目后入卡	
CNFIG0042	89	CELL04-127	网格蛋白依赖内吞摄取或释放物质的主要方式是什么？	逐组查看并对照题目后入卡	
CNFIG0041	90	CELL04-141	LDL受体在内吞途径中的主要作用或命运是什么？	逐组查看并对照题目后入卡	
CNFIG0108	91	CELL11-196	ADAM与γ分泌酶在Notch通路中做什么？	逐组查看并对照题目后入卡	
CNFIG0081	92	CELL05-042	粗面内质网的组织方式如何服务于功能？	逐组查看并对照题目后入卡	
CNFIG0032	93	CELL05-033	抑制蛋白酶体后泛素化底物为何可能积累？	逐组查看并对照题目后入卡	
CNFIG0120	94	CELL05-041	粗面内质网的典型结构或位置是什么？	逐组查看并对照题目后入卡	
CNFIG0010	95	CELL05-043	光面内质网的典型结构或位置是什么？	逐组查看并对照题目后入卡	
CNFIG0085	96			图册查阅：未找到直接对应的检索任务、旧模型或非知识图；不自动硬配	
CNFIG0091	97			图册查阅：未找到直接对应的检索任务、旧模型或非知识图；不自动硬配	
CNFIG0101	98	CELL05-151	膜接触位点提供脂质交换，为何不要求两膜融合？	逐组查看并对照题目后入卡	
CNFIG0040	99	CELL05-057	N-连接糖基化在内质网加工中的直接作用是什么？	逐组查看并对照题目后入卡	
CNFIG0048	99	CELL05-057	N-连接糖基化在内质网加工中的直接作用是什么？	逐组查看并对照题目后入卡	
CNFIG0074	100	CELL05-063	寡糖转移酶在内质网加工中的直接作用是什么？	逐组查看并对照题目后入卡	
CNFIG0113	101			图册查阅：未找到直接对应的检索任务、旧模型或非知识图；不自动硬配	这张图使用较宽的内质网应激反应分类。经典 UPR 的三支为 IRE1、PERK、ATF6；SREBP 和图中的 EOR 不能被当成这三支的替代名称。
CNFIG0127	102	CELL05-079	哺乳动物UPR中PERK的关键下游反应是什么？	逐组查看并对照题目后入卡	图中 Hac1 是酵母 Ire1 通路的下游；哺乳动物 IRE1 主要剪接 XBP1 mRNA。PERK–eIF2α–ATF4 与 ATF6 的 Golgi 切割是另外两支，不能把 Hac1 当成哺乳动物 XBP1 的名称。
CNFIG0164	103	CELL05-091	固醇调节中Insig与哪个细胞区室事件相联系？	逐组查看并对照题目后入卡	
CNFIG0257	104	CELL05-097	反面网络TGN在高尔基体中的主要位置或功能是什么？	逐组查看并对照题目后入卡	
CNFIG0167	105	CELL05-094	顺面网络CGN怎样体现高尔基体的极性？	逐组查看并对照题目后入卡	
CNFIG0250	106	CELL05-101	囊泡运输模型在高尔基体中的主要位置或功能是什么？	逐组查看并对照题目后入卡	
CNFIG0268	107	CELL05-097	反面网络TGN在高尔基体中的主要位置或功能是什么？	逐组查看并对照题目后入卡	
CNFIG0201	108			图册查阅：未找到直接对应的检索任务、旧模型或非知识图；不自动硬配	
CNFIG0154	109			图册查阅：未找到直接对应的检索任务、旧模型或非知识图；不自动硬配	
CNFIG0189	110	CELL05-166	如何用生化标志区分大小相近的溶酶体和过氧化物酶体？	逐组查看并对照题目后入卡	
CNFIG0214	111	CELL05-127	自噬溶酶体以什么方式处理胞内材料？	逐组查看并对照题目后入卡	
CNFIG0175	112	CELL05-113	M6P受体在溶酶体途径中起什么作用？	逐组查看并对照题目后入卡	
CNFIG0184	113			图册查阅：未找到直接对应的检索任务、旧模型或非知识图；不自动硬配	
CNFIG0243	114	CELL05-139	过氧化物酶体生物发生在过氧化物酶体中有什么典型作用？	逐组查看并对照题目后入卡	
CNFIG0169	115	CELL06-002	典型ER可切信号肽的典型序列或结构性质是什么？	逐组查看并对照题目后入卡	
CNFIG0251	116	CELL06-025	SRP在ER共翻译导入中直接做什么？	逐组查看并对照题目后入卡	
CNFIG0195	117	CELL06-026	SRP如何与其他步骤衔接？	逐组查看并对照题目后入卡	
CNFIG0223	118	CELL06-043	I型单跨膜分泌途径蛋白的典型N端/C端朝向是什么？	逐组查看并对照题目后入卡	
CNFIG0231	119	CELL05-169	用分泌蛋白的完整旅程组织一个简答提纲。	逐组查看并对照题目后入卡	
CNFIG0153	120	CELL06-055	TOM复合体在细胞器蛋白导入中的主要作用是什么？	逐组查看并对照题目后入卡	
CNFIG0218	121	CELL06-069	TOC/TIC在细胞器蛋白导入中的主要作用是什么？	逐组查看并对照题目后入卡	
CNFIG0155	122	CELL05-169	用分泌蛋白的完整旅程组织一个简答提纲。	逐组查看并对照题目后入卡	
CNFIG0206	123	CELL06-097	网格蛋白包被通常参与什么运输路线？	逐组查看并对照题目后入卡	
CNFIG0238	123	CELL06-108	Sar1在膜泡运输中直接承担什么功能？	逐组查看并对照题目后入卡	
CNFIG0249	124	CELL06-094	COPI包被通常参与什么运输路线？	逐组查看并对照题目后入卡	
CNFIG0215	125	CELL06-099	网格蛋白包被如何协助选择性货物运输？	逐组查看并对照题目后入卡	
CNFIG0151	126	CELL06-126	NSF/α-SNAP在膜泡运输中直接承担什么功能？	逐组查看并对照题目后入卡	
CNFIG0141	127	CELL07-047	融合在线粒体动态中主要做什么？	逐组查看并对照题目后入卡	
CNFIG0190	128			图册查阅：未找到直接对应的检索任务、旧模型或非知识图；不自动硬配	这是旧教材对果蝇 Fzo 融合蛋白的结构模型，不能据此把哺乳动物 Mfn 当成贯穿线粒体内、外两层膜的蛋白。Mfn 参与外膜融合，OPA1 参与内膜融合。该图仅保留在原教材图册。
CNFIG0168	129	CELL07-048	融合异常如何影响线粒体组织？	逐组查看并对照题目后入卡	
CNFIG0210	130	CELL07-045	Drp1在线粒体动态中主要做什么？	逐组查看并对照题目后入卡	
CNFIG0191	131	CELL07-049	分裂在线粒体动态中主要做什么？	逐组查看并对照题目后入卡	
CNFIG0158	132			图册查阅：未找到直接对应的检索任务、旧模型或非知识图；不自动硬配	
CNFIG0245	132	CELL07-001	外膜在线粒体中位于哪里或是什么结构？	逐组查看并对照题目后入卡	
CNFIG0207	133	CELL07-009	嵴在线粒体中位于哪里或是什么结构？	逐组查看并对照题目后入卡	
CNFIG0262	134	CELL07-011	ATP合酶F₀在线粒体中位于哪里或是什么结构？	逐组查看并对照题目后入卡	
CNFIG0193	135	CELL07-053	ATP合酶转子旋转为何能驱动ATP生成？	逐组查看并对照题目后入卡	
CNFIG0241	136	CELL07-037	为什么不能把呼吸链每一步电子传递都等同直接形成一分子ATP？	逐组查看并对照题目后入卡	
CNFIG0246	137	CELL07-E006	图中复合体Ⅱ把电子交给 Q，却为何不能被列为呼吸链的质子泵？	逐组查看并对照题目后入卡	
CNFIG0147	138			图册查阅：未找到直接对应的检索任务、旧模型或非知识图；不自动硬配	
CNFIG0185	139	CELL07-120	叶绿体移动或定位改变为何可同时影响光捕获与保护？	逐组查看并对照题目后入卡	
CNFIG0264	140			图册查阅：未找到直接对应的检索任务、旧模型或非知识图；不自动硬配	
CNFIG0172	141			图册查阅：未找到直接对应的检索任务、旧模型或非知识图；不自动硬配	
CNFIG0211	142			图册查阅：未找到直接对应的检索任务、旧模型或非知识图；不自动硬配	
CNFIG0145	142			图册查阅：未找到直接对应的检索任务、旧模型或非知识图；不自动硬配	
CNFIG0266	142			图册查阅：未找到直接对应的检索任务、旧模型或非知识图；不自动硬配	
CNFIG0219	143			图册查阅：未找到直接对应的检索任务、旧模型或非知识图；不自动硬配	
CNFIG0208	144			图册查阅：未找到直接对应的检索任务、旧模型或非知识图；不自动硬配	
CNFIG0152	144			图册查阅：未找到直接对应的检索任务、旧模型或非知识图；不自动硬配	
CNFIG0220	144			图册查阅：未找到直接对应的检索任务、旧模型或非知识图；不自动硬配	
CNFIG0256	144			图册查阅：未找到直接对应的检索任务、旧模型或非知识图；不自动硬配	
CNFIG0144	145			图册查阅：未找到直接对应的检索任务、旧模型或非知识图；不自动硬配	
CNFIG0254	146	CELL07-075	类囊体膜在叶绿体中的位置或组织是什么？	逐组查看并对照题目后入卡	
CNFIG0166	147	CELL07-081	天线色素在光反应中的主要作用是什么？	逐组查看并对照题目后入卡	
CNFIG0255	148	CELL07-E007	Z 方案为何从光系统Ⅱ到光系统Ⅰ，而不是按罗马数字顺序？	逐组查看并对照题目后入卡	
CNFIG0192	149	CELL07-085	PSII在光反应中的主要作用是什么？	逐组查看并对照题目后入卡	
CNFIG0258	150	CELL07-095	PSI在光反应中的主要作用是什么？	逐组查看并对照题目后入卡	
CNFIG0260	151	CELL07-109	叶绿体ATP合酶催化头朝向哪里，ATP主要释放到哪里？	逐组查看并对照题目后入卡	图中把 ATP 合成标为 3 H⁺ 是教材的简化示意，不是跨物种通用的精确计量。ATP 合酶转子 c 环的亚基数影响 H⁺/ATP；计算整细胞代价时还须另计相应运输成本。这里用于辨认 ATP 合酶朝向和质子回流方向。
CNFIG0235	152	CELL07-E008	Calvin 循环净获得一个三碳磷酸糖，需固定多少 CO₂、消耗多少 ATP 和 NADPH？	逐组查看并对照题目后入卡	
CNFIG0157	153	CELL07-142	叶绿体基因表达为何需与核编码亚基协调？	逐组查看并对照题目后入卡	
CNFIG0222	154	CELL08-095	典型13原纤维微管在微管系统中是什么结构或组分？	逐组查看并对照题目后入卡	
CNFIG0203	154	CELL08-003	F-actin在微丝系统中的主要作用是什么？	逐组查看并对照题目后入卡	
CNFIG0180	155			图册查阅：未找到直接对应的检索任务、旧模型或非知识图；不自动硬配	
CNFIG0196	155			图册查阅：未找到直接对应的检索任务、旧模型或非知识图；不自动硬配	
CNFIG0194	156	CELL08-004	F-actin与相关组分的关键区别是什么？	逐组查看并对照题目后入卡	
CNFIG0270	157	CELL08-037	踏车行为在微丝组织中具体指什么？	逐组查看并对照题目后入卡	
CNFIG0148	158	CELL08-009	profilin在微丝系统中的主要作用是什么？	逐组查看并对照题目后入卡	
CNFIG0209	159	CELL08-005	Arp2/3在微丝系统中的主要作用是什么？	逐组查看并对照题目后入卡	
CNFIG0226	160	CELL08-021	α-actinin在微丝系统中的主要作用是什么？	逐组查看并对照题目后入卡	
CNFIG0229	161	CELL08-019	fimbrin在微丝系统中的主要作用是什么？	逐组查看并对照题目后入卡	
CNFIG0156	161	CELL08-023	filamin在微丝系统中的主要作用是什么？	逐组查看并对照题目后入卡	
CNFIG0182	161	CELL08-047	应力纤维在微丝组织中具体指什么？	逐组查看并对照题目后入卡	
CNFIG0217	162	CELL08-074	细胞前缘聚合为何还需要黏附与后缘脱离才能迁移？	逐组查看并对照题目后入卡	
CNFIG0160	163	CELL08-079	细胞松弛素作用微丝后，微绒毛和分裂沟可能怎样受影响？	逐组查看并对照题目后入卡	
CNFIG0165	164	CELL08-078	收缩环为何主要依赖微丝和肌球蛋白II？	逐组查看并对照题目后入卡	
CNFIG0146	164	CELL08-078	收缩环为何主要依赖微丝和肌球蛋白II？	逐组查看并对照题目后入卡	
CNFIG0233	165	CELL08-028	肌球蛋白II与相关组分的关键区别是什么？	逐组查看并对照题目后入卡	
CNFIG0228	166			图册查阅：未找到直接对应的检索任务、旧模型或非知识图；不自动硬配	
CNFIG0142	167	CELL08-088	体外滑动实验微丝移动方向与固定肌球蛋白行走方向为何要区分？	逐组查看并对照题目后入卡	
CNFIG0162	168	CELL08-049	肌节在骨骼肌收缩装置中的主要位置或作用是什么？	逐组查看并对照题目后入卡	
CNFIG0247	168	CELL08-049	肌节在骨骼肌收缩装置中的主要位置或作用是什么？	逐组查看并对照题目后入卡	
CNFIG0177	168	CELL08-049	肌节在骨骼肌收缩装置中的主要位置或作用是什么？	逐组查看并对照题目后入卡	
CNFIG0143	168	CELL08-053	粗肌丝在骨骼肌收缩装置中的主要位置或作用是什么？	逐组查看并对照题目后入卡	
CNFIG0242	168	CELL08-055	细肌丝在骨骼肌收缩装置中的主要位置或作用是什么？	逐组查看并对照题目后入卡	
CNFIG0244	168	CELL08-053	粗肌丝在骨骼肌收缩装置中的主要位置或作用是什么？	逐组查看并对照题目后入卡	
CNFIG0159	169	CELL08-053	粗肌丝在骨骼肌收缩装置中的主要位置或作用是什么？	逐组查看并对照题目后入卡	
CNFIG0202	170	CELL08-053	粗肌丝在骨骼肌收缩装置中的主要位置或作用是什么？	逐组查看并对照题目后入卡	
CNFIG0230	171	CELL08-066	原肌球蛋白怎样帮助理解滑行机制？	逐组查看并对照题目后入卡	
CNFIG0213	172	CELL08-084	肌球蛋白循环中ADP释放后、无新ATP时，为何结合较紧？	逐组查看并对照题目后入卡	
CNFIG0150	173	CELL08-091	α/β微管蛋白二聚体在微管系统中是什么结构或组分？	逐组查看并对照题目后入卡	
CNFIG0205	173	CELL08-091	α/β微管蛋白二聚体在微管系统中是什么结构或组分？	逐组查看并对照题目后入卡	
CNFIG0186	174	CELL08-157	微管动态不稳定性与踏车行为的主要区别是什么？	逐组查看并对照题目后入卡	这张图的微管踏车示意对应特定装配条件。细胞内典型微管的动态不稳定性表现为单根微管端部增长与快速缩短的随机转换，不能仅用“两端一加一减”概括。
CNFIG0267	175	CELL08-111	GTP帽如何调节微管？	逐组查看并对照题目后入卡	
CNFIG0234	176	CELL08-102	中心体的结构怎样影响功能？	逐组查看并对照题目后入卡	
CNFIG0248	177	CELL08-103	中心粒在微管系统中是什么结构或组分？	逐组查看并对照题目后入卡	
CNFIG0163	178	CELL08-157	微管动态不稳定性与踏车行为的主要区别是什么？	逐组查看并对照题目后入卡	
CNFIG0212	178	CELL08-157	微管动态不稳定性与踏车行为的主要区别是什么？	逐组查看并对照题目后入卡	
CNFIG0188	179			图册查阅：未找到直接对应的检索任务、旧模型或非知识图；不自动硬配	
CNFIG0197	179			图册查阅：未找到直接对应的检索任务、旧模型或非知识图；不自动硬配	
CNFIG0225	179			图册查阅：未找到直接对应的检索任务、旧模型或非知识图；不自动硬配	
CNFIG0179	180	CELL08-117	MAP2如何调节微管？	逐组查看并对照题目后入卡	
CNFIG0181	181	CELL08-139	轴突微管在微管相关运输中的主要作用是什么？	逐组查看并对照题目后入卡	
CNFIG0200	182			图册查阅：未找到直接对应的检索任务、旧模型或非知识图；不自动硬配	
CNFIG0261	182			图册查阅：未找到直接对应的检索任务、旧模型或非知识图；不自动硬配	
CNFIG0198	182			图册查阅：未找到直接对应的检索任务、旧模型或非知识图；不自动硬配	
CNFIG0216	182			图册查阅：未找到直接对应的检索任务、旧模型或非知识图；不自动硬配	
CNFIG0224	183			图册查阅：未找到直接对应的检索任务、旧模型或非知识图；不自动硬配	
CNFIG0252	183			图册查阅：未找到直接对应的检索任务、旧模型或非知识图；不自动硬配	
CNFIG0199	184			图册查阅：未找到直接对应的检索任务、旧模型或非知识图；不自动硬配	
CNFIG0237	185	CELL08-127	kinesin-1在微管相关运输中的主要作用是什么？	逐组查看并对照题目后入卡	
CNFIG0240	186	CELL08-134	胞质dynein需要怎样的方向或条件限定？	逐组查看并对照题目后入卡	图为典型微管极性下的运输方向示意。真实细胞中同一类货物可由多种马达参与双向运输，不能把溶酶体、线粒体等整类细胞器的移动永久固定为单向。
CNFIG0140	187	CELL08-163	ATP在微管蛋白组装和kinesin行走中的作用是否相同？	逐组查看并对照题目后入卡	
CNFIG0239	188	CELL08-137	dynactin及适配系统在微管相关运输中的主要作用是什么？	逐组查看并对照题目后入卡	
CNFIG0171	189	CELL08-133	胞质dynein在微管相关运输中的主要作用是什么？	逐组查看并对照题目后入卡	
CNFIG0176	189	CELL08-135	轴丝dynein在微管相关运输中的主要作用是什么？	逐组查看并对照题目后入卡	图中的三头轴丝动力蛋白是教材所选的一类实例；轴丝动力蛋白还存在其他头数的类型，不能把“三头”推广到全部轴丝动力蛋白。
CNFIG0204	190	CELL08-147	典型运动纤毛9+2轴丝的典型结构或作用是什么？	逐组查看并对照题目后入卡	
CNFIG0227	191	CELL08-105	基体在微管系统中是什么结构或组分？	逐组查看并对照题目后入卡	
CNFIG0174	192	CELL08-151	IFT顺向运输的典型结构或作用是什么？	逐组查看并对照题目后入卡	
CNFIG0149	193	CELL08-E005	轴丝动力蛋白驱动双联微管滑动，为什么完整纤毛表现为弯曲而非无限错开？	逐组查看并对照题目后入卡	
CNFIG0170	194	CELL08-198	去垢剂提取后仍见中间丝网络，支持什么特性？	逐组查看并对照题目后入卡	
CNFIG0253	195	CELL08-191	中间丝蛋白共享什么主要结构框架？	逐组查看并对照题目后入卡	
CNFIG0236	196	CELL08-191	中间丝蛋白共享什么主要结构框架？	逐组查看并对照题目后入卡	
CNFIG0232	197	CELL08-187	核纤层蛋白主要支持什么结构功能？	逐组查看并对照题目后入卡	
CNFIG0139	197	CELL08-187	核纤层蛋白主要支持什么结构功能？	逐组查看并对照题目后入卡	
CNFIG0183	198	CELL09-001	核外膜在核被膜系统中的主要结构或作用是什么？	逐组查看并对照题目后入卡	
CNFIG0187	198	CELL09-077	异染色质更深染为何不能单独判定具体组蛋白修饰？	逐组查看并对照题目后入卡	
CNFIG0221	199	CELL09-009	核孔支架在核被膜系统中的主要结构或作用是什么？	逐组查看并对照题目后入卡	
CNFIG0263	199	CELL09-009	核孔支架在核被膜系统中的主要结构或作用是什么？	逐组查看并对照题目后入卡	
CNFIG0269	199	CELL09-009	核孔支架在核被膜系统中的主要结构或作用是什么？	逐组查看并对照题目后入卡	
CNFIG0161	200	CELL09-015	核篮在核被膜系统中的主要结构或作用是什么？	逐组查看并对照题目后入卡	图中的“中央栓”属于旧式核孔结构模型；现代核孔的选择性屏障与 FG 核孔蛋白有关，不能把它理解为长期封堵通道的固定实心栓。此图用于环、纤维和核篮的相对位置。
CNFIG0265	201	CELL09-039	小蛋白在核内外均有分布，能否单据此证明有主动双向运输？	逐组查看并对照题目后入卡	图中约 50 kDa 的被动扩散分界是教材的近似示意，不是严格的分子量开关；形状、相互作用及观察时间都会影响通透速率。受体介导转运也不能按图中文字推广为完全不受尺寸限制。
CNFIG0259	202	CELL09-E018	Ran-GTP 在核内为何促进入核货物释放，却有利于出核货物装载？	逐组查看并对照题目后入卡	
CNFIG0173	203	CELL09-017	核纤层在核被膜系统中的主要结构或作用是什么？	逐组查看并对照题目后入卡	
CNFIG0178	204	CELL09-042	染色质与DNA包装或功能有什么联系？	逐组查看并对照题目后入卡	
CNFIG0370	205	CELL09-043	核小体核心在染色质中是什么？	逐组查看并对照题目后入卡	
CNFIG0343	206	CELL09-044	核小体核心与DNA包装或功能有什么联系？	逐组查看并对照题目后入卡	
CNFIG0300	207	CELL09-E001	去掉 H1 后，为什么不能直接说核小体的组蛋白八聚体也消失？	逐组查看并对照题目后入卡	
CNFIG0369	208	CELL09-047	H3/H4在染色质中是什么？	逐组查看并对照题目后入卡	
CNFIG0333	209	CELL09-076	把30nm纤维写成所有活细胞必经的固定包装层级，有什么问题？	逐组查看并对照题目后入卡	30 nm 纤维的体外结构与模型不能证明所有活细胞的染色质都形成同样的规则纤维。请结合本卡关于活细胞包装层级的限制理解。
CNFIG0272	210	CELL09-076	把30nm纤维写成所有活细胞必经的固定包装层级，有什么问题？	逐组查看并对照题目后入卡	这是传统染色质包装层级示意；30 nm 螺线管不能当作所有活细胞必经的固定层级。细胞内组织还包括不规则核小体链、袢及更大尺度的空间区室。
CNFIG0325	211	CELL09-E019	同为组蛋白甲基化，为什么既可与活跃转录又可与抑制相关？	逐组查看并对照题目后入卡	
CNFIG0307	212	CELL09-116	H3K4甲基化与H3K9/H3K27甲基化为何不能合并为一种功能？	逐组查看并对照题目后入卡	
CNFIG0306	213	CELL09-E007	复制后新旧组蛋白混合装配，为什么 reader-writer 机制有助恢复原染色质状态？	逐组查看并对照题目后入卡	
CNFIG0348	214	CELL09-082	核小体数目不变但位置移动，为什么转录可能改变？	逐组查看并对照题目后入卡	
CNFIG0299	215	CELL09-093	组蛋白去乙酰化酶怎样参与染色质调控？	逐组查看并对照题目后入卡	
CNFIG0283	216	CELL09-128	转录因子怎样通过招募共调控复合体改变表达？	逐组查看并对照题目后入卡	
CNFIG0277	217	CELL09-105	Xist RNA怎样参与染色质调控？	逐组查看并对照题目后入卡	
CNFIG0334	218	CELL09-129	染色质重塑与组蛋白修饰为什么可以相互促进？	逐组查看并对照题目后入卡	
CNFIG0338	219			图册查阅：未找到直接对应的检索任务、旧模型或非知识图；不自动硬配	
CNFIG0336	220	CELL09-155	核型的主要结构或功能是什么？	逐组查看并对照题目后入卡	
CNFIG0361	221	CELL09-142	着丝粒怎样与相关染色体概念区分？	逐组查看并对照题目后入卡	
CNFIG0294	222	CELL09-158	线性人工染色体为何还需端粒元件？	逐组查看并对照题目后入卡	
CNFIG0351	223	CELL09-E008	端粒酶为什么不是简单“补上被移除的最后一个 RNA 引物”？	逐组查看并对照题目后入卡	图中的 TTGGGT 重复用于特定模型生物的端粒示意，不是人端粒的典型 TTAGGG 重复。端粒酶先延长 3′ 端，互补链还需相应合成及末端加工，不能理解成直接补回最后一个引物。
CNFIG0379	224	CELL09-161	染色体显带为何比仅看长度和着丝粒位置更利于核型识别？	逐组查看并对照题目后入卡	图中各染色体 Mb 数值采用旧教材估计，不应当作当前人参考基因组的精确长度。本卡只用带型和相对形态说明核型识别。
CNFIG0297	225	CELL09-162	多线染色体巨大通常由什么过程造成？	逐组查看并对照题目后入卡	
CNFIG0378	226	CELL09-168	纤维中心FC的主要性质或功能是什么？	逐组查看并对照题目后入卡	
CNFIG0282	227	CELL10-021	为什么30S与50S亚基组成的核糖体不是80S？	逐组查看并对照题目后入卡	
CNFIG0352	228	CELL10-002	细菌70S核糖体的结构怎样联系翻译功能？	逐组查看并对照题目后入卡	
CNFIG0316	229	CELL10-015	核糖体P位点的典型组成或位置是什么？	逐组查看并对照题目后入卡	
CNFIG0295	230	CELL10-061	多核糖体是什么？	逐组查看并对照题目后入卡	
CNFIG0381	231	CELL10-051	核糖体读取mRNA与肽链合成的方向分别是什么？	逐组查看并对照题目后入卡	
CNFIG0291	232	CELL10-032	细菌IF3在翻译中直接做什么？	逐组查看并对照题目后入卡	
CNFIG0285	233	CELL10-E002	翻译延伸时，肽链为何由 P 位 tRNA 转移到 A 位 tRNA？	逐组查看并对照题目后入卡	
CNFIG0337	234	CELL10-070	核糖体RNA催化为何支持但不能单独证实RNA世界历史？	逐组查看并对照题目后入卡	
CNFIG0279	235	CELL11-001	内分泌通信的主要传递方式是什么？	逐组查看并对照题目后入卡	
CNFIG0367	236	CELL11-014	G蛋白偶联受体的机制怎样区别于其他表面受体？	逐组查看并对照题目后入卡	
CNFIG0374	237	CELL11-040	快速代谢反应与较慢基因表达反应的主要时间差来自哪里？	逐组查看并对照题目后入卡	
CNFIG0323	238	CELL11-019	第二信使在信号系统中表示什么？	逐组查看并对照题目后入卡	
CNFIG0280	239	CELL11-E011	“激酶与 GEF 都开，磷酸酶与 GAP 都关”这句话哪里需要修正？	逐组查看并对照题目后入卡	GEF 促进 GDP 释放及随后 GTP 结合，不是把 GDP 直接磷酸化为 GTP。GAP、RGS、GDI 作用于相应的 G 蛋白体系，不能把图中的所有调控者都当成每个 GTP 酶的通用组合。
CNFIG0380	240	CELL11-036	磷酸化是否一定使靶蛋白活化？	逐组查看并对照题目后入卡	图中画的是“磷酸化后活化”的一个示意实例。不同蛋白及不同位点的磷酸化也可能抑制活性、改变定位或相互作用，不能据此把磷酸化恒等于开关中的“开”。
CNFIG0360	241	CELL11-018	第一信使为什么不宜与下游效应混为一谈？	逐组查看并对照题目后入卡	
CNFIG0309	242	CELL11-E001	信号复合体中，SH2、SH3 等结构域怎样让膜受体把胞质蛋白组装到一起？	逐组查看并对照题目后入卡	
CNFIG0288	243	CELL11-038	支架蛋白为什么可能提高通路特异性？	逐组查看并对照题目后入卡	
CNFIG0341	244	CELL11-014	G蛋白偶联受体的机制怎样区别于其他表面受体？	逐组查看并对照题目后入卡	
CNFIG0355	245	CELL11-041	活化GPCR在典型三聚体G蛋白循环中做什么？	逐组查看并对照题目后入卡	
CNFIG0284	246	CELL11-047	Gβγ在典型三聚体G蛋白循环中做什么？	逐组查看并对照题目后入卡	
CNFIG0303	247	CELL11-064	Gt/传导素典型调节哪类效应器？	逐组查看并对照题目后入卡	
CNFIG0365	248	CELL11-058	Giα典型调节哪类效应器？	逐组查看并对照题目后入卡	此图表示特定细胞及受体亚型的 AC 调控例子。同一种肾上腺素或前列腺素的效应取决于受体亚型及细胞背景，不能把激素名称本身恒等于 Gs 或 Gi。
CNFIG0335	249	CELL11-067	腺苷酸环化酶AC在cAMP通路中的作用是什么？	逐组查看并对照题目后入卡	
CNFIG0329	250	CELL11-058	Giα典型调节哪类效应器？	逐组查看并对照题目后入卡	
CNFIG0368	251	CELL11-071	PKA调节亚基在cAMP通路中的作用是什么？	逐组查看并对照题目后入卡	
CNFIG0344	252	CELL11-075	糖原磷酸化酶激酶在cAMP通路中的作用是什么？	逐组查看并对照题目后入卡	
CNFIG0320	253	CELL11-077	CREB在cAMP通路中的作用是什么？	逐组查看并对照题目后入卡	
CNFIG0324	254	CELL11-079	膜PIP2在PLC/Ca2+信号中做什么？	逐组查看并对照题目后入卡	
CNFIG0375	255	CELL11-062	Gqα典型怎样改变第二信使？	逐组查看并对照题目后入卡	
CNFIG0271	256	CELL11-093	SERCA在PLC/Ca2+信号中做什么？	逐组查看并对照题目后入卡	
CNFIG0308	257			图册查阅：未找到直接对应的检索任务、旧模型或非知识图；不自动硬配	
CNFIG0319	257			图册查阅：未找到直接对应的检索任务、旧模型或非知识图；不自动硬配	
CNFIG0354	258	CELL11-102	NO—cGMP—PKG为什么产生相应细胞效应？	逐组查看并对照题目后入卡	
CNFIG0373	259			图册查阅：未找到直接对应的检索任务、旧模型或非知识图；不自动硬配	这是旧教材的简化通路图。经典 NF-κB 通路通常由 IKK 促使 IκB 磷酸化，并经泛素化及蛋白酶体降解释放 NF-κB；不能把图中 PKC 箭头理解成普遍的直接拆开 IκB–NF-κB 复合体机制。该图仅留作教材对照。
CNFIG0330	260	CELL11-118	RTK激酶域在RTK—Ras—MAPK支路中做什么？	逐组查看并对照题目后入卡	
CNFIG0377	261	CELL11-120	RTK磷酸酪氨酸在RTK—Ras—MAPK支路中做什么？	逐组查看并对照题目后入卡	此图是配体诱导 RTK 二聚与反式磷酸化的典型模型。胰岛素受体等可预先形成多聚结构，不能把“原先都为单体”当成全部 RTK 的共同条件。
CNFIG0339	262	CELL11-137	典型细胞因子受体怎样区别于RTK—Ras支路的相应元件？	逐组查看并对照题目后入卡	
CNFIG0342	263	CELL11-124	Sos在RTK—Ras—MAPK支路中做什么？	逐组查看并对照题目后入卡	
CNFIG0286	264	CELL11-122	Grb2在RTK—Ras—MAPK支路中做什么？	逐组查看并对照题目后入卡	
CNFIG0332	265	CELL11-132	MEK在RTK—Ras—MAPK支路中做什么？	逐组查看并对照题目后入卡	
CNFIG0290	266	CELL11-143	活化STAT二聚体怎样区别于RTK—Ras支路的相应元件？	逐组查看并对照题目后入卡	
CNFIG0289	267	CELL11-139	JAK怎样区别于RTK—Ras支路的相应元件？	逐组查看并对照题目后入卡	Epo 受体本身没有 RTK 那样的内在酪氨酸激酶域；图中省略了关联的 JAK2。不能因受体旁画有磷酸化符号就把 Epo 受体归为 RTK。
CNFIG0301	268	CELL11-154	mTORC2在典型Ⅰ类PI3K—Akt通路中做什么？	逐组查看并对照题目后入卡	图中 mTOR→Akt 的调控须区分 mTORC2；Akt 对 mTORC1 的调控是另一层关系，不能把不同 mTOR 复合物当成同一个酶的简单自我循环。
CNFIG0350	269	CELL11-164	Smad4在经典TGFβ—Smad通路中做什么？	逐组查看并对照题目后入卡	
CNFIG0315	270	CELL11-173	Axin/APC支架如何改变β-catenin命运或输出？	逐组查看并对照题目后入卡	
CNFIG0358	270	CELL11-173	Axin/APC支架如何改变β-catenin命运或输出？	逐组查看并对照题目后入卡	
CNFIG0340	271	CELL11-182	果蝇Ci在Hedgehog通路中做什么？	逐组查看并对照题目后入卡	图采用果蝇 Hedgehog–Ci 通路模型；不能把 Ci、Cos2 等名称和胞内过程原样套到脊椎动物 Gli 及初级纤毛依赖的调控。
CNFIG0356	272	CELL11-192	IκB再表达在经典NFκB通路中做什么？	逐组查看并对照题目后入卡	
CNFIG0322	273	CELL11-196	ADAM与γ分泌酶在Notch通路中做什么？	逐组查看并对照题目后入卡	
CNFIG0305	274	CELL11-213	信号收敛在信号控制中是什么？	逐组查看并对照题目后入卡	
CNFIG0371	275	CELL11-215	信号交叉对话在信号控制中是什么？	逐组查看并对照题目后入卡	
CNFIG0376	276	CELL11-225	GRK/β-arrestin脱敏在信号控制中是什么？	逐组查看并对照题目后入卡	
CNFIG0318	277	CELL12-038	正常有丝分裂后每个子细胞在二倍体标准周期中核DNA含量怎样表示？	逐组查看并对照题目后入卡	
CNFIG0276	278	CELL12-041	限制点与DNA损伤检查点为什么不完全同义？	逐组查看并对照题目后入卡	
CNFIG0362	279	CELL12-024	双胸腺嘧啶脱氧核苷阻断如何富集相应周期细胞？	逐组查看并对照题目后入卡	
CNFIG0366	280	CELL12-022	分裂细胞摇落法如何富集相应周期细胞？	逐组查看并对照题目后入卡	
CNFIG0364	281			图册查阅：未找到直接对应的检索任务、旧模型或非知识图；不自动硬配	
CNFIG0310	282			图册查阅：未找到直接对应的检索任务、旧模型或非知识图；不自动硬配	
CNFIG0313	283	CELL12-160	比较动物与植物胞质分裂应包含哪三项？	逐组查看并对照题目后入卡	
CNFIG0292	284	CELL12-045	快生长细菌的倍增时间短于完成一次染色体复制时间，如何可能？	逐组查看并对照题目后入卡	
CNFIG0275	285	CELL12-045	快生长细菌的倍增时间短于完成一次染色体复制时间，如何可能？	逐组查看并对照题目后入卡	
CNFIG0321	286	CELL12-046	有丝分裂前期的典型形态事件是什么？	逐组查看并对照题目后入卡	
CNFIG0353	286	CELL12-084	后期B在后期转换或运动中做什么？	逐组查看并对照题目后入卡	
CNFIG0304	287	CELL09-E005	cohesin 和 condensin 都是 SMC 复合体，为什么不能把它们的典型作用完全互换？	逐组查看并对照题目后入卡	
CNFIG0274	288			图册查阅：未找到直接对应的检索任务、旧模型或非知识图；不自动硬配	
CNFIG0372	289	CELL12-149	开放式与封闭式有丝分裂怎样区分？	逐组查看并对照题目后入卡	核膜小泡是旧教材对开放式有丝分裂的简化画法。实际核膜成分可重组并进入 ER 网络，核膜重建不应只背成游离小泡的融合。核纤层磷酸化及后续重组仍是图中的有效要点。
CNFIG0298	290	CELL12-151	所有染色体都在赤道附近，是否已证明附着完全正确？	逐组查看并对照题目后入卡	
CNFIG0281	291	CELL12-062	动粒微管在分裂装置中主要做什么？	逐组查看并对照题目后入卡	
CNFIG0311	292			图册查阅：未找到直接对应的检索任务、旧模型或非知识图；不自动硬配	
CNFIG0345	292			图册查阅：未找到直接对应的检索任务、旧模型或非知识图；不自动硬配	
CNFIG0326	292	CELL12-084	后期B在后期转换或运动中做什么？	逐组查看并对照题目后入卡	
CNFIG0357	292	CELL12-084	后期B在后期转换或运动中做什么？	逐组查看并对照题目后入卡	
CNFIG0346	293	CELL09-143	动粒的主要结构或功能是什么？	逐组查看并对照题目后入卡	
CNFIG0293	294	CELL12-152	未附着动粒为什么可阻止整个细胞进入后期？	逐组查看并对照题目后入卡	
CNFIG0287	295	CELL12-051	有丝分裂中期的事件怎样为下一阶段提供条件？	逐组查看并对照题目后入卡	
CNFIG0296	296	CELL12-082	后期A在后期转换或运动中做什么？	逐组查看并对照题目后入卡	
CNFIG0312	296	CELL12-082	后期A在后期转换或运动中做什么？	逐组查看并对照题目后入卡	
CNFIG0273	297	CELL12-156	纺锤体两极距离增加而染色体到各极距离不变，主要反映哪个后期过程？	逐组查看并对照题目后入卡	
CNFIG0363	298	CELL12-159	论述中期至后期转换如何保证精确分配的四步提纲。	逐组查看并对照题目后入卡	
CNFIG0349	299	CELL12-086	动物细胞收缩环在胞质分裂中主要做什么？	逐组查看并对照题目后入卡	
CNFIG0314	300	CELL12-088	分裂沟位置在胞质分裂中主要做什么？	逐组查看并对照题目后入卡	
CNFIG0331	301	CELL12-148	高等植物减数分裂产物为何不能一律称为精子和卵？	逐组查看并对照题目后入卡	
CNFIG0328	302	CELL12-157	DNA染料测到4C为何不能单凭此判定染色体数为4n？	逐组查看并对照题目后入卡	本图的 4n、2n 等标注混用了 DNA 量与染色体组倍性，不能照抄。二倍体在减数前 S 期完成后为 2n、4C；减数Ⅰ后每细胞为 n、2C；减数Ⅱ后为 n、1C。请用 n 表示染色体组，用 C 表示 DNA 含量。
CNFIG0317	303			图册查阅：未找到直接对应的检索任务、旧模型或非知识图；不自动硬配	图中少量“延迟复制”的旧模型不能理解为减数前期Ⅰ再经历一次完整 S 期。染色体的主体复制在减数前 S 期完成；重组中的局部修复合成与整套基因组复制须分开。此图仅留作教材对照。
CNFIG0359	304	CELL12-115	联会复合体应怎样避免常见混淆？	逐组查看并对照题目后入卡	
CNFIG0327	305	CELL12-118	非姐妹染色单体交换在减数分裂中表示什么？	逐组查看并对照题目后入卡	
CNFIG0347	306	CELL12-139	正常减数Ⅰ中姐妹动粒与有丝分裂的定向有何不同？	逐组查看并对照题目后入卡	
CNFIG0302	306	CELL12-139	正常减数Ⅰ中姐妹动粒与有丝分裂的定向有何不同？	逐组查看并对照题目后入卡	
CNFIG0278	307	CELL12-114	联会复合体在减数分裂中表示什么？	逐组查看并对照题目后入卡	
CNFIG0423	308	CELL13-001	M期与间期细胞融合的关键观察是什么？	逐组查看并对照题目后入卡	
CNFIG0420	309			图册查阅：未找到直接对应的检索任务、旧模型或非知识图；不自动硬配	
CNFIG0401	310	CELL13-007	成熟卵胞质移植的关键观察是什么？	逐组查看并对照题目后入卡	
CNFIG0400	311	CELL13-045	cyclin破坏框怎样改变周期调控？	逐组查看并对照题目后入卡	
CNFIG0410	312	CELL13-073	为什么CDK蛋白总量相对稳定仍可出现周期性活性？	逐组查看并对照题目后入卡	
CNFIG0453	312	CELL13-073	为什么CDK蛋白总量相对稳定仍可出现周期性活性？	逐组查看并对照题目后入卡	
CNFIG0406	312	CELL13-073	为什么CDK蛋白总量相对稳定仍可出现周期性活性？	逐组查看并对照题目后入卡	
CNFIG0422	313			图册查阅：未找到直接对应的检索任务、旧模型或非知识图；不自动硬配	
CNFIG0458	314	CELL13-013	MPF的典型身份或配对是什么？	逐组查看并对照题目后入卡	
CNFIG0456	315	CELL13-074	CDK1 Thr161与Tyr15磷酸化的典型作用方向有何不同？	逐组查看并对照题目后入卡	抑制性位点需区分酶和体系：Wee1 主要调控 CDK1 Tyr15；Myt1 可调控 Thr14/Tyr15。图中 Mik1 是相应酵母体系的调控酶名称，不要把这些名称及所有位点作用混为一种。
CNFIG0409	316	CELL13-041	APC/C底物识别怎样改变周期调控？	逐组查看并对照题目后入卡	
CNFIG0394	317	CELL13-079	F-box蛋白改变为什么可选择性影响某些周期底物？	逐组查看并对照题目后入卡	
CNFIG0441	318	CELL13-090	论述每周期DNA复制一次的四步框架。	逐组查看并对照题目后入卡	图是许可及启动的简化模型。MCM2–7 加载只是许可；Cdc45 和 GINS 共同参与组成活性 CMG 解旋酶，图中省略 GINS 不表示它可有可无。
CNFIG0461	319	CELL13-063	ATR相关复制应答主要感受或执行什么？	逐组查看并对照题目后入卡	
CNFIG0421	320	CELL13-099	转移在癌细胞生物学中指什么？	逐组查看并对照题目后入卡	
CNFIG0438	321	CELL13-153	原癌基因与癌基因的功能状态如何区分？	逐组查看并对照题目后入卡	
CNFIG0404	322	CELL13-123	p53的正常抑癌功能是什么？	逐组查看并对照题目后入卡	图中的 p21–CDK1 结合是简化例子。G₁/S 阻滞主要还涉及 cyclin E/A–CDK2 等，不能理解为 DNA 复制仅由 CDK1 控制。p53 的后果也可包括衰老或凋亡，并不限于图示两支。
CNFIG0455	323	CELL13-E010	比较癌基因激活与抑癌基因失活，并用一个多步骤或合成致死实例解释肿瘤行为。（闭卷 8—10 分钟，按 10 分自评）	逐组查看并对照题目后入卡	
CNFIG0432	324	CELL13-137	多步癌变在肿瘤发展中表示什么？	逐组查看并对照题目后入卡	这是经典结直肠癌多步骤模型，说明不同功能的改变可逐步累积；不表示每个患者都按同一基因和完全相同的固定顺序进展。
CNFIG0415	325	CELL13-139	杂合性缺失LOH在肿瘤发展中表示什么？	逐组查看并对照题目后入卡	
CNFIG0425	326	CELL13-144	肿瘤起始移植实验的结论边界是什么？	逐组查看并对照题目后入卡	图是肿瘤细胞来源与层级的模型示意，不能独立证明所有肿瘤都存在永久固定的干细胞层级。肿瘤起始能力需结合具体移植条件与状态可塑性判断。
CNFIG0384	327	CELL14-050	若3种因子只有独立开/关两态，理论有多少状态组合？	逐组查看并对照题目后入卡	
CNFIG0396	328	CELL14-001	细胞分化在细胞命运研究中表示什么？	逐组查看并对照题目后入卡	
CNFIG0418	329	CELL14-019	母体胞质决定物怎样影响分化方向？	逐组查看并对照题目后入卡	
CNFIG0459	330	CELL14-058	多潜能性pluripotency的分化范围怎样界定？	逐组查看并对照题目后入卡	
CNFIG0424	331	CELL14-110	干细胞定义的两个核心功能维度是什么？	逐组查看并对照题目后入卡	
CNFIG0386	332	CELL14-064	胚胎干细胞ESC的主要来源或输出是什么？	逐组查看并对照题目后入卡	
CNFIG0447	333	CELL14-088	体细胞核移植SCNT怎样改变细胞命运？	逐组查看并对照题目后入卡	
CNFIG0439	334	CELL14-115	人和鼠ESC对同一信号反应不同，为什么培养条件不能直接照搬？	逐组查看并对照题目后入卡	图示人 ESC 的特定培养状态，不能把通路对自我更新或分化的作用不加条件地推广到鼠 naive ESC 或所有多潜能状态。
CNFIG0437	335	CELL14-068	造血干细胞HSC的主要来源或输出是什么？	逐组查看并对照题目后入卡	这是经典造血谱系的概括示意，不是所有细胞在所有条件下都必经同一固定中间阶段的证据；图中分化分支本身也不能替代长期自我更新的功能检验。
CNFIG0463	336	CELL14-072	肠上皮干细胞的主要来源或输出是什么？	逐组查看并对照题目后入卡	
CNFIG0417	337	CELL14-092	经典OSKM组合怎样改变细胞命运？	逐组查看并对照题目后入卡	
CNFIG0398	338	CELL14-094	化学重编程怎样改变细胞命运？	逐组查看并对照题目后入卡	图是特定小鼠成纤维细胞及化学组合的重编程实验流程，不是对所有细胞、尤其人细胞都通用的固定天数或配方。GFP 阳性也应与完整多潜能性功能鉴定区分。
CNFIG0427	339	CELL14-096	直接谱系重编程怎样改变细胞命运？	逐组查看并对照题目后入卡	
CNFIG0393	340			图册查阅：未找到直接对应的检索任务、旧模型或非知识图；不自动硬配	
CNFIG0428	341	CELL14-116	检测到胰岛素蛋白为何不足以证明分化所得β细胞已功能成熟？	逐组查看并对照题目后入卡	
CNFIG0388	341	CELL14-117	移植使模型改善而取出移植物后改善消失，支持什么结论边界？	逐组查看并对照题目后入卡	
CNFIG0391	342	CELL15-027	细胞大而扁平提供哪种衰老相关信息？	逐组查看并对照题目后入卡	
CNFIG0413	343	CELL15-027	细胞大而扁平提供哪种衰老相关信息？	逐组查看并对照题目后入卡	
CNFIG0448	344	CELL15-013	p16—Rb衰老约束在细胞衰老中表示什么？	逐组查看并对照题目后入卡	p16/INK4 直接抑制的主要靶标是 CDK4/6，而不是把图中 CDK2、4、6 都视为 p16 的同等直接靶标；p21/Cip-Kip 支路可抑制更广的 cyclin–CDK 组合。
CNFIG0450	345	CELL15-088	TUNEL检测如何参与凋亡执行或检测？	逐组查看并对照题目后入卡	
CNFIG0399	346			图册查阅：未找到直接对应的检索任务、旧模型或非知识图；不自动硬配	
CNFIG0435	347	CELL15-039	necroptosis坏死性凋亡为什么不能仅靠一个形态判定完整机制？	逐组查看并对照题目后入卡	电镜中的坏死样形态不能独立证明 RIPK3–MLKL 介导的 necroptosis，还需相应分子标记、遗传或药理干预等机制证据。
CNFIG0436	348	CELL15-036	细胞凋亡的典型执行或形态特征是什么？	逐组查看并对照题目后入卡	
CNFIG0440	348	CELL15-036	细胞凋亡的典型执行或形态特征是什么？	逐组查看并对照题目后入卡	
CNFIG0449	349	CELL15-037	细胞凋亡为什么不能仅靠一个形态判定完整机制？	逐组查看并对照题目后入卡	
CNFIG0390	349	CELL15-037	细胞凋亡为什么不能仅靠一个形态判定完整机制？	逐组查看并对照题目后入卡	
CNFIG0395	350	CELL15-046	起始caspase在凋亡通路中主要做什么？	逐组查看并对照题目后入卡	起始 caspase 的关键激活过程通常是平台诱导的聚集或二聚，切割可促进成熟或稳定；不能把图中的切割画法推广为所有起始 caspase 唯一的最初激活条件。执行 caspase 则通常由上游切割活化。
CNFIG0385	351	CELL15-049	执行caspase的作用如何连接上下游？	逐组查看并对照题目后入卡	
CNFIG0387	352	CELL15-082	DNA梯状条带如何参与凋亡执行或检测？	逐组查看并对照题目后入卡	
CNFIG0462	353	CELL15-116	caspase-8与caspase-9为什么不是同一激活平台？	逐组查看并对照题目后入卡	
CNFIG0460	354	CELL15-066	Bcl2/Bcl-xL如何调节线粒体或caspase阶段？	逐组查看并对照题目后入卡	
CNFIG0431	355	CELL16-005	紧密连接主要连接哪两端？	逐组查看并对照题目后入卡	
CNFIG0411	355	CELL16-005	紧密连接主要连接哪两端？	逐组查看并对照题目后入卡	
CNFIG0445	356	CELL16-011	桥粒主要连接哪两端？	逐组查看并对照题目后入卡	
CNFIG0419	356	CELL16-011	桥粒主要连接哪两端？	逐组查看并对照题目后入卡	
CNFIG0429	357	CELL16-017	半桥粒主要连接哪两端？	逐组查看并对照题目后入卡	
CNFIG0443	358	CELL16-008	黏着连接主要连接哪两端？	逐组查看并对照题目后入卡	
CNFIG0454	359	CELL16-014	黏着斑主要连接哪两端？	逐组查看并对照题目后入卡	
CNFIG0408	360	CELL16-038	一个典型连接子connexon由多少个connexin亚基组成？	逐组查看并对照题目后入卡	
CNFIG0434	361	CELL16-043	缝隙连接如何使相邻细胞发生电耦联？	逐组查看并对照题目后入卡	
CNFIG0430	362	CELL16-050	胞间连丝中央的连丝微管desmotubule源于什么结构？	逐组查看并对照题目后入卡	
CNFIG0446	363	CELL16-059	混合不同组织细胞后发生重新排序，能直接推出只由一种黏附蛋白决定吗？	逐组查看并对照题目后入卡	
CNFIG0444	364	CELL16-061	Ca²⁺如何维持经典钙黏蛋白的黏附能力？	逐组查看并对照题目后入卡	
CNFIG0412	365	CELL16-068	选择素胞外凝集素结构域主要识别什么？	逐组查看并对照题目后入卡	
CNFIG0451	365	CELL16-074	白细胞滚动与牢固停靠为何常需不同黏附体系协作？	逐组查看并对照题目后入卡	
CNFIG0452	366	CELL16-076	免疫球蛋白超家族黏附分子的名称依据是什么？	逐组查看并对照题目后入卡	
CNFIG0416	367	CELL16-081	整联蛋白的基本亚基结构是什么？	逐组查看并对照题目后入卡	
CNFIG0382	368	CELL16-131	基膜通常处于上皮组织的什么位置？	逐组查看并对照题目后入卡	
CNFIG0405	369	CELL16-102	胶原α链的Gly-X-Y重复为何需要每三位有甘氨酸？	逐组查看并对照题目后入卡	
CNFIG0403	370	CELL16-108	前胶原保留前肽直到分泌后有何生物学意义？	逐组查看并对照题目后入卡	
CNFIG0414	370	CELL16-109	胶原纤维的共价交联为何有助于抗张强度？	逐组查看并对照题目后入卡	
CNFIG0392	371	CELL16-094	弹性蛋白网络在胞外基质中的力学或黏附功能有何结构或化学基础？	逐组查看并对照题目后入卡	
CNFIG0383	372	CELL16-113	糖胺聚糖GAG的基本链结构是什么？	逐组查看并对照题目后入卡	
CNFIG0442	373	CELL16-117	蛋白聚糖核心蛋白与GAG链的关系是什么？	逐组查看并对照题目后入卡	
CNFIG0457	374	CELL16-118	软骨中透明质酸与蛋白聚糖聚合物怎样结合？	逐组查看并对照题目后入卡	
CNFIG0407	375	CELL16-123	纤连蛋白为何能发挥“分子桥”作用？	逐组查看并对照题目后入卡	
CNFIG0433	376	CELL16-127	典型层粘连蛋白的亚基组成是什么？	逐组查看并对照题目后入卡	
CNFIG0397	377	CELL16-131	基膜通常处于上皮组织的什么位置？	逐组查看并对照题目后入卡	
CNFIG0389	378	CELL16-134	糖萼与胞外基质的主要空间差别是什么？	逐组查看并对照题目后入卡	
CNFIG0426	379	CELL16-140	相邻植物细胞之间中间层的典型主要组分是什么？	逐组查看并对照题目后入卡	
CNFIG0402	380			图册查阅：未找到直接对应的检索任务、旧模型或非知识图；不自动硬配	
