主题组	英文章	中文章	主题	首标题	末标题	段落SHA256	对应卡片	来源
EN01-H000-H030	1	1	细胞共同特征、三域系统与真核细胞	Cells, Genomes, and the Diversity of Life	Eukaryotic Cells Contain a Variety of Organelles	05c430a8b821db8835b2a6f72afb2e21b253a898c0ea7af9a647da475fa4d46e	CELL01-E001,CELL01-E002,CELL01-E014	https://github.com/kazewwk/test/blob/b036244ba7c8f82d6c35602a5e570d6729b0bee4/%E7%BB%86%E8%83%9E%E7%94%9F%E7%89%A9%E5%AD%A6%E5%88%B6%E5%8D%A1/01_%E7%BB%AA%E8%AE%BA/%E6%95%B4%E5%90%88%E6%95%99%E6%9D%90.md#L468
EN01-H031-H033	1	7	线粒体和叶绿体的内共生起源	Mitochondria Evolved from a Symbiotic Bacterium CapturedMBoC7 e1.24/1.24 by an Ancient Archaeon	Eukaryotes Have Hybrid Genomes	22f827124eb596939da733da1b4e78877c971a6f959e7364457edb15b77dd39b	CELL07-E001	https://github.com/kazewwk/test/blob/b036244ba7c8f82d6c35602a5e570d6729b0bee4/%E7%BB%86%E8%83%9E%E7%94%9F%E7%89%A9%E5%AD%A6%E5%88%B6%E5%8D%A1/07_%E7%BA%BF%E7%B2%92%E4%BD%93%E5%92%8C%E5%8F%B6%E7%BB%BF%E4%BD%93/%E6%95%B4%E5%90%88%E6%95%99%E6%9D%90.md#L2661
EN01-H034-H038	1	1	真核基因组与单细胞真核生物	Eukaryotic Genomes Are Big	Summary	942221649830716a2c2ffa4bc68f53068bf3cd1a94522bfe49a077560b1c159b	CELL01-E003	https://github.com/kazewwk/test/blob/b036244ba7c8f82d6c35602a5e570d6729b0bee4/%E7%BB%86%E8%83%9E%E7%94%9F%E7%89%A9%E5%AD%A6%E5%88%B6%E5%8D%A1/01_%E7%BB%AA%E8%AE%BA/%E6%95%B4%E5%90%88%E6%95%99%E6%9D%90.md#L876
EN01-H039-H053	1	2	模式生物、功能基因组与定量研究	MODEL ORGANISMS	Summary	3b2c9e4590ec7b2c40082b5ba03986f6e8d9a55a9157f59ce00d68e11afc38e1	CELL02-E001	https://github.com/kazewwk/test/blob/b036244ba7c8f82d6c35602a5e570d6729b0bee4/%E7%BB%86%E8%83%9E%E7%94%9F%E7%89%A9%E5%AD%A6%E5%88%B6%E5%8D%A1/02_%E7%BB%86%E8%83%9E%E7%94%9F%E7%89%A9%E5%AD%A6%E7%A0%94%E7%A9%B6%E6%96%B9%E6%B3%95/%E6%95%B4%E5%90%88%E6%95%99%E6%9D%90.md#L2650
EN02-H000-H008	2	1	相似的化学组成：水、非共价作用与生物大分子	Cell Chemistry and Bioenergetics	Summary	ec8bc3f6ba46760d36679a9d99057815d634983c98e0c133d36745c8a7fbb57d	CELL01-E004	https://github.com/kazewwk/test/blob/b036244ba7c8f82d6c35602a5e570d6729b0bee4/%E7%BB%86%E8%83%9E%E7%94%9F%E7%89%A9%E5%AD%A6%E5%88%B6%E5%8D%A1/01_%E7%BB%AA%E8%AE%BA/%E6%95%B4%E5%90%88%E6%95%99%E6%9D%90.md#L952
EN02-H009-H028	2	7	生物能学基础：自由能、反应偶联与活化载体	CATALYSIS AND THE USE OF ENERGY BY CELLS	Summary	2b5100823aa4fcee3a48cad802b3771642d3a43e1a512d9906bb51e6653b4102	CELL07-E002	https://github.com/kazewwk/test/blob/b036244ba7c8f82d6c35602a5e570d6729b0bee4/%E7%BB%86%E8%83%9E%E7%94%9F%E7%89%A9%E5%AD%A6%E5%88%B6%E5%8D%A1/07_%E7%BA%BF%E7%B2%92%E4%BD%93%E5%92%8C%E5%8F%B6%E7%BB%BF%E4%BD%93/%E6%95%B4%E5%90%88%E6%95%99%E6%9D%90.md#L247
EN02-H029-H041	2	7	能量代谢基础：糖酵解、乙酰辅酶A与柠檬酸循环	HOW CELLS OBTAIN ENERGY FROM FOOD	Summary	40d27a2751195c707cea4514c8ae2b85b6a4d63be45d8f03ffb0088df639b647	CELL07-E003	https://github.com/kazewwk/test/blob/b036244ba7c8f82d6c35602a5e570d6729b0bee4/%E7%BB%86%E8%83%9E%E7%94%9F%E7%89%A9%E5%AD%A6%E5%88%B6%E5%8D%A1/07_%E7%BA%BF%E7%B2%92%E4%BD%93%E5%92%8C%E5%8F%B6%E7%BB%BF%E4%BD%93/%E6%95%B4%E5%90%88%E6%95%99%E6%9D%90.md#L769
EN02-H042-H090	2	1	化学基础图解：化学键、水、糖、脂质与核苷酸	CARBON SKELETONS	NUCLEOTIDES AND THEIR DERIVATIVES HAVE MANY OTHER FUNCTIONS	4bde2105e82f1197ad3362817e688fb81aa63aa356e064ad4addb96ec676d978	CELL01-E005	https://github.com/kazewwk/test/blob/b036244ba7c8f82d6c35602a5e570d6729b0bee4/%E7%BB%86%E8%83%9E%E7%94%9F%E7%89%A9%E5%AD%A6%E5%88%B6%E5%8D%A1/01_%E7%BB%AA%E8%AE%BA/%E6%95%B4%E5%90%88%E6%95%99%E6%9D%90.md#L1146
EN02-H091-H112	2	7	自由能与糖酵解步骤图解	THE IMPORTANCE OF FREE ENERGY FOR CELLS	STEP 8	f75dced7c1c2bf3ed01a528b297288cbf0f79e9535305fc5fda4e8f7dd8d3174	CELL07-E004	https://github.com/kazewwk/test/blob/b036244ba7c8f82d6c35602a5e570d6729b0bee4/%E7%BB%86%E8%83%9E%E7%94%9F%E7%89%A9%E5%AD%A6%E5%88%B6%E5%8D%A1/07_%E7%BA%BF%E7%B2%92%E4%BD%93%E5%92%8C%E5%8F%B6%E7%BB%BF%E4%BD%93/%E6%95%B4%E5%90%88%E6%95%99%E6%9D%90.md#L1013
EN03-H000-H028	3	1	蛋白质基础：氨基酸、折叠、结构域与组装	Proteins	Summary	71eb5eb0523e0a5505807046a124afc63ee7c5a51c86769695a3061661ba56a7	CELL01-E006,CELL01-E007	https://github.com/kazewwk/test/blob/b036244ba7c8f82d6c35602a5e570d6729b0bee4/%E7%BB%86%E8%83%9E%E7%94%9F%E7%89%A9%E5%AD%A6%E5%88%B6%E5%8D%A1/01_%E7%BB%AA%E8%AE%BA/%E6%95%B4%E5%90%88%E6%95%99%E6%9D%90.md#L1848
EN03-H029-H058	3	5	细胞质功能基础：酶、变构调节与蛋白质磷酸化	PROTEIN FUNCTION	The Regulation of the Src Protein Kinase Reveals How a Protein Can Function as a Microprocessor	21770c1989e5b702d96b70791f8f4aa3a4b8d5118ebea46ec4eb4f625792907a	CELL05-E001	https://github.com/kazewwk/test/blob/b036244ba7c8f82d6c35602a5e570d6729b0bee4/%E7%BB%86%E8%83%9E%E7%94%9F%E7%89%A9%E5%AD%A6%E5%88%B6%E5%8D%A1/05_%E7%BB%86%E8%83%9E%E8%B4%A8%E5%9F%BA%E8%B4%A8%E4%B8%8E%E5%86%85%E8%86%9C%E7%B3%BB%E7%BB%9F/%E6%95%B4%E5%90%88%E6%95%99%E6%9D%90.md#L101
EN03-H059-H074	3	5	蛋白质修饰、泛素化、分子机器与生物分子凝聚体	Regulatory GTP-binding Proteins Are Switched On and Off by the Gain and Loss of a Phosphate Group	Summary	58e10408c8814abb117da335442c2e86a10df457b27f63097654bc66c1f41590	CELL05-E002	https://github.com/kazewwk/test/blob/b036244ba7c8f82d6c35602a5e570d6729b0bee4/%E7%BB%86%E8%83%9E%E7%94%9F%E7%89%A9%E5%AD%A6%E5%88%B6%E5%8D%A1/05_%E7%BB%86%E8%83%9E%E8%B4%A8%E5%9F%BA%E8%B4%A8%E4%B8%8E%E5%86%85%E8%86%9C%E7%B3%BB%E7%BB%9F/%E6%95%B4%E5%90%88%E6%95%99%E6%9D%90.md#L553
EN04-H000-H018	4	9	DNA、染色质蛋白与核小体包装	BASIC GENETIC MECHANISMS	Summary	126a658939ac2523194a51eef62a93c401a26f3539263923780f6d03c2eadd18	CELL09-043,CELL09-044,CELL09-048,CELL09-049,CELL09-051,CELL09-054,CELL09-072,CELL09-073,CELL09-074,CELL09-082,CELL09-084,CELL09-085,CELL09-089,CELL09-099,CELL09-109,CELL09-110,CELL09-111,CELL09-E001	https://github.com/kazewwk/test/blob/b036244ba7c8f82d6c35602a5e570d6729b0bee4/%E7%BB%86%E8%83%9E%E7%94%9F%E7%89%A9%E5%AD%A6%E5%88%B6%E5%8D%A1/09_%E7%BB%86%E8%83%9E%E6%A0%B8%E4%B8%8E%E6%9F%93%E8%89%B2%E8%B4%A8/%E6%95%B4%E5%90%88%E6%95%99%E6%9D%90.md#L541
EN04-H019-H033	4	9	异染色质、组蛋白修饰与表观遗传	THE EFFECT OF CHROMATIN STRUCTURE ON DNA FUNCTION	Summary	40443d7c882e3f32100dbf74ca8b0c5a21a82aa17d029c132c6483f87b2aff37	CELL09-E002,CELL09-E022	https://github.com/kazewwk/test/blob/b036244ba7c8f82d6c35602a5e570d6729b0bee4/%E7%BB%86%E8%83%9E%E7%94%9F%E7%89%A9%E5%AD%A6%E5%88%B6%E5%8D%A1/09_%E7%BB%86%E8%83%9E%E6%A0%B8%E4%B8%8E%E6%9F%93%E8%89%B2%E8%B4%A8/%E6%95%B4%E5%90%88%E6%95%99%E6%9D%90.md#L1400
EN04-H034-H037	4	9	染色体环与特殊染色体	THE GLOBAL STRUCTURE OF CHROMOSOMES	Chromosome Loops Decondense When the Genes Within Them Are Expressed	a02d196ce6c35e6fe879fa458fb26af29ff9bbd55d65c51a2618f99c23bc1706	CELL09-E003	https://github.com/kazewwk/test/blob/b036244ba7c8f82d6c35602a5e570d6729b0bee4/%E7%BB%86%E8%83%9E%E7%94%9F%E7%89%A9%E5%AD%A6%E5%88%B6%E5%8D%A1/09_%E7%BB%86%E8%83%9E%E6%A0%B8%E4%B8%8E%E6%9F%93%E8%89%B2%E8%B4%A8/%E6%95%B4%E5%90%88%E6%95%99%E6%9D%90.md#L4186
EN04-H038-H041	4	9	染色质三维组织、Hi-C与核内空间分布	Mammalian Interphase Chromosomes Occupy Discrete Territories in the Nucleus, with Their Heterochromatin and Euchromatin Distributed Differently	Euchromatin and Heterochromatin Separate Spatially in the Nucleus	a358b01f250581fb6e955afbdff9fc6fd7af113f2f60d526ea162ce3abdd06d0	CELL09-E004,CELL09-E022	https://github.com/kazewwk/test/blob/b036244ba7c8f82d6c35602a5e570d6729b0bee4/%E7%BB%86%E8%83%9E%E7%94%9F%E7%89%A9%E5%AD%A6%E5%88%B6%E5%8D%A1/09_%E7%BB%86%E8%83%9E%E6%A0%B8%E4%B8%8E%E6%9F%93%E8%89%B2%E8%B4%A8/%E6%95%B4%E5%90%88%E6%95%99%E6%9D%90.md#L1620
EN04-H042-H043	4	9	有丝分裂染色体的高度凝缩	Mitotic Chromosomes Are Highly Condensed	Summary	37c3545f472abcb25b78410bcd792d8f72ce7e9839e07ef771e9171dd407a466	CELL09-E005	https://github.com/kazewwk/test/blob/b036244ba7c8f82d6c35602a5e570d6729b0bee4/%E7%BB%86%E8%83%9E%E7%94%9F%E7%89%A9%E5%AD%A6%E5%88%B6%E5%8D%A1/09_%E7%BB%86%E8%83%9E%E6%A0%B8%E4%B8%8E%E6%9F%93%E8%89%B2%E8%B4%A8/%E6%95%B4%E5%90%88%E6%95%99%E6%9D%90.md#L4256
EN04-H044-H066	4	9	基因组大小、重复序列与基因组演化	HOW GENOMES EVOLVE	Summary	d3a811653129f3cae04a9ac4be001aace8d558056edec09b2aeba655507b7e23	CELL09-E006	https://github.com/kazewwk/test/blob/b036244ba7c8f82d6c35602a5e570d6729b0bee4/%E7%BB%86%E8%83%9E%E7%94%9F%E7%89%A9%E5%AD%A6%E5%88%B6%E5%8D%A1/09_%E7%BB%86%E8%83%9E%E6%A0%B8%E4%B8%8E%E6%9F%93%E8%89%B2%E8%B4%A8/%E6%95%B4%E5%90%88%E6%95%99%E6%9D%90.md#L909
EN05-H000-H030	5	9	DNA复制、保真性、起始许可与核小体再装配	DNA Replication, Repair, and Recombination	Termination of DNA Replication Occurs Through the Ordered Disassembly of the Replication Fork	2d4e0f03bf1c4b87c76efae616d217aa03d717b36241fb1bc9ee353daad98692	CELL09-E007	https://github.com/kazewwk/test/blob/b036244ba7c8f82d6c35602a5e570d6729b0bee4/%E7%BB%86%E8%83%9E%E7%94%9F%E7%89%A9%E5%AD%A6%E5%88%B6%E5%8D%A1/09_%E7%BB%86%E8%83%9E%E6%A0%B8%E4%B8%8E%E6%9F%93%E8%89%B2%E8%B4%A8/%E6%95%B4%E5%90%88%E6%95%99%E6%9D%90.md#L1748
EN05-H031-H033	5	9	端粒、端粒酶与染色体末端保护	Telomerase Replicates the Ends of Chromosomes	Telomere Length Is Regulated by Cells and Organisms	d1346b6839dffe8ae8cb709b3bb46ec30f80a6d2c46d9276b38249c50b56136a	CELL09-E008	https://github.com/kazewwk/test/blob/b036244ba7c8f82d6c35602a5e570d6729b0bee4/%E7%BB%86%E8%83%9E%E7%94%9F%E7%89%A9%E5%AD%A6%E5%88%B6%E5%8D%A1/09_%E7%BB%86%E8%83%9E%E6%A0%B8%E4%B8%8E%E6%9F%93%E8%89%B2%E8%B4%A8/%E6%95%B4%E5%90%88%E6%95%99%E6%9D%90.md#L4300
EN05-H034-H050	5	9	DNA修复、双链断裂修复与同源重组	Summary	DNA Repair by Homologous Recombination Entails Risks to the Cell	e9c1719e41cd31ee8fcf61592975ffc66eb3986317415deba3c84842e5a3da4b	CELL09-E009,CELL09-E010	https://github.com/kazewwk/test/blob/b036244ba7c8f82d6c35602a5e570d6729b0bee4/%E7%BB%86%E8%83%9E%E7%94%9F%E7%89%A9%E5%AD%A6%E5%88%B6%E5%8D%A1/09_%E7%BB%86%E8%83%9E%E6%A0%B8%E4%B8%8E%E6%9F%93%E8%89%B2%E8%B4%A8/%E6%95%B4%E5%90%88%E6%95%99%E6%9D%90.md#L2220
EN05-H051-H056	5	12	减数分裂重组、交叉互换与基因转换	Homologous Recombination Is Crucial for Meiosis	Summary	099fb1b2ddc51bf25c91da32845500cb3fbdb46b5d3686977f139226b7a91932	CELL12-E001	https://github.com/kazewwk/test/blob/b036244ba7c8f82d6c35602a5e570d6729b0bee4/%E7%BB%86%E8%83%9E%E7%94%9F%E7%89%A9%E5%AD%A6%E5%88%B6%E5%8D%A1/12_%E7%BB%86%E8%83%9E%E5%91%A8%E6%9C%9F%E4%B8%8E%E7%BB%86%E8%83%9E%E5%88%86%E8%A3%82/%E6%95%B4%E5%90%88%E6%95%99%E6%9D%90.md#L684
EN05-H057-H071	5	9	转座与位点特异性重组：基因组变化的机制补充	TRANSPOSITION AND CONSERVATIVE SITE-SPECIFIC RECOMBINATION	Summary	fef86ef8e448bbfe4b84c17337f801168b76b89f8355ed2df614676909493ff8	CELL09-E011	https://github.com/kazewwk/test/blob/b036244ba7c8f82d6c35602a5e570d6729b0bee4/%E7%BB%86%E8%83%9E%E7%94%9F%E7%89%A9%E5%AD%A6%E5%88%B6%E5%8D%A1/09_%E7%BB%86%E8%83%9E%E6%A0%B8%E4%B8%8E%E6%9F%93%E8%89%B2%E8%B4%A8/%E6%95%B4%E5%90%88%E6%95%99%E6%9D%90.md#L2468
EN06-H000-H023	6	9	转录、RNA加工、剪接与核输出	How Cells Read the Genome: From DNA to Protein	Mature Eukaryotic mRNAs Are Selectively Exported from the Nucleus	f5d89cc7862dedb84b248f6c8fbe263acc15177645a3bfab7418e3c764cdceb1	CELL09-E012	https://github.com/kazewwk/test/blob/b036244ba7c8f82d6c35602a5e570d6729b0bee4/%E7%BB%86%E8%83%9E%E7%94%9F%E7%89%A9%E5%AD%A6%E5%88%B6%E5%8D%A1/09_%E7%BB%86%E8%83%9E%E6%A0%B8%E4%B8%8E%E6%9F%93%E8%89%B2%E8%B4%A8/%E6%95%B4%E5%90%88%E6%95%99%E6%9D%90.md#L2646
EN06-H024-H027	6	9	非编码RNA、核仁与核内凝聚体	Noncoding RNAs Are Also Synthesized and Processed in the Nucleus	Summary	c94bb358e5343d902289a312857a8c9afaa053294bb5a356363165d46e826d3a	CELL09-E013	https://github.com/kazewwk/test/blob/b036244ba7c8f82d6c35602a5e570d6729b0bee4/%E7%BB%86%E8%83%9E%E7%94%9F%E7%89%A9%E5%AD%A6%E5%88%B6%E5%8D%A1/09_%E7%BB%86%E8%83%9E%E6%A0%B8%E4%B8%8E%E6%9F%93%E8%89%B2%E8%B4%A8/%E6%95%B4%E5%90%88%E6%95%99%E6%9D%90.md#L4425
EN06-H028-H034	6	10	遗传密码、tRNA、氨酰化与肽链延伸基础	FROM RNA TO PROTEIN	Amino Acids Are Added to the C-terminal End of a Growing Polypeptide Chain	f7773bcfa30a69de6a18aecbbe5128433bbb6c7cdca829e506be967ef079e857	CELL10-E001,CELL10-E010	https://github.com/kazewwk/test/blob/b036244ba7c8f82d6c35602a5e570d6729b0bee4/%E7%BB%86%E8%83%9E%E7%94%9F%E7%89%A9%E5%AD%A6%E5%88%B6%E5%8D%A1/10_%E6%A0%B8%E7%B3%96%E4%BD%93/%E6%95%B4%E5%90%88%E6%95%99%E6%9D%90.md#L392
EN06-H035-H035	6	10	核糖体结构与RNA信息解码	The RNA Message Is Decoded in Ribosomes	The RNA Message Is Decoded in Ribosomes	37647cd568888858f64567d2c90177699795a5efdfbd9cd289b553aa334405ff	CELL10-E002	https://github.com/kazewwk/test/blob/b036244ba7c8f82d6c35602a5e570d6729b0bee4/%E7%BB%86%E8%83%9E%E7%94%9F%E7%89%A9%E5%AD%A6%E5%88%B6%E5%8D%A1/10_%E6%A0%B8%E7%B3%96%E4%BD%93/%E6%95%B4%E5%90%88%E6%95%99%E6%9D%90.md#L144
EN06-H036-H038	6	10	翻译延伸、校对与准确性	Elongation Factors Drive Translation Forward and Improve Its Accuracy	Accuracy in Translation Requires a Large Expenditure of Free Energy	0cabbb6aeb79c66784610b16d1baafd62ac8fb2a240bb1b80224eeed58eb7ad9	CELL10-E002,CELL10-E003,CELL10-E010	https://github.com/kazewwk/test/blob/b036244ba7c8f82d6c35602a5e570d6729b0bee4/%E7%BB%86%E8%83%9E%E7%94%9F%E7%89%A9%E5%AD%A6%E5%88%B6%E5%8D%A1/10_%E6%A0%B8%E7%B3%96%E4%BD%93/%E6%95%B4%E5%90%88%E6%95%99%E6%9D%90.md#L536
EN06-H039-H039	6	10	核糖体的核酶本质	The Ribosome Is a Ribozyme	The Ribosome Is a Ribozyme	40404a6f66fe4b95ec04c734cd87061f9a49b9420bfc26df8f8db56f2089df5b	CELL10-E004	https://github.com/kazewwk/test/blob/b036244ba7c8f82d6c35602a5e570d6729b0bee4/%E7%BB%86%E8%83%9E%E7%94%9F%E7%89%A9%E5%AD%A6%E5%88%B6%E5%8D%A1/10_%E6%A0%B8%E7%B3%96%E4%BD%93/%E6%95%B4%E5%90%88%E6%95%99%E6%9D%90.md#L192
EN06-H040-H046	6	10	翻译起始、终止、多核糖体与质量控制	Nucleotide Sequences in mRNA Signal Where to Start Protein Synthesis	Stalled Ribosomes Can Be Rescued	b6211e017c15203c1524628820f5ca32562fc0fda6994dcc179d08b9408b52c0	CELL10-E005,CELL10-E010	https://github.com/kazewwk/test/blob/b036244ba7c8f82d6c35602a5e570d6729b0bee4/%E7%BB%86%E8%83%9E%E7%94%9F%E7%89%A9%E5%AD%A6%E5%88%B6%E5%8D%A1/10_%E6%A0%B8%E7%B3%96%E4%BD%93/%E6%95%B4%E5%90%88%E6%95%99%E6%9D%90.md#L596
EN06-H047-H052	6	5	分子伴侣、蛋白质折叠、泛素与蛋白酶体	The Ribosome Coordinates the Folding, Enzymatic Modification, and Assembly of Newly Synthesized Proteins	Many Proteins Are Controlled by Regulated Destruction	35ed8d0a820f932c0b7921377b4d02cccc3b6aa64425764519ac075bd4242927	CELL05-E003	https://github.com/kazewwk/test/blob/b036244ba7c8f82d6c35602a5e570d6729b0bee4/%E7%BB%86%E8%83%9E%E7%94%9F%E7%89%A9%E5%AD%A6%E5%88%B6%E5%8D%A1/05_%E7%BB%86%E8%83%9E%E8%B4%A8%E5%9F%BA%E8%B4%A8%E4%B8%8E%E5%86%85%E8%86%9C%E7%B3%BB%E7%BB%9F/%E6%95%B4%E5%90%88%E6%95%99%E6%9D%90.md#L852
EN06-H053-H061	6	10	从DNA到蛋白质及RNA世界	There Are Many Steps from DNA to Protein	Summary	61ee6c86ff59554e697db2e4a0623dedcf5a98446dbf35244c48d38283a51619	CELL10-E006	https://github.com/kazewwk/test/blob/b036244ba7c8f82d6c35602a5e570d6729b0bee4/%E7%BB%86%E8%83%9E%E7%94%9F%E7%89%A9%E5%AD%A6%E5%88%B6%E5%8D%A1/10_%E6%A0%B8%E7%B3%96%E4%BD%93/%E6%95%B4%E5%90%88%E6%95%99%E6%9D%90.md#L698
EN07-H000-H008	7	14	同一基因组产生不同细胞类型	Control of Gene Expression	Summary	5636ce13ef9cf719c754dd38128ae43dfc3233a9905a2b0cacdd06136ca0517f	CELL14-E001	https://github.com/kazewwk/test/blob/b036244ba7c8f82d6c35602a5e570d6729b0bee4/%E7%BB%86%E8%83%9E%E7%94%9F%E7%89%A9%E5%AD%A6%E5%88%B6%E5%8D%A1/14_%E7%BB%86%E8%83%9E%E5%88%86%E5%8C%96%E4%B8%8E%E5%B9%B2%E7%BB%86%E8%83%9E/%E6%95%B4%E5%90%88%E6%95%99%E6%9D%90.md#L174
EN07-H009-H035	7	9	转录因子、顺式调控序列与染色质调控	CONTROL OF TRANSCRIPTION BY SEQUENCE-SPECIFIC DNA-BINDING PROTEINS	Summary	9379ce3f62c69d8a49a454acb48cf4b55d015f4f10611711beaf842287b1730d	CELL09-E014	https://github.com/kazewwk/test/blob/b036244ba7c8f82d6c35602a5e570d6729b0bee4/%E7%BB%86%E8%83%9E%E7%94%9F%E7%89%A9%E5%AD%A6%E5%88%B6%E5%8D%A1/09_%E7%BB%86%E8%83%9E%E6%A0%B8%E4%B8%8E%E6%9F%93%E8%89%B2%E8%B4%A8/%E6%95%B4%E5%90%88%E6%95%99%E6%9D%90.md#L3177
EN07-H036-H041	7	14	组合调控与细胞命运决定	MOLECULAR GENETIC MECHANISMS THAT CREATE AND MAINTAIN SPECIALIZED CELL TYPES	Figure 7–36 The importance of combinatorial gene control for	5b2a1ce0e7fbf98bcf248218e3dcb73c7a09525c9bffd11350ec70ba99854732	CELL14-E002	https://github.com/kazewwk/test/blob/b036244ba7c8f82d6c35602a5e570d6729b0bee4/%E7%BB%86%E8%83%9E%E7%94%9F%E7%89%A9%E5%AD%A6%E5%88%B6%E5%8D%A1/14_%E7%BB%86%E8%83%9E%E5%88%86%E5%8C%96%E4%B8%8E%E5%B9%B2%E7%BB%86%E8%83%9E/%E6%95%B4%E5%90%88%E6%95%99%E6%9D%90.md#L286
EN07-H042-H042	7	14	将特化细胞重编程为多潜能干细胞	Specialized Cell Types Can Be Experimentally Reprogrammed to Become Pluripotent Stem Cells	Specialized Cell Types Can Be Experimentally Reprogrammed to Become Pluripotent Stem Cells	41f304859ca47e29ffcfe9ae9eb4789ead05b0920ec0555b30f9dffe619b8c44	CELL14-E003	https://github.com/kazewwk/test/blob/b036244ba7c8f82d6c35602a5e570d6729b0bee4/%E7%BB%86%E8%83%9E%E7%94%9F%E7%89%A9%E5%AD%A6%E5%88%B6%E5%8D%A1/14_%E7%BB%86%E8%83%9E%E5%88%86%E5%8C%96%E4%B8%8E%E5%B9%B2%E7%BB%86%E8%83%9E/%E6%95%B4%E5%90%88%E6%95%99%E6%9D%90.md#L1481
EN07-H043-H047	7	14	主调控因子与分化细胞身份的维持	Combinations of Master Transcription Regulators Specify Cell Types by Controlling the Expression of Many Genes	Summary	f9d107c648b26eccfbd8902b0d0fa6e6414430fe2d301b379d481f1c6ad13cba	CELL14-E004	https://github.com/kazewwk/test/blob/b036244ba7c8f82d6c35602a5e570d6729b0bee4/%E7%BB%86%E8%83%9E%E7%94%9F%E7%89%A9%E5%AD%A6%E5%88%B6%E5%8D%A1/14_%E7%BB%86%E8%83%9E%E5%88%86%E5%8C%96%E4%B8%8E%E5%B9%B2%E7%BB%86%E8%83%9E/%E6%95%B4%E5%90%88%E6%95%99%E6%9D%90.md#L398
EN07-H048-H055	7	9	DNA甲基化、基因组印记与X染色体失活	MECHANISMS THAT REINFORCE CELL MEMORY IN PLANTS AND ANIMALS	Summary	94cc38fd7d589f35a8b6d79a6fc974389e9ea45ee48fb2645a50191198a93b16	CELL09-E015	https://github.com/kazewwk/test/blob/b036244ba7c8f82d6c35602a5e570d6729b0bee4/%E7%BB%86%E8%83%9E%E7%94%9F%E7%89%A9%E5%AD%A6%E5%88%B6%E5%8D%A1/09_%E7%BB%86%E8%83%9E%E6%A0%B8%E4%B8%8E%E6%9F%93%E8%89%B2%E8%B4%A8/%E6%95%B4%E5%90%88%E6%95%99%E6%9D%90.md#L3553
EN07-H056-H066	7	9	转录后调控：剪接、RNA编辑与定位	POST-TRANSCRIPTIONAL CONTROLS	mRNAs Can Be Localized to Specific Regions of the Cytosol	75d15fb91c19b3ff6df0b930f38159b1d45c02fb38d6b29f76b450443a3180f9	CELL09-E016	https://github.com/kazewwk/test/blob/b036244ba7c8f82d6c35602a5e570d6729b0bee4/%E7%BB%86%E8%83%9E%E7%94%9F%E7%89%A9%E5%AD%A6%E5%88%B6%E5%8D%A1/09_%E7%BB%86%E8%83%9E%E6%A0%B8%E4%B8%8E%E6%9F%93%E8%89%B2%E8%B4%A8/%E6%95%B4%E5%90%88%E6%95%99%E6%9D%90.md#L3715
EN07-H067-H073	7	10	翻译调控、mRNA稳定性与应激颗粒	Untranslated Regions of mRNAs Control Their Translation	Summary	afb5ea96317f701638301d03ed9fc302c027c64bca8ee53ee85ad09383af044e	CELL10-E007,CELL10-E008	https://github.com/kazewwk/test/blob/b036244ba7c8f82d6c35602a5e570d6729b0bee4/%E7%BB%86%E8%83%9E%E7%94%9F%E7%89%A9%E5%AD%A6%E5%88%B6%E5%8D%A1/10_%E6%A0%B8%E7%B3%96%E4%BD%93/%E6%95%B4%E5%90%88%E6%95%99%E6%9D%90.md#L834
EN07-H074-H084	7	9	非编码RNA、RNA干扰与染色质调控	REGULATION OF GENE EXPRESSION BY NONCODING RNAs	Summary	25cfe6195a289c157da8bff52bab8b409369c17428f92705a9ae6cafeb25c9d9	CELL09-E017	https://github.com/kazewwk/test/blob/b036244ba7c8f82d6c35602a5e570d6729b0bee4/%E7%BB%86%E8%83%9E%E7%94%9F%E7%89%A9%E5%AD%A6%E5%88%B6%E5%8D%A1/09_%E7%BB%86%E8%83%9E%E6%A0%B8%E4%B8%8E%E6%9F%93%E8%89%B2%E8%B4%A8/%E6%95%B4%E5%90%88%E6%95%99%E6%9D%90.md#L3905
EN08-H000-H006	8	2	细胞培养、细胞系与杂交瘤单克隆抗体	Analyzing Cells, Molecules, and Systems	Summary	198639328d92d59c41bc931946625abe9845ec1e1bbac06f76612450f9795a7d	CELL02-E002	https://github.com/kazewwk/test/blob/b036244ba7c8f82d6c35602a5e570d6729b0bee4/%E7%BB%86%E8%83%9E%E7%94%9F%E7%89%A9%E5%AD%A6%E5%88%B6%E5%8D%A1/02_%E7%BB%86%E8%83%9E%E7%94%9F%E7%89%A9%E5%AD%A6%E7%A0%94%E7%A9%B6%E6%96%B9%E6%B3%95/%E6%95%B4%E5%90%88%E6%95%99%E6%9D%90.md#L1925
EN08-H007-H021	8	2	细胞分级、蛋白质纯化与生化分析	PURIFYING PROTEINS	Sets of Interacting Proteins Can Be Identified by Biochemical Methods	6a2aa9c05c5b30b72a08c5a789af9767605ac006f6b0bd9a30b5a94e713a2841	CELL02-E003,CELL02-E004	https://github.com/kazewwk/test/blob/b036244ba7c8f82d6c35602a5e570d6729b0bee4/%E7%BB%86%E8%83%9E%E7%94%9F%E7%89%A9%E5%AD%A6%E5%88%B6%E5%8D%A1/02_%E7%BB%86%E8%83%9E%E7%94%9F%E7%89%A9%E5%AD%A6%E7%A0%94%E7%A9%B6%E6%96%B9%E6%B3%95/%E6%95%B4%E5%90%88%E6%95%99%E6%9D%90.md#L1110
EN08-H022-H022	8	2	用光学方法监测蛋白质相互作用	Optical Methods Can Monitor Protein Interactions	Optical Methods Can Monitor Protein Interactions	d8aa3d3098c30fbb014890155f2f3b7a1b63c636f54b0e6ab1a74da7f5165cd1	CELL02-E005,CELL02-E019	https://github.com/kazewwk/test/blob/b036244ba7c8f82d6c35602a5e570d6729b0bee4/%E7%BB%86%E8%83%9E%E7%94%9F%E7%89%A9%E5%AD%A6%E5%88%B6%E5%8D%A1/02_%E7%BB%86%E8%83%9E%E7%94%9F%E7%89%A9%E5%AD%A6%E7%A0%94%E7%A9%B6%E6%96%B9%E6%B3%95/%E6%95%B4%E5%90%88%E6%95%99%E6%9D%90.md#L2123
EN08-H023-H041	8	2	结构分析、核酸操作、PCR与测序	Protein Structure Can Be Determined Using X-ray Diffraction	Summary	faa165c5aa5b7cb75480ebde7b184134f7742b38a4e91ae922513e8e8212cbb3	CELL02-E006	https://github.com/kazewwk/test/blob/b036244ba7c8f82d6c35602a5e570d6729b0bee4/%E7%BB%86%E8%83%9E%E7%94%9F%E7%89%A9%E5%AD%A6%E5%88%B6%E5%8D%A1/02_%E7%BB%86%E8%83%9E%E7%94%9F%E7%89%A9%E5%AD%A6%E7%A0%94%E7%A9%B6%E6%96%B9%E6%B3%95/%E6%95%B4%E5%90%88%E6%95%99%E6%9D%90.md#L1362
EN08-H042-H072	8	2	遗传筛选、CRISPR、RNA干扰与功能基因组学	STUDYING GENE FUNCTION AND EXPRESSION	Summary	2d5ef8da504c1fe664eeb7c3e6cb8770f8b3e1b3571207239c9b6db35bd51a3a	CELL02-E007,CELL02-E008,CELL02-E009,CELL02-E010	https://github.com/kazewwk/test/blob/b036244ba7c8f82d6c35602a5e570d6729b0bee4/%E7%BB%86%E8%83%9E%E7%94%9F%E7%89%A9%E5%AD%A6%E5%88%B6%E5%8D%A1/02_%E7%BB%86%E8%83%9E%E7%94%9F%E7%89%A9%E5%AD%A6%E7%A0%94%E7%A9%B6%E6%96%B9%E6%B3%95/%E6%95%B4%E5%90%88%E6%95%99%E6%9D%90.md#L2908
EN08-H073-H090	8	2	定量研究扩展：细胞网络的数学分析	MATHEMATICAL ANALYSIS OF CELL FUNCTION	Summary	2fb26bbde5bc0fc6dc3cd9d223aa3ec0db3bad298f84f94c10b568ba54e8425a	CELL02-E011	https://github.com/kazewwk/test/blob/b036244ba7c8f82d6c35602a5e570d6729b0bee4/%E7%BB%86%E8%83%9E%E7%94%9F%E7%89%A9%E5%AD%A6%E5%88%B6%E5%8D%A1/02_%E7%BB%86%E8%83%9E%E7%94%9F%E7%89%A9%E5%AD%A6%E7%A0%94%E7%A9%B6%E6%96%B9%E6%B3%95/%E6%95%B4%E5%90%88%E6%95%99%E6%9D%90.md#L2151
EN09-H000-H008	9	2	光学显微镜、图像处理与荧光定位	Visualizing Cells and Their Molecules	Specific Molecules Can Be Located in Cells by Fluorescence Microscopy	cbe465f049b8b9750f909b8d2d706c12ed404df4f4ad10b14c193d09f25bc769	CELL02-E012	https://github.com/kazewwk/test/blob/b036244ba7c8f82d6c35602a5e570d6729b0bee4/%E7%BB%86%E8%83%9E%E7%94%9F%E7%89%A9%E5%AD%A6%E5%88%B6%E5%8D%A1/02_%E7%BB%86%E8%83%9E%E7%94%9F%E7%89%A9%E5%AD%A6%E7%A0%94%E7%A9%B6%E6%96%B9%E6%B3%95/%E6%95%B4%E5%90%88%E6%95%99%E6%9D%90.md#L314
EN09-H009-H010	9	2	抗体定位与荧光蛋白标记	Antibodies Can Be Used to Detect Specific Proteins	Individual Proteins Can Be Fluorescently Tagged in Living Cells and Organisms	c2fc2890264f336ac627b8f0a9573d09c2e7057a44dad8f85b2a0eca8acd90ef	CELL02-E013	https://github.com/kazewwk/test/blob/b036244ba7c8f82d6c35602a5e570d6729b0bee4/%E7%BB%86%E8%83%9E%E7%94%9F%E7%89%A9%E5%AD%A6%E5%88%B6%E5%8D%A1/02_%E7%BB%86%E8%83%9E%E7%94%9F%E7%89%A9%E5%AD%A6%E7%A0%94%E7%A9%B6%E6%96%B9%E6%B3%95/%E6%95%B4%E5%90%88%E6%95%99%E6%9D%90.md#L1761
EN09-H011-H012	9	2	活细胞蛋白质动力学与荧光生物传感器	Protein Dynamics Can Be Followed in Living Cells	Fluorescent Biosensors Can Monitor Cell Signaling	35b66147be16c846b0527bcc7758ab1fb9740162a9fe26d8e9dad64624bf53f8	CELL02-E014,CELL02-E015	https://github.com/kazewwk/test/blob/b036244ba7c8f82d6c35602a5e570d6729b0bee4/%E7%BB%86%E8%83%9E%E7%94%9F%E7%89%A9%E5%AD%A6%E5%88%B6%E5%8D%A1/02_%E7%BB%86%E8%83%9E%E7%94%9F%E7%89%A9%E5%AD%A6%E7%A0%94%E7%A9%B6%E6%96%B9%E6%B3%95/%E6%95%B4%E5%90%88%E6%95%99%E6%9D%90.md#L2517
EN09-H013-H034	9	2	共焦、超分辨率、TIRF、电子显微镜与冷冻电镜	Imaging of Complex Three-dimensional Objects Is Possible with the Optical Microscope	Summary	bcf541d6abec45d39b6e70e130a082ce253f869ae8ccab5da9170db8410b2bc0	CELL02-E016	https://github.com/kazewwk/test/blob/b036244ba7c8f82d6c35602a5e570d6729b0bee4/%E7%BB%86%E8%83%9E%E7%94%9F%E7%89%A9%E5%AD%A6%E5%88%B6%E5%8D%A1/02_%E7%BB%86%E8%83%9E%E7%94%9F%E7%89%A9%E5%AD%A6%E7%A0%94%E7%A9%B6%E6%96%B9%E6%B3%95/%E6%95%B4%E5%90%88%E6%95%99%E6%9D%90.md#L536
EN10-H000-H004	10	3	膜的共同结构、膜脂与脂双层自组装	INTERNAL ORGANIZATION OF THE CELL	Phospholipids Spontaneously Form Bilayers	f50b29b0123383c5819a323d315bddc968c601c1e827594707fcff444e6bb59c	CELL03-E001	https://github.com/kazewwk/test/blob/b036244ba7c8f82d6c35602a5e570d6729b0bee4/%E7%BB%86%E8%83%9E%E7%94%9F%E7%89%A9%E5%AD%A6%E5%88%B6%E5%8D%A1/03_%E7%BB%86%E8%83%9E%E8%B4%A8%E8%86%9C/%E6%95%B4%E5%90%88%E6%95%99%E6%9D%90.md#L271
EN10-H005-H010	10	3	膜流动性、膜域、脂滴与膜不对称性	The Lipid Bilayer Is a Two-dimensional Fluid	Glycolipids Are Found on the Surface of All Eukaryotic Plasma Membranes	c850fa61f15dc8b98d6e1a35aeda317b953b0830b7311176d67049428e9dbf0e	CELL03-E002	https://github.com/kazewwk/test/blob/b036244ba7c8f82d6c35602a5e570d6729b0bee4/%E7%BB%86%E8%83%9E%E7%94%9F%E7%89%A9%E5%AD%A6%E5%88%B6%E5%8D%A1/03_%E7%BB%86%E8%83%9E%E8%B4%A8%E8%86%9C/%E6%95%B4%E5%90%88%E6%95%99%E6%9D%90.md#L748
EN10-H011-H021	10	3	膜蛋白类型、跨膜结构、糖基化与去垢剂	Summary	Membrane Proteins Often Function as Large Complexes	ec8df06b07845c2e17d05918c12fa10db21744555aa48cf74a26848fbd17ac94	CELL03-E003,CELL03-E006	https://github.com/kazewwk/test/blob/b036244ba7c8f82d6c35602a5e570d6729b0bee4/%E7%BB%86%E8%83%9E%E7%94%9F%E7%89%A9%E5%AD%A6%E5%88%B6%E5%8D%A1/03_%E7%BB%86%E8%83%9E%E8%B4%A8%E8%86%9C/%E6%95%B4%E5%90%88%E6%95%99%E6%9D%90.md#L359
EN10-H022-H026	10	3	膜蛋白扩散、膜域限制与膜骨架	Many Membrane Proteins Diffuse in the Plane of the Membrane	Summary	6ac765a7674401fa0b8bfe5e5e520d5f1809cb86dea82ee70d8ea98c9f181e18	CELL03-E004	https://github.com/kazewwk/test/blob/b036244ba7c8f82d6c35602a5e570d6729b0bee4/%E7%BB%86%E8%83%9E%E7%94%9F%E7%89%A9%E5%AD%A6%E5%88%B6%E5%8D%A1/03_%E7%BB%86%E8%83%9E%E8%B4%A8%E8%86%9C/%E6%95%B4%E5%90%88%E6%95%99%E6%9D%90.md#L888
EN11-H000-H008	11	4	膜运输原则、载体、通道与协同运输	Small-Molecule Transport and Electrical Properties of Membranes	An Asymmetric Distribution of Transporters in Epithelial Cells Underlies the Transcellular Transport of Solutes	8a48ed10acf7146f1b868572932b01e9031da3ff65e2d1a776f96ab9b2ceeb3c	CELL04-E001,CELL04-E012	https://github.com/kazewwk/test/blob/b036244ba7c8f82d6c35602a5e570d6729b0bee4/%E7%BB%86%E8%83%9E%E7%94%9F%E7%89%A9%E5%AD%A6%E5%88%B6%E5%8D%A1/04_%E7%89%A9%E8%B4%A8%E7%9A%84%E8%B7%A8%E8%86%9C%E8%BF%90%E8%BE%93/%E6%95%B4%E5%90%88%E6%95%99%E6%9D%90.md#L165
EN11-H009-H013	11	4	ATP驱动泵、P型泵、钠钾泵与ABC转运蛋白	There Are Three Classes of ATP-driven Pumps	Summary	0514bb31b4b40ca6fdc738ed10c0625288508d0d6917d66012f301b45547df34	CELL04-E002	https://github.com/kazewwk/test/blob/b036244ba7c8f82d6c35602a5e570d6729b0bee4/%E7%BB%86%E8%83%9E%E7%94%9F%E7%89%A9%E5%AD%A6%E5%88%B6%E5%8D%A1/04_%E7%89%A9%E8%B4%A8%E7%9A%84%E8%B7%A8%E8%86%9C%E8%BF%90%E8%BE%93/%E6%95%B4%E5%90%88%E6%95%99%E6%9D%90.md#L526
EN11-H014-H016	11	4	水孔蛋白、离子选择性与通道门控	CHANNELS AND THE ELECTRICAL PROPERTIES OF MEMBRANES	Ion Channels Are Ion-selective and Fluctuate Between Open and Closed States	10692b5fe645724332a321d6a8dc729bdd5b80667e86ef1467f0c315ab1a2428	CELL04-E003,CELL04-E004	https://github.com/kazewwk/test/blob/b036244ba7c8f82d6c35602a5e570d6729b0bee4/%E7%BB%86%E8%83%9E%E7%94%9F%E7%89%A9%E5%AD%A6%E5%88%B6%E5%8D%A1/04_%E7%89%A9%E8%B4%A8%E7%9A%84%E8%B7%A8%E8%86%9C%E8%BF%90%E8%BE%93/%E6%95%B4%E5%90%88%E6%95%99%E6%9D%90.md#L327
EN11-H017-H039	11	4	膜电位、Nernst方程、动作电位与离子通道	The Membrane Potential in Animal Cells Depends Mainly on $\mathsf { K } ^ { + }$ Leak Channels and the $\mathsf { K } ^ { + }$ Gradient Across the Plasma Membrane	Summary	aeb3c6eff7436d5db00d802e44a57cffdb7345a1dd564760f4fc7d0203585832	CELL04-E004,CELL04-E005,CELL04-E006	https://github.com/kazewwk/test/blob/b036244ba7c8f82d6c35602a5e570d6729b0bee4/%E7%BB%86%E8%83%9E%E7%94%9F%E7%89%A9%E5%AD%A6%E5%88%B6%E5%8D%A1/04_%E7%89%A9%E8%B4%A8%E7%9A%84%E8%B7%A8%E8%86%9C%E8%BF%90%E8%BE%93/%E6%95%B4%E5%90%88%E6%95%99%E6%9D%90.md#L616
EN12-H000-H007	12	5	细胞区室化与无膜生物分子凝聚体	Intracellular Organization and Protein Sorting	Biomolecular Condensates Form and Disassemble in Response to Need	278b3b9e2fd18e66dbf90e4ba0c7e9c5bff4840fa473dce4c04f63c0a2bcaade	CELL05-E002,CELL05-E004	https://github.com/kazewwk/test/blob/b036244ba7c8f82d6c35602a5e570d6729b0bee4/%E7%BB%86%E8%83%9E%E7%94%9F%E7%89%A9%E5%AD%A6%E5%88%B6%E5%8D%A1/05_%E7%BB%86%E8%83%9E%E8%B4%A8%E5%9F%BA%E8%B4%A8%E4%B8%8E%E5%86%85%E8%86%9C%E7%B3%BB%E7%BB%9F/%E6%95%B4%E5%90%88%E6%95%99%E6%9D%90.md#L972
EN12-H008-H011	12	6	分选信号、分选受体与区室间转运	Proteins Can Move Between Compartments in Different Ways	Summary	8434fe0ae97864c40336b510698d94d3666f451d167601762e869e47a768f62a	CELL06-E001,CELL06-E009	https://github.com/kazewwk/test/blob/b036244ba7c8f82d6c35602a5e570d6729b0bee4/%E7%BB%86%E8%83%9E%E7%94%9F%E7%89%A9%E5%AD%A6%E5%88%B6%E5%8D%A1/06_%E8%9B%8B%E7%99%BD%E8%B4%A8%E5%88%86%E9%80%89%E4%B8%8E%E8%86%9C%E6%B3%A1%E8%BF%90%E8%BE%93/%E6%95%B4%E5%90%88%E6%95%99%E6%9D%90.md#L158
EN12-H012-H013	12	5	内质网的结构与功能	THE ENDOPLASMIC RETICULUM	The ER Is Structurally and Functionally Diverse	b40608d6ae4213bd31e679c190bbab4f958cb0f3a5cd53f25252001adb6135b6	CELL05-E005	https://github.com/kazewwk/test/blob/b036244ba7c8f82d6c35602a5e570d6729b0bee4/%E7%BB%86%E8%83%9E%E7%94%9F%E7%89%A9%E5%AD%A6%E5%88%B6%E5%8D%A1/05_%E7%BB%86%E8%83%9E%E8%B4%A8%E5%9F%BA%E8%B4%A8%E4%B8%8E%E5%86%85%E8%86%9C%E7%B3%BB%E7%BB%9F/%E6%95%B4%E5%90%88%E6%95%99%E6%9D%90.md#L1622
EN12-H014-H020	12	6	SRP、转位子、膜蛋白拓扑与GPI锚定	Signal Sequences Were First Discovered in Proteins Imported into the Rough ER	Some Membrane Proteins Acquire a Covalently Attached Glycosylphosphatidylinositol (GPI) Anchor	918ebd398ae4ef2dadd37061b7f3aee390b9145ab4fed80e7188ddb0ed1b0036	CELL06-E002,CELL06-E009	https://github.com/kazewwk/test/blob/b036244ba7c8f82d6c35602a5e570d6729b0bee4/%E7%BB%86%E8%83%9E%E7%94%9F%E7%89%A9%E5%AD%A6%E5%88%B6%E5%8D%A1/06_%E8%9B%8B%E7%99%BD%E8%B4%A8%E5%88%86%E9%80%89%E4%B8%8E%E8%86%9C%E6%B3%A1%E8%BF%90%E8%BE%93/%E6%95%B4%E5%90%88%E6%95%99%E6%9D%90.md#L270
EN12-H021-H031	12	5	内质网加工、糖基化、未折叠蛋白应答与过氧化物酶体	Translocated Polypeptide Chains Fold and Assemble in the Lumen of the Rough ER	Peroxisomes Use Molecular Oxygen and Hydrogen Peroxide to Perform Oxidation Reactions	e2c0e4378c9cb066f122115370af070d4c45f220394dff243947074ea9c7150b	CELL05-E006,CELL05-E012	https://github.com/kazewwk/test/blob/b036244ba7c8f82d6c35602a5e570d6729b0bee4/%E7%BB%86%E8%83%9E%E7%94%9F%E7%89%A9%E5%AD%A6%E5%88%B6%E5%8D%A1/05_%E7%BB%86%E8%83%9E%E8%B4%A8%E5%9F%BA%E8%B4%A8%E4%B8%8E%E5%86%85%E8%86%9C%E7%B3%BB%E7%BB%9F/%E6%95%B4%E5%90%88%E6%95%99%E6%9D%90.md#L1672
EN12-H032-H041	12	6	过氧化物酶体、线粒体与叶绿体的蛋白质输入	Short Signal Sequences Direct the Import of Proteins into Peroxisomes	Summary	fe361b70e9ce6adf368c353f57c262e4a93079799aa47b9f166a4771a41d0b32	CELL06-E003,CELL06-E004,CELL06-E009	https://github.com/kazewwk/test/blob/b036244ba7c8f82d6c35602a5e570d6729b0bee4/%E7%BB%86%E8%83%9E%E7%94%9F%E7%89%A9%E5%AD%A6%E5%88%B6%E5%8D%A1/06_%E8%9B%8B%E7%99%BD%E8%B4%A8%E5%88%86%E9%80%89%E4%B8%8E%E8%86%9C%E6%B3%A1%E8%BF%90%E8%BE%93/%E6%95%B4%E5%90%88%E6%95%99%E6%9D%90.md#L410
EN12-H042-H050	12	9	核孔、核定位信号、Ran与核质运输	THE TRANSPORT OF MOLECULES BETWEEN THE NUCLEUS AND THE CYTOSOL	Summary	f1c472bfbfd08d9217d1417655af4f508317b680539fea8192285e810dfadc13	CELL06-E009,CELL09-E018	https://github.com/kazewwk/test/blob/b036244ba7c8f82d6c35602a5e570d6729b0bee4/%E7%BB%86%E8%83%9E%E7%94%9F%E7%89%A9%E5%AD%A6%E5%88%B6%E5%8D%A1/09_%E7%BB%86%E8%83%9E%E6%A0%B8%E4%B8%8E%E6%9F%93%E8%89%B2%E8%B4%A8/%E6%95%B4%E5%90%88%E6%95%99%E6%9D%90.md#L149
EN13-H000-H018	13	6	包被膜泡、Rab、SNARE与膜融合	Intracellular Membrane Traffic	Summary	4113dfcac525400ca8708998260a8d0402a4aa3f497056bd0d6fe985b1c4bec6	CELL06-E005	https://github.com/kazewwk/test/blob/b036244ba7c8f82d6c35602a5e570d6729b0bee4/%E7%BB%86%E8%83%9E%E7%94%9F%E7%89%A9%E5%AD%A6%E5%88%B6%E5%8D%A1/06_%E8%9B%8B%E7%99%BD%E8%B4%A8%E5%88%86%E9%80%89%E4%B8%8E%E8%86%9C%E6%B3%A1%E8%BF%90%E8%BE%93/%E6%95%B4%E5%90%88%E6%95%99%E6%9D%90.md#L711
EN13-H019-H024	13	6	COPII、内质网输出、回收与驻留信号	TRANSPORT FROM THE ENDOPLASMIC RETICULUM THROUGH THE GOLGI APPARATUS	Many Proteins Are Selectively Retained in the Compartments in Which They Function	05740d1e72dbdf2000dee0bcbbc509edd248711f2dd99eb49e4322ddccfdcdda	CELL06-E006	https://github.com/kazewwk/test/blob/b036244ba7c8f82d6c35602a5e570d6729b0bee4/%E7%BB%86%E8%83%9E%E7%94%9F%E7%89%A9%E5%AD%A6%E5%88%B6%E5%8D%A1/06_%E8%9B%8B%E7%99%BD%E8%B4%A8%E5%88%86%E9%80%89%E4%B8%8E%E8%86%9C%E6%B3%A1%E8%BF%90%E8%BE%93/%E6%95%B4%E5%90%88%E6%95%99%E6%9D%90.md#L1035
EN13-H025-H031	13	5	高尔基体结构、糖链加工与运输模型	The Golgi Apparatus Consists of an Ordered Series of Compartments	Summary	e8e361421eba86be6e3ae0c6b49499da31025a611fadde9416405591b5731b43	CELL05-E007	https://github.com/kazewwk/test/blob/b036244ba7c8f82d6c35602a5e570d6729b0bee4/%E7%BB%86%E8%83%9E%E7%94%9F%E7%89%A9%E5%AD%A6%E5%88%B6%E5%8D%A1/05_%E7%BB%86%E8%83%9E%E8%B4%A8%E5%9F%BA%E8%B4%A8%E4%B8%8E%E5%86%85%E8%86%9C%E7%B3%BB%E7%BB%9F/%E6%95%B4%E5%90%88%E6%95%99%E6%9D%90.md#L1864
EN13-H032-H033	13	4	反面高尔基网络到细胞表面的运输	TRANSPORT FROM THE TRANS GOLGI NETWORK TO THE CELL EXTERIOR AND ENDOSOMES	Many Proteins and Lipids Are Carried Automatically from the Trans Golgi Network to the Cell Surface	dd2167a1e4f560f83ef33feba4fe400f899ca11272b1ec95c1359f9230de9eeb	CELL04-E007	https://github.com/kazewwk/test/blob/b036244ba7c8f82d6c35602a5e570d6729b0bee4/%E7%BB%86%E8%83%9E%E7%94%9F%E7%89%A9%E5%AD%A6%E5%88%B6%E5%8D%A1/04_%E7%89%A9%E8%B4%A8%E7%9A%84%E8%B7%A8%E8%86%9C%E8%BF%90%E8%BE%93/%E6%95%B4%E5%90%88%E6%95%99%E6%9D%90.md#L1272
EN13-H034-H035	13	5	溶酶体水解酶分选与储积病	A Mannose 6-Phosphate Receptor Sorts Lysosomal Hydrolases in the Trans Golgi Network	Defects in the GlcNAc Phosphotransferase Cause a Lysosomal Storage Disease in Humans	5f7f3f49f1ca11aec3e563280db220a28a356af4c26bcfb0216bc596f5bb18f2	CELL05-E008	https://github.com/kazewwk/test/blob/b036244ba7c8f82d6c35602a5e570d6729b0bee4/%E7%BB%86%E8%83%9E%E7%94%9F%E7%89%A9%E5%AD%A6%E5%88%B6%E5%8D%A1/05_%E7%BB%86%E8%83%9E%E8%B4%A8%E5%9F%BA%E8%B4%A8%E4%B8%8E%E5%86%85%E8%86%9C%E7%B3%BB%E7%BB%9F/%E6%95%B4%E5%90%88%E6%95%99%E6%9D%90.md#L2020
EN13-H036-H054	13	4	调节性胞吐、受体介导胞吞与内体回收	Secretory Vesicles Bud from the Trans Golgi Network	Summary	41cbf9ea8a6fec509f50ec0dfa674d28017d59a2b301d9871f4289ca5e0cf08d	CELL04-E008	https://github.com/kazewwk/test/blob/b036244ba7c8f82d6c35602a5e570d6729b0bee4/%E7%BB%86%E8%83%9E%E7%94%9F%E7%89%A9%E5%AD%A6%E5%88%B6%E5%8D%A1/04_%E7%89%A9%E8%B4%A8%E7%9A%84%E8%B7%A8%E8%86%9C%E8%BF%90%E8%BE%93/%E6%95%B4%E5%90%88%E6%95%99%E6%9D%90.md#L1306
EN13-H055-H059	13	5	溶酶体、液泡与胞内消化途径	THE DEGRADATION AND RECYCLING OF MACROMOLECULES IN LYSOSOMES	Multiple Pathways Deliver Materials to Lysosomes	5ede22d9ab3f9ef29f364d6fdee128ae4467632fe5a2d6fe9b3b23c1ce560dc3	CELL05-E009	https://github.com/kazewwk/test/blob/b036244ba7c8f82d6c35602a5e570d6729b0bee4/%E7%BB%86%E8%83%9E%E7%94%9F%E7%89%A9%E5%AD%A6%E5%88%B6%E5%8D%A1/05_%E7%BB%86%E8%83%9E%E8%B4%A8%E5%9F%BA%E8%B4%A8%E4%B8%8E%E5%86%85%E8%86%9C%E7%B3%BB%E7%BB%9F/%E6%95%B4%E5%90%88%E6%95%99%E6%9D%90.md#L2064
EN13-H060-H062	13	4	巨胞饮与吞噬作用	Cells Can Acquire Nutrients from the Extracellular Fluid by Macropinocytosis	Cargo Recognition by Cell-surface Receptors Initiates Phagocytosis	cae4dae307d8516350e94ce47fd20934a4ea6a1dc5c580fe77cb7e92df3a3430	CELL04-E009	https://github.com/kazewwk/test/blob/b036244ba7c8f82d6c35602a5e570d6729b0bee4/%E7%BB%86%E8%83%9E%E7%94%9F%E7%89%A9%E5%AD%A6%E5%88%B6%E5%8D%A1/04_%E7%89%A9%E8%B4%A8%E7%9A%84%E8%B7%A8%E8%86%9C%E8%BF%90%E8%BE%93/%E6%95%B4%E5%90%88%E6%95%99%E6%9D%90.md#L1630
EN13-H063-H067	13	5	自噬、选择性自噬与溶酶体胞吐	Autophagy Degrades Unwanted Proteins and Organelles	Summary	4dc9033cda8714418fc1025a9d05efc94ae45d044152a791b5177ed57ff7546a	CELL05-E010	https://github.com/kazewwk/test/blob/b036244ba7c8f82d6c35602a5e570d6729b0bee4/%E7%BB%86%E8%83%9E%E7%94%9F%E7%89%A9%E5%AD%A6%E5%88%B6%E5%8D%A1/05_%E7%BB%86%E8%83%9E%E8%B4%A8%E5%9F%BA%E8%B4%A8%E4%B8%8E%E5%86%85%E8%86%9C%E7%B3%BB%E7%BB%9F/%E6%95%B4%E5%90%88%E6%95%99%E6%9D%90.md#L2144
EN14-H000-H034	14	7	线粒体、电子传递链与氧化磷酸化	Energy Conversion and Metabolic Compartmentation: Mitochondria and Chloroplasts	Summary	e054d9cfa8345c2832813b06490e4b9e757954e43d08cc43d69db015600252a5	CELL07-E005,CELL07-E006,CELL07-E013	https://github.com/kazewwk/test/blob/b036244ba7c8f82d6c35602a5e570d6729b0bee4/%E7%BB%86%E8%83%9E%E7%94%9F%E7%89%A9%E5%AD%A6%E5%88%B6%E5%8D%A1/07_%E7%BA%BF%E7%B2%92%E4%BD%93%E5%92%8C%E5%8F%B6%E7%BB%BF%E4%BD%93/%E6%95%B4%E5%90%88%E6%95%99%E6%9D%90.md#L1335
EN14-H035-H053	14	7	叶绿体、碳同化、光系统与光合磷酸化	CHLOROPLASTS AND PHOTOSYNTHESIS	Summary	f7d36eebcd2b2ed187fa754c49906dbe542a1a2d823d54cc11dbf35e2a40bdba	CELL07-E007,CELL07-E008	https://github.com/kazewwk/test/blob/b036244ba7c8f82d6c35602a5e570d6729b0bee4/%E7%BB%86%E8%83%9E%E7%94%9F%E7%89%A9%E5%AD%A6%E5%88%B6%E5%8D%A1/07_%E7%BA%BF%E7%B2%92%E4%BD%93%E5%92%8C%E5%8F%B6%E7%BB%BF%E4%BD%93/%E6%95%B4%E5%90%88%E6%95%99%E6%9D%90.md#L2217
EN14-H054-H062	14	7	细胞器遗传系统、基因转移与半自主性	THE GENETIC SYSTEMS OF MITOCHONDRIA AND CHLOROPLASTS	Summary	b6c33caf1abb623f136bd8db80e6f63a85eed5b1dcc11aa15db40136a1ec9367	CELL07-E009,CELL07-E010	https://github.com/kazewwk/test/blob/b036244ba7c8f82d6c35602a5e570d6729b0bee4/%E7%BB%86%E8%83%9E%E7%94%9F%E7%89%A9%E5%AD%A6%E5%88%B6%E5%8D%A1/07_%E7%BA%BF%E7%B2%92%E4%BD%93%E5%92%8C%E5%8F%B6%E7%BB%BF%E4%BD%93/%E6%95%B4%E5%90%88%E6%95%99%E6%9D%90.md#L2723
EN15-H000-H009	15	11	细胞通信、受体、分子开关与信号复合物	Cell Signaling	Modular Interaction Domains Mediate Interactions Between Intracellular Signaling Proteins	056b58b2b2f41d42f1a23190a35da92a184e3c60dfd53d6b745c73ea827a04fe	CELL11-E001	https://github.com/kazewwk/test/blob/b036244ba7c8f82d6c35602a5e570d6729b0bee4/%E7%BB%86%E8%83%9E%E7%94%9F%E7%89%A9%E5%AD%A6%E5%88%B6%E5%8D%A1/11_%E7%BB%86%E8%83%9E%E4%BF%A1%E5%8F%B7%E8%BD%AC%E5%AF%BC/%E6%95%B4%E5%90%88%E6%95%99%E6%9D%90.md#L179
EN15-H010-H016	15	11	信号响应、正负反馈、噪声与适应	The Relationship Between Signal and Response Varies in Different Signaling Pathways	Summary	555aa85f0cfc84c3b1f000be220156a44ac0595cae42509481168d49d3b49927	CELL11-E002,CELL11-E012	https://github.com/kazewwk/test/blob/b036244ba7c8f82d6c35602a5e570d6729b0bee4/%E7%BB%86%E8%83%9E%E7%94%9F%E7%89%A9%E5%AD%A6%E5%88%B6%E5%8D%A1/11_%E7%BB%86%E8%83%9E%E4%BF%A1%E5%8F%B7%E8%BD%AC%E5%AF%BC/%E6%95%B4%E5%90%88%E6%95%99%E6%9D%90.md#L1884
EN15-H017-H028	15	11	GPCR、cAMP、钙、NO与第二信使	SIGNALING THROUGH G-PROTEIN-COUPLED RECEPTORS	Second Messengers and Enzymatic Cascades Amplify Signals	5729b6676b7521ae48f2e6b8495ff41abde47b5ed95e5daec93ca96b8b150848	CELL11-E003	https://github.com/kazewwk/test/blob/b036244ba7c8f82d6c35602a5e570d6729b0bee4/%E7%BB%86%E8%83%9E%E7%94%9F%E7%89%A9%E5%AD%A6%E5%88%B6%E5%8D%A1/11_%E7%BB%86%E8%83%9E%E4%BF%A1%E5%8F%B7%E8%BD%AC%E5%AF%BC/%E6%95%B4%E5%90%88%E6%95%99%E6%9D%90.md#L740
EN15-H029-H030	15	11	GPCR脱敏与受体磷酸化	GPCR Desensitization Depends on Receptor Phosphorylation	Summary	3ca2346898ace62f89a92f129f22318fca6d0dc9c276d029a37d26499c80ff75	CELL11-E004	https://github.com/kazewwk/test/blob/b036244ba7c8f82d6c35602a5e570d6729b0bee4/%E7%BB%86%E8%83%9E%E7%94%9F%E7%89%A9%E5%AD%A6%E5%88%B6%E5%8D%A1/11_%E7%BB%86%E8%83%9E%E4%BF%A1%E5%8F%B7%E8%BD%AC%E5%AF%BC/%E6%95%B4%E5%90%88%E6%95%99%E6%9D%90.md#L2044
EN15-H031-H054	15	11	RTK、Ras-MAPK、PI3K-Akt、JAK-STAT、TGFβ及其他通路	SIGNALING THROUGH ENZYME-COUPLED RECEPTORS	Summary	2a3ea0ad9fbfd0ae82298520e8e5ce03958a253b080bd20f1e7bcf2ad7956ba6	CELL11-030,CELL11-146,CELL11-147,CELL11-148,CELL11-149,CELL11-150,CELL11-152,CELL11-154,CELL11-156,CELL11-157,CELL11-158,CELL11-160,CELL11-161,CELL11-162,CELL11-163,CELL11-164,CELL11-165,CELL11-166,CELL11-167,CELL11-178,CELL11-180,CELL11-181,CELL11-182,CELL11-183,CELL11-184,CELL11-185,CELL11-204,CELL11-207,CELL11-E005,CELL11-E006	https://github.com/kazewwk/test/blob/b036244ba7c8f82d6c35602a5e570d6729b0bee4/%E7%BB%86%E8%83%9E%E7%94%9F%E7%89%A9%E5%AD%A6%E5%88%B6%E5%8D%A1/11_%E7%BB%86%E8%83%9E%E4%BF%A1%E5%8F%B7%E8%BD%AC%E5%AF%BC/%E6%95%B4%E5%90%88%E6%95%99%E6%9D%90.md#L1260
EN15-H055-H061	15	11	扩展：植物细胞的信号通信	SIGNALING IN PLANTS	Summary	958e00e449752b305a3aacf7e4d71755a9458e6dc53af5536fd24c9a4fe4f983	CELL11-E007,CELL11-E008	https://github.com/kazewwk/test/blob/b036244ba7c8f82d6c35602a5e570d6729b0bee4/%E7%BB%86%E8%83%9E%E7%94%9F%E7%89%A9%E5%AD%A6%E5%88%B6%E5%8D%A1/11_%E7%BB%86%E8%83%9E%E4%BF%A1%E5%8F%B7%E8%BD%AC%E5%AF%BC/%E6%95%B4%E5%90%88%E6%95%99%E6%9D%90.md#L383
EN16-H000-H046	16	8	骨架动力学、微丝、肌球蛋白与肌肉收缩	The Cytoskeleton	Summary	0f76c22749860e41e6e10d1554097843fdcfa39df145d50cb51d64805514665c	CELL08-E001,CELL08-E002,CELL08-E003	https://github.com/kazewwk/test/blob/b036244ba7c8f82d6c35602a5e570d6729b0bee4/%E7%BB%86%E8%83%9E%E7%94%9F%E7%89%A9%E5%AD%A6%E5%88%B6%E5%8D%A1/08_%E7%BB%86%E8%83%9E%E9%AA%A8%E6%9E%B6/%E6%95%B4%E5%90%88%E6%95%99%E6%9D%90.md#L321
EN16-H047-H062	16	8	微管、动态不稳定性、马达、纤毛与鞭毛	MICROTUBULES	Summary	96feb2eb6c45a021780b7eea4a63f23f0cdcdda0eabba5ad1adabe8e6f87b1ef	CELL08-E004,CELL08-E005	https://github.com/kazewwk/test/blob/b036244ba7c8f82d6c35602a5e570d6729b0bee4/%E7%BB%86%E8%83%9E%E7%94%9F%E7%89%A9%E5%AD%A6%E5%88%B6%E5%8D%A1/08_%E7%BB%86%E8%83%9E%E9%AA%A8%E6%9E%B6/%E6%95%B4%E5%90%88%E6%95%99%E6%9D%90.md#L1503
EN16-H063-H069	16	8	中间丝、骨架连接与其他骨架聚合物	INTERMEDIATE FILAMENTS AND OTHER CYTOSKELETAL POLYMERS	Summary	39158a6c170425fae9b95500748feb70816f7bb3e8e761426befdd426424117b	CELL08-E006	https://github.com/kazewwk/test/blob/b036244ba7c8f82d6c35602a5e570d6729b0bee4/%E7%BB%86%E8%83%9E%E7%94%9F%E7%89%A9%E5%AD%A6%E5%88%B6%E5%8D%A1/08_%E7%BB%86%E8%83%9E%E9%AA%A8%E6%9E%B6/%E6%95%B4%E5%90%88%E6%95%99%E6%9D%90.md#L1971
EN16-H070-H077	16	8	细胞极性、Rho家族与协调迁移	CELL POLARITY AND COORDINATION OF THE CYTOSKELETON	Summary	67446b722b40244e2cce62401a9b0c8b95a0689ea6301b80d603c27919b1752c	CELL08-E007,CELL08-E010	https://github.com/kazewwk/test/blob/b036244ba7c8f82d6c35602a5e570d6729b0bee4/%E7%BB%86%E8%83%9E%E7%94%9F%E7%89%A9%E5%AD%A6%E5%88%B6%E5%8D%A1/08_%E7%BB%86%E8%83%9E%E9%AA%A8%E6%9E%B6/%E6%95%B4%E5%90%88%E6%95%99%E6%9D%90.md#L1011
EN17-H000-H005	17	12	细胞周期时相、共同机制与研究方法	The Cell Cycle	Summary	b8d9e87f674fdb18dd026fa05cfce3e038735eed326a3b2e79f39d553db3880b	CELL12-E002	https://github.com/kazewwk/test/blob/b036244ba7c8f82d6c35602a5e570d6729b0bee4/%E7%BB%86%E8%83%9E%E7%94%9F%E7%89%A9%E5%AD%A6%E5%88%B6%E5%8D%A1/12_%E7%BB%86%E8%83%9E%E5%91%A8%E6%9C%9F%E4%B8%8E%E7%BB%86%E8%83%9E%E5%88%86%E8%A3%82/%E6%95%B4%E5%90%88%E6%95%99%E6%9D%90.md#L182
EN17-H006-H015	17	13	周期蛋白-CDK、磷酸酶、APC/C与生化开关	THE CELL-CYCLE CONTROL SYSTEM	Summary	743fe72e568171790d7ebfc5980540269e029911c9faf23c52763be03015c771	CELL13-034,CELL13-035,CELL13-036,CELL13-039,CELL13-076,CELL13-E001,CELL13-E002	https://github.com/kazewwk/test/blob/b036244ba7c8f82d6c35602a5e570d6729b0bee4/%E7%BB%86%E8%83%9E%E7%94%9F%E7%89%A9%E5%AD%A6%E5%88%B6%E5%8D%A1/13_%E7%BB%86%E8%83%9E%E5%A2%9E%E6%AE%96%E8%B0%83%E6%8E%A7%E4%B8%8E%E7%99%8C%E7%BB%86%E8%83%9E/%E6%95%B4%E5%90%88%E6%95%99%E6%9D%90.md#L227
EN17-H016-H020	17	12	S期、一次复制与姐妹染色单体黏连	S PHASE	Summary	19673f96236774e9171e70a8548c2082c8a60106e24b113e1571ad838b34fdc3	CELL12-E003,CELL12-E007,CELL13-048,CELL13-049,CELL13-050,CELL13-051,CELL13-052,CELL13-053,CELL13-054,CELL13-055,CELL13-056,CELL13-057,CELL13-058,CELL13-059,CELL13-060,CELL13-082,CELL13-083,CELL13-084,CELL13-090	https://github.com/kazewwk/test/blob/b036244ba7c8f82d6c35602a5e570d6729b0bee4/%E7%BB%86%E8%83%9E%E7%94%9F%E7%89%A9%E5%AD%A6%E5%88%B6%E5%8D%A1/12_%E7%BB%86%E8%83%9E%E5%91%A8%E6%9C%9F%E4%B8%8E%E7%BB%86%E8%83%9E%E5%88%86%E8%A3%82/%E6%95%B4%E5%90%88%E6%95%99%E6%9D%90.md#L282
EN17-H021-H061	17	12	有丝分裂、纺锤体、胞质分裂与减数分裂	MITOSIS	Summary	e18ca4875d01bd90ae514623af7908a89020e6eef10f2c197db8eb2dca9dc047	CELL12-E004,CELL12-E005,CELL12-E007	https://github.com/kazewwk/test/blob/b036244ba7c8f82d6c35602a5e570d6729b0bee4/%E7%BB%86%E8%83%9E%E7%94%9F%E7%89%A9%E5%AD%A6%E5%88%B6%E5%8D%A1/12_%E7%BB%86%E8%83%9E%E5%91%A8%E6%9C%9F%E4%B8%8E%E7%BB%86%E8%83%9E%E5%88%86%E8%A3%82/%E6%95%B4%E5%90%88%E6%95%99%E6%9D%90.md#L760
EN17-H062-H066	17	13	有丝分裂原、静止状态与DNA损伤检查点	CONTROL OF CELL DIVISION AND CELL GROWTH	DNA Damage Blocks Cell Division	a6e7321bf6764b5ef90894705d7fcb712dd5be1b84fb26793d0f014ee3c05af4	CELL13-E003	https://github.com/kazewwk/test/blob/b036244ba7c8f82d6c35602a5e570d6729b0bee4/%E7%BB%86%E8%83%9E%E7%94%9F%E7%89%A9%E5%AD%A6%E5%88%B6%E5%8D%A1/13_%E7%BB%86%E8%83%9E%E5%A2%9E%E6%AE%96%E8%B0%83%E6%8E%A7%E4%B8%8E%E7%99%8C%E7%BB%86%E8%83%9E/%E6%95%B4%E5%90%88%E6%95%99%E6%9D%90.md#L422
EN17-H067-H067	17	15	细胞复制次数的内在限制	Many Human Cells Have a Built-In Limitation on the Number of Times They Can Divide	Many Human Cells Have a Built-In Limitation on the Number of Times They Can Divide	c0b7f1f4a3428a0c7574b3992673f2257c080fa03fc5036f53c5039f96afedae	CELL15-E001	https://github.com/kazewwk/test/blob/b036244ba7c8f82d6c35602a5e570d6729b0bee4/%E7%BB%86%E8%83%9E%E7%94%9F%E7%89%A9%E5%AD%A6%E5%88%B6%E5%8D%A1/15_%E7%BB%86%E8%83%9E%E8%A1%B0%E8%80%81%E4%B8%8E%E7%BB%86%E8%83%9E%E7%A8%8B%E5%BA%8F%E6%80%A7%E6%AD%BB%E4%BA%A1/%E6%95%B4%E5%90%88%E6%95%99%E6%9D%90.md#L103
EN17-H068-H070	17	13	细胞生长与增殖的协调	Cell Proliferation Is Accompanied by Cell Growth	Summary	c84fbfdc4592d5a58f7e03ad800430260ea90a20c3513161949d72a40c88ca8b	CELL13-E004	https://github.com/kazewwk/test/blob/b036244ba7c8f82d6c35602a5e570d6729b0bee4/%E7%BB%86%E8%83%9E%E7%94%9F%E7%89%A9%E5%AD%A6%E5%88%B6%E5%8D%A1/13_%E7%BB%86%E8%83%9E%E5%A2%9E%E6%AE%96%E8%B0%83%E6%8E%A7%E4%B8%8E%E7%99%8C%E7%BB%86%E8%83%9E/%E6%95%B4%E5%90%88%E6%95%99%E6%9D%90.md#L512
EN18-H000-H010	18	15	细胞凋亡、caspase、Bcl2、生存因子与清除	Cell Death	Summary	2f2a2fe70cc8314b12ce7321f1d7a5c74b99e011a554d2e414a2db71ca76d287	CELL15-058,CELL15-059,CELL15-060,CELL15-061,CELL15-063,CELL15-064,CELL15-066,CELL15-074,CELL15-075,CELL15-076,CELL15-077,CELL15-078,CELL15-095,CELL15-116,CELL15-118,CELL15-120,CELL15-130,CELL15-E002,CELL15-E003,CELL15-E009	https://github.com/kazewwk/test/blob/b036244ba7c8f82d6c35602a5e570d6729b0bee4/%E7%BB%86%E8%83%9E%E7%94%9F%E7%89%A9%E5%AD%A6%E5%88%B6%E5%8D%A1/15_%E7%BB%86%E8%83%9E%E8%A1%B0%E8%80%81%E4%B8%8E%E7%BB%86%E8%83%9E%E7%A8%8B%E5%BA%8F%E6%80%A7%E6%AD%BB%E4%BA%A1/%E6%95%B4%E5%90%88%E6%95%99%E6%9D%90.md#L439
EN19-H000-H001	19	16	细胞连接概述	Cell Junctions and the Extracellular Matrix	CELL–CELL JUNCTIONS	2664e585554c5902ba450fa74322d76ff5ce1caaf9a77f4e9233d5b19c26f2da	CELL16-E001	https://github.com/kazewwk/test/blob/b036244ba7c8f82d6c35602a5e570d6729b0bee4/%E7%BB%86%E8%83%9E%E7%94%9F%E7%89%A9%E5%AD%A6%E5%88%B6%E5%8D%A1/16_%E7%BB%86%E8%83%9E%E7%9A%84%E7%A4%BE%E4%BC%9A%E8%81%94%E7%B3%BB/%E6%95%B4%E5%90%88%E6%95%99%E6%9D%90.md#L173
EN19-H002-H004	19	16	钙黏蛋白与同嗜性黏着	Cadherins Form a Diverse Family of Adhesion Molecules	Cadherin-dependent Cell–Cell Adhesion Guides the Organization of Developing Tissues	08eeba9900d5f831780c7c9fa1bdeb5cac9adf8a32c74a45126bbee14cc668dc	CELL16-058,CELL16-060,CELL16-061,CELL16-E002	https://github.com/kazewwk/test/blob/b036244ba7c8f82d6c35602a5e570d6729b0bee4/%E7%BB%86%E8%83%9E%E7%94%9F%E7%89%A9%E5%AD%A6%E5%88%B6%E5%8D%A1/16_%E7%BB%86%E8%83%9E%E7%9A%84%E7%A4%BE%E4%BC%9A%E8%81%94%E7%B3%BB/%E6%95%B4%E5%90%88%E6%95%99%E6%9D%90.md#L646
EN19-H005-H015	19	16	黏着连接、桥粒、紧密连接与通信连接	Assembly of Strong Cell–Cell Adhesions Requires Changes in the Actin Cytoskeleton	In Plants, Plasmodesmata Perform Many of the Same Functions as Gap Junctions	0b5e945bd03fa890c7a6a6cf813d7f4771cdf02a118db095b652f082a56c74cd	CELL04-E012,CELL16-004,CELL16-006,CELL16-007,CELL16-017,CELL16-018,CELL16-019,CELL16-020,CELL16-021,CELL16-022,CELL16-025,CELL16-026,CELL16-027,CELL16-030,CELL16-034,CELL16-036,CELL16-038,CELL16-039,CELL16-040,CELL16-041,CELL16-042,CELL16-043,CELL16-044,CELL16-045,CELL16-046,CELL16-047,CELL16-048,CELL16-049,CELL16-050,CELL16-051,CELL16-052,CELL16-053,CELL16-055,CELL16-E003,CELL16-E004,CELL16-E015	https://github.com/kazewwk/test/blob/b036244ba7c8f82d6c35602a5e570d6729b0bee4/%E7%BB%86%E8%83%9E%E7%94%9F%E7%89%A9%E5%AD%A6%E5%88%B6%E5%8D%A1/16_%E7%BB%86%E8%83%9E%E7%9A%84%E7%A4%BE%E4%BC%9A%E8%81%94%E7%B3%BB/%E6%95%B4%E5%90%88%E6%95%99%E6%9D%90.md#L245
EN19-H016-H017	19	16	选择素与免疫球蛋白超家族黏着分子	Selectins Mediate Transient Cell–Cell Adhesions in the Bloodstream	Members of the Immunoglobulin Superfamily Mediate Ca<sup>2+</sup>-independent Cell–Cell Adhesion	8912d314589cd395593e165a5b1f49b9a7f03ec6f6606a56be2f0b827bb17596	CELL16-E005	https://github.com/kazewwk/test/blob/b036244ba7c8f82d6c35602a5e570d6729b0bee4/%E7%BB%86%E8%83%9E%E7%94%9F%E7%89%A9%E5%AD%A6%E5%88%B6%E5%8D%A1/16_%E7%BB%86%E8%83%9E%E7%9A%84%E7%A4%BE%E4%BC%9A%E8%81%94%E7%B3%BB/%E6%95%B4%E5%90%88%E6%95%99%E6%9D%90.md#L722
EN19-H018-H037	19	16	细胞外基质、胶原、蛋白聚糖与基膜	Summary	Summary	339a4a13a7c48ec38b1ff0d4f92d5c0c796ed92d2dfda92fb0727b14534d49a7	CELL16-017,CELL16-034,CELL16-091,CELL16-092,CELL16-095,CELL16-096,CELL16-099,CELL16-100,CELL16-101,CELL16-102,CELL16-103,CELL16-104,CELL16-105,CELL16-106,CELL16-107,CELL16-108,CELL16-109,CELL16-110,CELL16-111,CELL16-112,CELL16-113,CELL16-116,CELL16-117,CELL16-118,CELL16-119,CELL16-123,CELL16-127,CELL16-128,CELL16-129,CELL16-130,CELL16-131,CELL16-132,CELL16-133,CELL16-135,CELL16-148,CELL16-E006,CELL16-E007	https://github.com/kazewwk/test/blob/b036244ba7c8f82d6c35602a5e570d6729b0bee4/%E7%BB%86%E8%83%9E%E7%94%9F%E7%89%A9%E5%AD%A6%E5%88%B6%E5%8D%A1/16_%E7%BB%86%E8%83%9E%E7%9A%84%E7%A4%BE%E4%BC%9A%E8%81%94%E7%B3%BB/%E6%95%B4%E5%90%88%E6%95%99%E6%9D%90.md#L2139
EN19-H038-H046	19	16	整联蛋白、细胞-基质黏着与机械信号	CELL–MATRIX JUNCTIONS	Summary	38638b3fd4aa45382140e2ad7993e210ca8cfab7251231fe3f51d9f53db95ffe	CELL16-015,CELL16-018,CELL16-034,CELL16-035,CELL16-074,CELL16-079,CELL16-080,CELL16-081,CELL16-082,CELL16-083,CELL16-084,CELL16-085,CELL16-086,CELL16-087,CELL16-088,CELL16-089,CELL16-090,CELL16-123,CELL16-124,CELL16-125,CELL16-126,CELL16-129,CELL16-E008,CELL16-E015	https://github.com/kazewwk/test/blob/b036244ba7c8f82d6c35602a5e570d6729b0bee4/%E7%BB%86%E8%83%9E%E7%94%9F%E7%89%A9%E5%AD%A6%E5%88%B6%E5%8D%A1/16_%E7%BB%86%E8%83%9E%E7%9A%84%E7%A4%BE%E4%BC%9A%E8%81%94%E7%B3%BB/%E6%95%B4%E5%90%88%E6%95%99%E6%9D%90.md#L764
EN19-H047-H053	19	16	植物细胞壁与纤维素微纤丝	THE PLANT CELL WALL	Summary	b0de6021a9cce965f5ce93ddbc37c68bc7b7d3a158fe6201a3ab4c70ff7c6f45	CELL16-143,CELL16-144,CELL16-145,CELL16-147,CELL16-E009	https://github.com/kazewwk/test/blob/b036244ba7c8f82d6c35602a5e570d6729b0bee4/%E7%BB%86%E8%83%9E%E7%94%9F%E7%89%A9%E5%AD%A6%E5%88%B6%E5%8D%A1/16_%E7%BB%86%E8%83%9E%E7%9A%84%E7%A4%BE%E4%BC%9A%E8%81%94%E7%B3%BB/%E6%95%B4%E5%90%88%E6%95%99%E6%9D%90.md#L2501
EN20-H000-H009	20	13	癌细胞特征、克隆演化与肿瘤干细胞	CANCER AS A MICROEVOLUTIONARY PROCESS	Cancer Cells Display an Altered Control of Growth and Homeostasis	36c0780d33c027e57c82a064e6e7675ce34925c202a455f6e770bb090622d22c	CELL13-E005	https://github.com/kazewwk/test/blob/b036244ba7c8f82d6c35602a5e570d6729b0bee4/%E7%BB%86%E8%83%9E%E7%94%9F%E7%89%A9%E5%AD%A6%E5%88%B6%E5%8D%A1/13_%E7%BB%86%E8%83%9E%E5%A2%9E%E6%AE%96%E8%B0%83%E6%8E%A7%E4%B8%8E%E7%99%8C%E7%BB%86%E8%83%9E/%E6%95%B4%E5%90%88%E6%95%99%E6%9D%90.md#L900
EN20-H010-H010	20	15	癌细胞如何绕过复制衰老	Human Cancer Cells Escape a Built-in Limit to Cell Proliferation	Human Cancer Cells Escape a Built-in Limit to Cell Proliferation	ab26ec697fe42d1cef1fd249fc7f4c93846bcd39e8175299fa1325e318329459	CELL15-E004	https://github.com/kazewwk/test/blob/b036244ba7c8f82d6c35602a5e570d6729b0bee4/%E7%BB%86%E8%83%9E%E7%94%9F%E7%89%A9%E5%AD%A6%E5%88%B6%E5%8D%A1/15_%E7%BB%86%E8%83%9E%E8%A1%B0%E8%80%81%E4%B8%8E%E7%BB%86%E8%83%9E%E7%A8%8B%E5%BA%8F%E6%80%A7%E6%AD%BB%E4%BA%A1/%E6%95%B4%E5%90%88%E6%95%99%E6%9D%90.md#L119
EN20-H011-H053	20	13	癌基因、抑癌基因、肿瘤演进与防治	Cancer Cells Have an Abnormal Ability to Bypass Death Signals	Summary	1814eca0543837f15d74fccdeb197ea0f997b04c4caf13a92bf8a2e87dc12701	CELL13-E006,CELL13-E007,CELL13-E010	https://github.com/kazewwk/test/blob/b036244ba7c8f82d6c35602a5e570d6729b0bee4/%E7%BB%86%E8%83%9E%E7%94%9F%E7%89%A9%E5%AD%A6%E5%88%B6%E5%8D%A1/13_%E7%BB%86%E8%83%9E%E5%A2%9E%E6%AE%96%E8%B0%83%E6%8E%A7%E4%B8%8E%E7%99%8C%E7%BB%86%E8%83%9E/%E6%95%B4%E5%90%88%E6%95%99%E6%9D%90.md#L1104
EN21-H000-H043	21	14	分化、命运决定、形态发生信号、细胞记忆与发育时序	Development of Multicellular Organisms	Summary	8d297ef5374a038e5ccfa78005971f6a7bbf10ebdbc652b3b84ea35333c105b5	CELL14-E005	https://github.com/kazewwk/test/blob/b036244ba7c8f82d6c35602a5e570d6729b0bee4/%E7%BB%86%E8%83%9E%E7%94%9F%E7%89%A9%E5%AD%A6%E5%88%B6%E5%8D%A1/14_%E7%BB%86%E8%83%9E%E5%88%86%E5%8C%96%E4%B8%8E%E5%B9%B2%E7%BB%86%E8%83%9E/%E6%95%B4%E5%90%88%E6%95%99%E6%9D%90.md#L504
EN21-H044-H059	21	16	扩展：黏着、机械力与组织形态发生	MORPHOGENESIS	Summary	43b1156bc30b25ee1d05c3fe48dbbefa0bc2c5d16d6e998f55e17241f897d50d	CELL16-E010	https://github.com/kazewwk/test/blob/b036244ba7c8f82d6c35602a5e570d6729b0bee4/%E7%BB%86%E8%83%9E%E7%94%9F%E7%89%A9%E5%AD%A6%E5%88%B6%E5%8D%A1/16_%E7%BB%86%E8%83%9E%E7%9A%84%E7%A4%BE%E4%BC%9A%E8%81%94%E7%B3%BB/%E6%95%B4%E5%90%88%E6%95%99%E6%9D%90.md#L876
EN21-H060-H068	21	13	扩展：组织生长、Hippo与器官大小控制	GROWTH	Summary	2870ed19cda641d8eb5b2ed190d96d8afb885724f8b25d1fe9fe81eda31b4df9	CELL13-E008	https://github.com/kazewwk/test/blob/b036244ba7c8f82d6c35602a5e570d6729b0bee4/%E7%BB%86%E8%83%9E%E7%94%9F%E7%89%A9%E5%AD%A6%E5%88%B6%E5%8D%A1/13_%E7%BB%86%E8%83%9E%E5%A2%9E%E6%AE%96%E8%B0%83%E6%8E%A7%E4%B8%8E%E7%99%8C%E7%BB%86%E8%83%9E/%E6%95%B4%E5%90%88%E6%95%99%E6%9D%90.md#L548
EN22-H000-H016	22	14	干细胞、谱系示踪、龛与自我更新	Stem Cells in Tissue Homeostasis and Regeneration	In Many Symmetric Stem-Cell Divisions, Daughter Cells Choose Their Fates Independently and Stochastically	5a50c52925b55d1a21464c18d279fddef7d781e9cfa22693d770a1fc6cbfd969	CELL14-E006,CELL14-E007,CELL14-E011	https://github.com/kazewwk/test/blob/b036244ba7c8f82d6c35602a5e570d6729b0bee4/%E7%BB%86%E8%83%9E%E7%94%9F%E7%89%A9%E5%AD%A6%E5%88%B6%E5%8D%A1/14_%E7%BB%86%E8%83%9E%E5%88%86%E5%8C%96%E4%B8%8E%E5%B9%B2%E7%BB%86%E8%83%9E/%E6%95%B4%E5%90%88%E6%95%99%E6%9D%90.md#L1501
EN22-H017-H017	22	15	干细胞功能下降与组织衰老	A Decline in Stem-Cell Function Contributes to Tissue Aging	A Decline in Stem-Cell Function Contributes to Tissue Aging	a93c477fe98c6ea127bbc9d9bd45ce5ae8d3c6db0437b76126041def83ae73e3	CELL15-E005	https://github.com/kazewwk/test/blob/b036244ba7c8f82d6c35602a5e570d6729b0bee4/%E7%BB%86%E8%83%9E%E7%94%9F%E7%89%A9%E5%AD%A6%E5%88%B6%E5%8D%A1/15_%E7%BB%86%E8%83%9E%E8%A1%B0%E8%80%81%E4%B8%8E%E7%BB%86%E8%83%9E%E7%A8%8B%E5%BA%8F%E6%80%A7%E6%AD%BB%E4%BA%A1/%E6%95%B4%E5%90%88%E6%95%99%E6%9D%90.md#L155
EN22-H018-H035	22	14	再生修复、胚胎干细胞、iPSC与谱系重编程	Summary	Summary	9abbb0ec86d30220f265a24b009ab90caaa9e7d5316eae66d5f05b33c3af76ec	CELL14-E007,CELL14-E008	https://github.com/kazewwk/test/blob/b036244ba7c8f82d6c35602a5e570d6729b0bee4/%E7%BB%86%E8%83%9E%E7%94%9F%E7%89%A9%E5%AD%A6%E5%88%B6%E5%8D%A1/14_%E7%BB%86%E8%83%9E%E5%88%86%E5%8C%96%E4%B8%8E%E5%B9%B2%E7%BB%86%E8%83%9E/%E6%95%B4%E5%90%88%E6%95%99%E6%9D%90.md#L1797
EN23-H000-H010	23	1	病毒、细菌、寄生物及其与宿主细胞的关系	Pathogens and Infection	CELL BIOLOGY OF PATHOGEN INFECTION	a3eb83c23c68d9ef61ed61544ffaff376f4809b10d2868cee6c9de4b86f93f3f	CELL01-E008	https://github.com/kazewwk/test/blob/b036244ba7c8f82d6c35602a5e570d6729b0bee4/%E7%BB%86%E8%83%9E%E7%94%9F%E7%89%A9%E5%AD%A6%E5%88%B6%E5%8D%A1/01_%E7%BB%AA%E8%AE%BA/%E6%95%B4%E5%90%88%E6%95%99%E6%9D%90.md#L2426
EN23-H011-H012	23	16	上皮屏障与病原体入侵	Pathogens Breach Epithelial Barriers to Infect the Host	Pathogens That Colonize an Epithelium Must Overcome Its Protective Mechanisms	1cb8bba6201d61b62d4ddb983aaef883f541bb60cbed7c1f9f47f79062db6364	CELL16-E011	https://github.com/kazewwk/test/blob/b036244ba7c8f82d6c35602a5e570d6729b0bee4/%E7%BB%86%E8%83%9E%E7%94%9F%E7%89%A9%E5%AD%A6%E5%88%B6%E5%8D%A1/16_%E7%BB%86%E8%83%9E%E7%9A%84%E7%A4%BE%E4%BC%9A%E8%81%94%E7%B3%BB/%E6%95%B4%E5%90%88%E6%95%99%E6%9D%90.md#L481
EN23-H013-H013	23	1	病原体毒素与接触依赖分泌系统	Extracellular Pathogens Use Toxins and Contact-dependent Secretion Systems to Disturb Host Cells Without Entering Them	Extracellular Pathogens Use Toxins and Contact-dependent Secretion Systems to Disturb Host Cells Without Entering Them	e8223240c42a8de0ef1a52a3b5ac5242b25a11c3a2fdaf40dbd974773e528c28	CELL01-E009	https://github.com/kazewwk/test/blob/b036244ba7c8f82d6c35602a5e570d6729b0bee4/%E7%BB%86%E8%83%9E%E7%94%9F%E7%89%A9%E5%AD%A6%E5%88%B6%E5%8D%A1/01_%E7%BB%AA%E8%AE%BA/%E6%95%B4%E5%90%88%E6%95%99%E6%9D%90.md#L2658
EN23-H014-H020	23	4	病原体的进入、离开与宿主膜运输	Intracellular Pathogens Have Mechanisms for Both Entering and Leaving Host Cells	Many Pathogens Alter Membrane Traffic in the Host CellMBoC7 m23.23/23.24 to Survive and Replicate	7c1aeb2932db1be251e004754b59fd47d58af2c4efd474dc2aeae2492e87a6e4	CELL04-E010	https://github.com/kazewwk/test/blob/b036244ba7c8f82d6c35602a5e570d6729b0bee4/%E7%BB%86%E8%83%9E%E7%94%9F%E7%89%A9%E5%AD%A6%E5%88%B6%E5%8D%A1/04_%E7%89%A9%E8%B4%A8%E7%9A%84%E8%B7%A8%E8%86%9C%E8%BF%90%E8%BE%93/%E6%95%B4%E5%90%88%E6%95%99%E6%9D%90.md#L1678
EN23-H021-H021	23	8	病原体借用宿主细胞骨架移动	Bacteria and Viruses Use the Host-Cell Cytoskeleton for Intracellular Movement	Bacteria and Viruses Use the Host-Cell Cytoskeleton for Intracellular Movement	21748db1b439c2fcf471c1430c1f30bc89d2453e77ac68d09dcac7ad4603c2bc	CELL08-E008	https://github.com/kazewwk/test/blob/b036244ba7c8f82d6c35602a5e570d6729b0bee4/%E7%BB%86%E8%83%9E%E7%94%9F%E7%89%A9%E5%AD%A6%E5%88%B6%E5%8D%A1/08_%E7%BB%86%E8%83%9E%E9%AA%A8%E6%9E%B6/%E6%95%B4%E5%90%88%E6%95%99%E6%9D%90.md#L1169
EN23-H022-H030	23	1	病毒增殖、病原体演化与人体微生物群	Viruses Can Take Over the Metabolism of the Host Cell	Summary	1eb579363dde2cfb0663ea0a1dc3f9773dc80b8b16dc326ec2c85743ed931371	CELL01-E010,CELL01-E011	https://github.com/kazewwk/test/blob/b036244ba7c8f82d6c35602a5e570d6729b0bee4/%E7%BB%86%E8%83%9E%E7%94%9F%E7%89%A9%E5%AD%A6%E5%88%B6%E5%8D%A1/01_%E7%BB%AA%E8%AE%BA/%E6%95%B4%E5%90%88%E6%95%99%E6%9D%90.md#L2682
EN24-H000-H001	24	0	免疫学独立专题概述	The Innate and Adaptive Immune Systems	THE INNATE IMMUNE SYSTEM	1034fa7f5c5ed5dfa209c471900d4bb1bb4572c96dea07f4750f95aea2741bf9	CELL17-E001	https://github.com/kazewwk/test/blob/b036244ba7c8f82d6c35602a5e570d6729b0bee4/%E7%BB%86%E8%83%9E%E7%94%9F%E7%89%A9%E5%AD%A6%E5%88%B6%E5%8D%A1/%E6%9D%A5%E6%BA%90/%E8%8B%B1%E6%96%87%E6%95%99%E6%9D%90/24_The_Innate_and_Adaptive_Immune_Systems/chapter.md#L1
EN24-H002-H002	24	16	上皮表面的感染屏障	Epithelial Surfaces Serve as Barriers to Infection	Epithelial Surfaces Serve as Barriers to Infection	72f54cec9dc696a1a7a6127e6b36cea1a7c31e3f92e1b8182fc1bad7a35fb413	CELL16-E012	https://github.com/kazewwk/test/blob/b036244ba7c8f82d6c35602a5e570d6729b0bee4/%E7%BB%86%E8%83%9E%E7%94%9F%E7%89%A9%E5%AD%A6%E5%88%B6%E5%8D%A1/16_%E7%BB%86%E8%83%9E%E7%9A%84%E7%A4%BE%E4%BC%9A%E8%81%94%E7%B3%BB/%E6%95%B4%E5%90%88%E6%95%99%E6%9D%90.md#L529
EN24-H003-H005	24	11	模式识别受体与炎症信号	Pattern Recognition Receptors (PRRs) Recognize Conserved Features of Pathogens	Activated PRRs Trigger an Inflammatory Response at SitesMBoC7 m24.04/24.04 of Infection	3129da75f35260b62af7c6511610efcc836d61a1695e68def65cce8c8f1a3814	CELL11-E009	https://github.com/kazewwk/test/blob/b036244ba7c8f82d6c35602a5e570d6729b0bee4/%E7%BB%86%E8%83%9E%E7%94%9F%E7%89%A9%E5%AD%A6%E5%88%B6%E5%8D%A1/11_%E7%BB%86%E8%83%9E%E4%BF%A1%E5%8F%B7%E8%BD%AC%E5%AF%BC/%E6%95%B4%E5%90%88%E6%95%99%E6%9D%90.md#L1711
EN24-H006-H006	24	4	吞噬细胞的摄取与清除	Phagocytic Cells Seek, Engulf, and Destroy Pathogens	Phagocytic Cells Seek, Engulf, and Destroy Pathogens	1340a0920bc0e238a9b1731d1e2a2dd8ef28b316f23ecd4d09fb51579cf21fac	CELL04-E011	https://github.com/kazewwk/test/blob/b036244ba7c8f82d6c35602a5e570d6729b0bee4/%E7%BB%86%E8%83%9E%E7%94%9F%E7%89%A9%E5%AD%A6%E5%88%B6%E5%8D%A1/04_%E7%89%A9%E8%B4%A8%E7%9A%84%E8%B7%A8%E8%86%9C%E8%BF%90%E8%BE%93/%E6%95%B4%E5%90%88%E6%95%99%E6%9D%90.md#L1824
EN24-H007-H008	24	0	补体与抗病毒防御	Complement Activation Targets Pathogens for Phagocytosis or Lysis	Virus-infected Cells Take Drastic Measures to Prevent Viral Replication	493b6ce4d961d04984fc9d9f63e95487821ac1cda7be664271d5343914fb28e1	CELL17-E002	https://github.com/kazewwk/test/blob/b036244ba7c8f82d6c35602a5e570d6729b0bee4/%E7%BB%86%E8%83%9E%E7%94%9F%E7%89%A9%E5%AD%A6%E5%88%B6%E5%8D%A1/%E6%9D%A5%E6%BA%90/%E8%8B%B1%E6%96%87%E6%95%99%E6%9D%90/24_The_Innate_and_Adaptive_Immune_Systems/chapter.md#L89
EN24-H009-H009	24	15	自然杀伤细胞诱导感染细胞死亡	Natural Killer Cells Induce Virus-infected Cells to Kill Themselves	Natural Killer Cells Induce Virus-infected Cells to Kill Themselves	dadc8c06f00b1101f4905a9032b6222cfdf7938b80b8593edee15f7256f1fd20	CELL15-E006	https://github.com/kazewwk/test/blob/b036244ba7c8f82d6c35602a5e570d6729b0bee4/%E7%BB%86%E8%83%9E%E7%94%9F%E7%89%A9%E5%AD%A6%E5%88%B6%E5%8D%A1/15_%E7%BB%86%E8%83%9E%E8%A1%B0%E8%80%81%E4%B8%8E%E7%BB%86%E8%83%9E%E7%A8%8B%E5%BA%8F%E6%80%A7%E6%AD%BB%E4%BA%A1/%E6%95%B4%E5%90%88%E6%95%99%E6%9D%90.md#L671
EN24-H010-H032	24	0	适应性免疫、B细胞、抗体、T细胞与MHC	Dendritic Cells Provide the Link Between the Innate and Adaptive Immune Systems	Developing Thymocytes Undergo Positive and Negative Selection	7f9a8a849a9d10622894a8ce442f5f53f7b9cac970b494b78f8d26dce6ce8d4b	CELL17-E003,CELL17-E004	https://github.com/kazewwk/test/blob/b036244ba7c8f82d6c35602a5e570d6729b0bee4/%E7%BB%86%E8%83%9E%E7%94%9F%E7%89%A9%E5%AD%A6%E5%88%B6%E5%8D%A1/%E6%9D%A5%E6%BA%90/%E8%8B%B1%E6%96%87%E6%95%99%E6%9D%90/24_The_Innate_and_Adaptive_Immune_Systems/chapter.md#L153
EN24-H033-H033	24	15	细胞毒性T细胞诱导靶细胞凋亡	Cytotoxic T Cells Induce Infected Target Cells to Undergo Apoptosis	Cytotoxic T Cells Induce Infected Target Cells to Undergo Apoptosis	8efefc4c96995e6ca998f348fdfa2677ea52b757766ce5be6af3df71749fd5d4	CELL15-E007	https://github.com/kazewwk/test/blob/b036244ba7c8f82d6c35602a5e570d6729b0bee4/%E7%BB%86%E8%83%9E%E7%94%9F%E7%89%A9%E5%AD%A6%E5%88%B6%E5%8D%A1/15_%E7%BB%86%E8%83%9E%E8%A1%B0%E8%80%81%E4%B8%8E%E7%BB%86%E8%83%9E%E7%A8%8B%E5%BA%8F%E6%80%A7%E6%AD%BB%E4%BA%A1/%E6%95%B4%E5%90%88%E6%95%99%E6%9D%90.md#L705
EN24-H034-H036	24	11	免疫细胞活化中的多重信号	Effector Helper T Cells Help Activate Other Cells of the Innate and Adaptive Immune Systems	Both T and B Cells Require Multiple Extracellular Signals for Activation	7998a7c9f7bd27ec7c7f2a40a1ade885541b0efc1d11696f67e6131de1eb7277	CELL11-E010	https://github.com/kazewwk/test/blob/b036244ba7c8f82d6c35602a5e570d6729b0bee4/%E7%BB%86%E8%83%9E%E7%94%9F%E7%89%A9%E5%AD%A6%E5%88%B6%E5%8D%A1/11_%E7%BB%86%E8%83%9E%E4%BF%A1%E5%8F%B7%E8%BD%AC%E5%AF%BC/%E6%95%B4%E5%90%88%E6%95%99%E6%9D%90.md#L479
EN24-H037-H037	24	16	免疫球蛋白超家族的细胞表面蛋白	Many Cell-Surface Proteins Belong to the Ig Superfamily	Many Cell-Surface Proteins Belong to the Ig Superfamily	ecf764b9cb2ded061bd0f3fade517a881d360612d0be00efcbb7a53d1949f86a	CELL16-E013	https://github.com/kazewwk/test/blob/b036244ba7c8f82d6c35602a5e570d6729b0bee4/%E7%BB%86%E8%83%9E%E7%94%9F%E7%89%A9%E5%AD%A6%E5%88%B6%E5%8D%A1/16_%E7%BB%86%E8%83%9E%E7%9A%84%E7%A4%BE%E4%BC%9A%E8%81%94%E7%B3%BB/%E6%95%B4%E5%90%88%E6%95%99%E6%9D%90.md#L1158
EN24-H038-H039	24	0	疫苗与免疫学小结	Vaccination Against Pathogens Has Been Immunology’s Greatest Contribution to Human Health	Summary	2952ba3033180f2472da6a8c3c5f983e8d9c1120b51261ab2570c8838d4d5ebe	CELL17-E005	https://github.com/kazewwk/test/blob/b036244ba7c8f82d6c35602a5e570d6729b0bee4/%E7%BB%86%E8%83%9E%E7%94%9F%E7%89%A9%E5%AD%A6%E5%88%B6%E5%8D%A1/%E6%9D%A5%E6%BA%90/%E8%8B%B1%E6%96%87%E6%95%99%E6%9D%90/24_The_Innate_and_Adaptive_Immune_Systems/chapter.md#L647
EN01-EXERCISES	1	1	习题与参考文献	PROBLEMS	Model Organisms	fa7840556f7201c589b3b08b56c108efaa10890863f7077e2972f1b565cc9c6a	CELL01-E012	https://github.com/kazewwk/test/blob/b036244ba7c8f82d6c35602a5e570d6729b0bee4/%E7%BB%86%E8%83%9E%E7%94%9F%E7%89%A9%E5%AD%A6%E5%88%B6%E5%8D%A1/%E6%9D%A5%E6%BA%90/%E8%8B%B1%E6%96%87%E6%95%99%E6%9D%90/01_Cells_Genomes_and_the_Diversity_of_Life/chapter.md#L765
EN02-EXERCISES	2	7	习题与参考文献	PROBLEMS	How Cells Obtain Energy from Food	953a1da7955b71d6ebed07e178b6d2b7d5cddb656b7a9a6f40ffe08262a06e31	CELL07-E011	https://github.com/kazewwk/test/blob/b036244ba7c8f82d6c35602a5e570d6729b0bee4/%E7%BB%86%E8%83%9E%E7%94%9F%E7%89%A9%E5%AD%A6%E5%88%B6%E5%8D%A1/%E6%9D%A5%E6%BA%90/%E8%8B%B1%E6%96%87%E6%95%99%E6%9D%90/02_Cell_Chemistry_and_Bioenergetics/chapter.md#L1935
EN03-EXERCISES	3	5	习题与参考文献	PROBLEMS	Protein Function	37c513f3b8463c54bff8f129ca5e4c4ebe72cd652fcb653f649b7fbf04cf6bb6	CELL05-E011	https://github.com/kazewwk/test/blob/b036244ba7c8f82d6c35602a5e570d6729b0bee4/%E7%BB%86%E8%83%9E%E7%94%9F%E7%89%A9%E5%AD%A6%E5%88%B6%E5%8D%A1/%E6%9D%A5%E6%BA%90/%E8%8B%B1%E6%96%87%E6%95%99%E6%9D%90/03_Proteins/chapter.md#L1300
EN04-EXERCISES	4	9	习题与参考文献	PROBLEMS	How Genomes Evolve	ceb973fcfbd0dcd94c3c868f581ae2e40ab4cce1c96493ed0870a7f10f6b11b6	CELL09-E019	https://github.com/kazewwk/test/blob/b036244ba7c8f82d6c35602a5e570d6729b0bee4/%E7%BB%86%E8%83%9E%E7%94%9F%E7%89%A9%E5%AD%A6%E5%88%B6%E5%8D%A1/%E6%9D%A5%E6%BA%90/%E8%8B%B1%E6%96%87%E6%95%99%E6%9D%90/04_DNA_Chromosomes_and_Genomes/chapter.md#L1098
EN05-EXERCISES	5	9	习题与参考文献	PROBLEMS	Transposition and Conservative Site-specific Recombination	072c2847ae7c3de5a6f6ea2e4c2ca9a5e1fd05c52f5a2c6e4fe36149a67ce5d7	CELL09-E020	https://github.com/kazewwk/test/blob/b036244ba7c8f82d6c35602a5e570d6729b0bee4/%E7%BB%86%E8%83%9E%E7%94%9F%E7%89%A9%E5%AD%A6%E5%88%B6%E5%8D%A1/%E6%9D%A5%E6%BA%90/%E8%8B%B1%E6%96%87%E6%95%99%E6%9D%90/05_DNA_Replication_Repair_and_Recombination/chapter.md#L979
EN06-EXERCISES	6	10	习题与参考文献	PROBLEMS	The RNA World and the Origins of Life	8c54adc98872bc0cb1480b3daface2a3a69b4993bab768d7f3518062ce8fbd81	CELL10-E009	https://github.com/kazewwk/test/blob/b036244ba7c8f82d6c35602a5e570d6729b0bee4/%E7%BB%86%E8%83%9E%E7%94%9F%E7%89%A9%E5%AD%A6%E5%88%B6%E5%8D%A1/%E6%9D%A5%E6%BA%90/%E8%8B%B1%E6%96%87%E6%95%99%E6%9D%90/06_How_Cells_Read_the_Genome_From_DNA_to_Protein/chapter.md#L1184
EN07-EXERCISES	7	9	习题与参考文献	PROBLEMS	Regulation of Gene Expression by Noncoding RNAs	f42fcfc4a255b88c7b3d6a8889750e0d22034c0a3fd8449e544323e1e58b3861	CELL09-E021	https://github.com/kazewwk/test/blob/b036244ba7c8f82d6c35602a5e570d6729b0bee4/%E7%BB%86%E8%83%9E%E7%94%9F%E7%89%A9%E5%AD%A6%E5%88%B6%E5%8D%A1/%E6%9D%A5%E6%BA%90/%E8%8B%B1%E6%96%87%E6%95%99%E6%9D%90/07_Control_of_Gene_Expression/chapter.md#L1231
EN08-EXERCISES	8	2	习题与参考文献	PROBLEMS	Mathematical Analysis of Cell Function	8fe3a195070ffb1c558cd872be8c6e72d32160358571a88b2482b3672cedb2a6	CELL02-E017	https://github.com/kazewwk/test/blob/b036244ba7c8f82d6c35602a5e570d6729b0bee4/%E7%BB%86%E8%83%9E%E7%94%9F%E7%89%A9%E5%AD%A6%E5%88%B6%E5%8D%A1/%E6%9D%A5%E6%BA%90/%E8%8B%B1%E6%96%87%E6%95%99%E6%9D%90/08_Analyzing_Cells_Molecules_and_Systems/chapter.md#L1564
EN09-EXERCISES	9	2	习题与参考文献	PROBLEMS	Looking at Cells and Molecules in the Electron Microscope	2261d927bee032f83de4cd537a46600948129c395a3822618875592d1c69fd10	CELL02-E018	https://github.com/kazewwk/test/blob/b036244ba7c8f82d6c35602a5e570d6729b0bee4/%E7%BB%86%E8%83%9E%E7%94%9F%E7%89%A9%E5%AD%A6%E5%88%B6%E5%8D%A1/%E6%9D%A5%E6%BA%90/%E8%8B%B1%E6%96%87%E6%95%99%E6%9D%90/09_Visualizing_Cells_and_Their_Molecules/chapter.md#L831
EN10-EXERCISES	10	3	习题与参考文献	PROBLEMS	Membrane Proteins	623dd8bcf4aed00225571a90d8e4d2e13f470880efd5594efe95d404baaa06a0	CELL03-E005	https://github.com/kazewwk/test/blob/b036244ba7c8f82d6c35602a5e570d6729b0bee4/%E7%BB%86%E8%83%9E%E7%94%9F%E7%89%A9%E5%AD%A6%E5%88%B6%E5%8D%A1/%E6%9D%A5%E6%BA%90/%E8%8B%B1%E6%96%87%E6%95%99%E6%9D%90/10_Membrane_Structure/chapter.md#L531
EN11-EXERCISES	11	4	习题与参考文献	PROBLEMS	Channels and the Electrical Properties of Membranes	24cdef124fad1def2fd42c1eb31391a38d9f3209ca6f4595311821f59780397d	CELL04-E001	https://github.com/kazewwk/test/blob/b036244ba7c8f82d6c35602a5e570d6729b0bee4/%E7%BB%86%E8%83%9E%E7%94%9F%E7%89%A9%E5%AD%A6%E5%88%B6%E5%8D%A1/%E6%9D%A5%E6%BA%90/%E8%8B%B1%E6%96%87%E6%95%99%E6%9D%90/11_Small-Molecule_Transport_and_Electrical_Properties_of_Membranes/chapter.md#L799
EN12-EXERCISES	12	6	习题与参考文献	PROBLEMS	The Transport of Molecules Between the Nucleus and the Cytosol	a226030b28956b2c09d4a725ab533e88325ef19e9572c5ae49dec81fae1c1d14	CELL06-E001,CELL06-E007	https://github.com/kazewwk/test/blob/b036244ba7c8f82d6c35602a5e570d6729b0bee4/%E7%BB%86%E8%83%9E%E7%94%9F%E7%89%A9%E5%AD%A6%E5%88%B6%E5%8D%A1/%E6%9D%A5%E6%BA%90/%E8%8B%B1%E6%96%87%E6%95%99%E6%9D%90/12_Intracellular_Organization_and_Protein_Sorting/chapter.md#L938
EN13-EXERCISES	13	6	习题与参考文献	PROBLEMS	The Degradation and Recycling of Macromolecules in Lysosomes	8a6fd06828590b42fc55fe07d5473dbc7b333b16102dfc7fe6f664d1a4adaf54	CELL06-E008	https://github.com/kazewwk/test/blob/b036244ba7c8f82d6c35602a5e570d6729b0bee4/%E7%BB%86%E8%83%9E%E7%94%9F%E7%89%A9%E5%AD%A6%E5%88%B6%E5%8D%A1/%E6%9D%A5%E6%BA%90/%E8%8B%B1%E6%96%87%E6%95%99%E6%9D%90/13_Intracellular_Membrane_Traffic/chapter.md#L1071
EN14-EXERCISES	14	7	习题与参考文献	PROBLEMS	The Genetic Systems of Mitochondria and Chloroplasts	9dce419ef5bdfd08c8563654bf583730f6244e9351193d7600666dfb754574ab	CELL07-E012	https://github.com/kazewwk/test/blob/b036244ba7c8f82d6c35602a5e570d6729b0bee4/%E7%BB%86%E8%83%9E%E7%94%9F%E7%89%A9%E5%AD%A6%E5%88%B6%E5%8D%A1/%E6%9D%A5%E6%BA%90/%E8%8B%B1%E6%96%87%E6%95%99%E6%9D%90/14_Energy_Conversion_and_Metabolic_Compartmentation_Mitochondria_and_Chloroplasts/chapter.md#L1000
EN15-EXERCISES	15	11	习题与参考文献	PROBLEMS	Signaling in Plants	a4d3af40247bb0ad0a355a52e9c60b61350c108bbd0300a258740c50fd4fd183	CELL11-E011	https://github.com/kazewwk/test/blob/b036244ba7c8f82d6c35602a5e570d6729b0bee4/%E7%BB%86%E8%83%9E%E7%94%9F%E7%89%A9%E5%AD%A6%E5%88%B6%E5%8D%A1/%E6%9D%A5%E6%BA%90/%E8%8B%B1%E6%96%87%E6%95%99%E6%9D%90/15_Cell_Signaling/chapter.md#L1160
EN16-EXERCISES	16	8	习题与参考文献	PROBLEMS	Cell Polarity and Coordination of the Cytoskeleton	5af3bd8158cc245b07efbf03c6500a48c704b12483a5e41d1e5ae4900cebf139	CELL08-E009	https://github.com/kazewwk/test/blob/b036244ba7c8f82d6c35602a5e570d6729b0bee4/%E7%BB%86%E8%83%9E%E7%94%9F%E7%89%A9%E5%AD%A6%E5%88%B6%E5%8D%A1/%E6%9D%A5%E6%BA%90/%E8%8B%B1%E6%96%87%E6%95%99%E6%9D%90/16_The_Cytoskeleton/chapter.md#L1369
EN17-EXERCISES	17	12	习题与参考文献	PROBLEMS	Control of Cell Division and Cell Growth	a7dc2e0afc4fdf1f0b8159aa8238f6e3d72493a14797babea1348e510bf2bd30	CELL12-E006	https://github.com/kazewwk/test/blob/b036244ba7c8f82d6c35602a5e570d6729b0bee4/%E7%BB%86%E8%83%9E%E7%94%9F%E7%89%A9%E5%AD%A6%E5%88%B6%E5%8D%A1/%E6%9D%A5%E6%BA%90/%E8%8B%B1%E6%96%87%E6%95%99%E6%9D%90/17_The_Cell_Cycle/chapter.md#L1038
EN18-EXERCISES	18	15	习题与参考文献	PROBLEMS	REFERENCES	143e6981ae77bc5b97ad22f7d079357046b6942f8e5dfdeef9f9afa6502b2715	CELL15-E008	https://github.com/kazewwk/test/blob/b036244ba7c8f82d6c35602a5e570d6729b0bee4/%E7%BB%86%E8%83%9E%E7%94%9F%E7%89%A9%E5%AD%A6%E5%88%B6%E5%8D%A1/%E6%9D%A5%E6%BA%90/%E8%8B%B1%E6%96%87%E6%95%99%E6%9D%90/18_Cell_Death/chapter.md#L223
EN19-EXERCISES	19	16	习题与参考文献	PROBLEMS	The Plant Cell Wall	44afed9d69f7107c1571a0f3cf56bf22ef87d01a4421225dcffad661274a3c4f	CELL16-E014	https://github.com/kazewwk/test/blob/b036244ba7c8f82d6c35602a5e570d6729b0bee4/%E7%BB%86%E8%83%9E%E7%94%9F%E7%89%A9%E5%AD%A6%E5%88%B6%E5%8D%A1/%E6%9D%A5%E6%BA%90/%E8%8B%B1%E6%96%87%E6%95%99%E6%9D%90/19_Cell_Junctions_and_the_Extracellular_Matrix/chapter.md#L931
EN20-EXERCISES	20	13	习题与参考文献	PROBLEMS	Cancer Prevention and Treatment: Present and Future	2ff03368bfe4b327cca0ecaff50fc13516387a0b12c5894da2a4e09a97859ae3	CELL13-E009	https://github.com/kazewwk/test/blob/b036244ba7c8f82d6c35602a5e570d6729b0bee4/%E7%BB%86%E8%83%9E%E7%94%9F%E7%89%A9%E5%AD%A6%E5%88%B6%E5%8D%A1/%E6%9D%A5%E6%BA%90/%E8%8B%B1%E6%96%87%E6%95%99%E6%9D%90/20_Cancer/chapter.md#L856
EN21-EXERCISES	21	14	习题与参考文献	PROBLEMS	Growth	9a6b074e0a12fc89ddef15ad84d94ec3c1ea937fb6a0f8c39820117f8e942863	CELL14-E009	https://github.com/kazewwk/test/blob/b036244ba7c8f82d6c35602a5e570d6729b0bee4/%E7%BB%86%E8%83%9E%E7%94%9F%E7%89%A9%E5%AD%A6%E5%88%B6%E5%8D%A1/%E6%9D%A5%E6%BA%90/%E8%8B%B1%E6%96%87%E6%95%99%E6%9D%90/21_Development_of_Multicellular_Organisms/chapter.md#L1199
EN22-EXERCISES	22	14	习题与参考文献	PROBLEMS	Cell Reprogramming and Pluripotent Stem Cells	a0f25815eef6ae4c6bb6f53d76e17b32271843abb5c7e2e24a2c3ec3ef568ebe	CELL14-E010	https://github.com/kazewwk/test/blob/b036244ba7c8f82d6c35602a5e570d6729b0bee4/%E7%BB%86%E8%83%9E%E7%94%9F%E7%89%A9%E5%AD%A6%E5%88%B6%E5%8D%A1/%E6%9D%A5%E6%BA%90/%E8%8B%B1%E6%96%87%E6%95%99%E6%9D%90/22_Stem_Cells_in_Tissue_Homeostasis_and_Regeneration/chapter.md#L541
EN23-EXERCISES	23	1	习题与参考文献	PROBLEMS	The Human Microbiota	a219d856b380630aa21a00a1a5f52d64597c3dfd82acf5131068ff73130b381b	CELL01-E013	https://github.com/kazewwk/test/blob/b036244ba7c8f82d6c35602a5e570d6729b0bee4/%E7%BB%86%E8%83%9E%E7%94%9F%E7%89%A9%E5%AD%A6%E5%88%B6%E5%8D%A1/%E6%9D%A5%E6%BA%90/%E8%8B%B1%E6%96%87%E6%95%99%E6%9D%90/23_Pathogens_and_Infection/chapter.md#L571
EN24-EXERCISES	24	0	习题与参考文献	PROBLEMS	T Cells and MHC Proteins	fa199b56c5fafad4df63fd7fb929a84d375d5b26df4e9347bd4b9f87db02fa67	CELL17-E006	https://github.com/kazewwk/test/blob/b036244ba7c8f82d6c35602a5e570d6729b0bee4/%E7%BB%86%E8%83%9E%E7%94%9F%E7%89%A9%E5%AD%A6%E5%88%B6%E5%8D%A1/%E6%9D%A5%E6%BA%90/%E8%8B%B1%E6%96%87%E6%95%99%E6%9D%90/24_The_Innate_and_Adaptive_Immune_Systems/chapter.md#L709
