图ID	对应学习卡片ID	检索问题	卡片位置	读图提示
ENFIG1252	CELL03-007	流动镶嵌模型关于膜结构的核心主张是什么？	back	
ENFIG1257	CELL03-013	磷脂酰胆碱的主要结构特征是什么？	back	
ENFIG1257	CELL03-015	磷脂酰乙醇胺的主要结构特征是什么？	back	
ENFIG1257	CELL03-017	磷脂酰丝氨酸的主要结构特征是什么？	back	
ENFIG1257	CELL03-021	鞘磷脂的主要结构特征是什么？	back	
ENFIG1259	CELL03-029	胆固醇的主要结构特征是什么？	back	
ENFIG1258	CELL03-077	较高温下增加胆固醇影响膜流动性或侧向扩散的机制是什么？	back	
ENFIG1260	CELL03-030	胆固醇与膜性质或细胞功能有什么联系？	back	
ENFIG1261	CELL03-061	磷脂在水中形成双层而非把疏水尾暴露在外，驱动力是什么？	back	
ENFIG1262	CELL03-061	磷脂在水中形成双层而非把疏水尾暴露在外，驱动力是什么？	back	
ENFIG1277	CELL03-041	周边膜蛋白与膜结合的主要方式是什么？	back	
ENFIG1277	CELL03-043	跨膜整合蛋白与膜结合的主要方式是什么？	back	
ENFIG1277	CELL03-045	脂锚定蛋白与膜结合的主要方式是什么？	back	
ENFIG1278	CELL03-049	脂酰化胞质侧蛋白与膜结合的主要方式是什么？	back	图中 A、B 分别为肉豆蔻酰和棕榈酰锚，属于脂酰化；C 的法呢基锚属于异戊二烯化，不应把这三类修饰都叫作脂肪酸酰化。
ENFIG1281	CELL03-051	跨膜α螺旋与膜结合的主要方式是什么？	back	
ENFIG1283	CELL04-039	水孔蛋白通常如何避免把水通道变成质子泄漏通道？	back	
ENFIG1284	CELL03-053	跨膜β桶与膜结合的主要方式是什么？	back	
ENFIG1285	CELL03-090	膜糖链取向在膜不对称性中指什么？	back	
ENFIG1285	CELL05-141	为什么ER腔有利于许多分泌蛋白二硫键形成？	back	
ENFIG1286	CELL16-134	糖萼与胞外基质的主要空间差别是什么？	back	
ENFIG1287	CELL16-135	糖萼中的糖链主要来自哪些膜成分？	back	
ENFIG1288	CELL03-055	SDS处理膜蛋白的主要特点是什么？	back	
ENFIG1290	CELL03-059	临界胶束浓度CMC是什么？	back	
ENFIG1291	CELL03-044	实验分离跨膜整合蛋白时通常依据什么特点？	back	
ENFIG1292	CELL03-065	重构脂质体实验显示蛋白可运输底物，能支持什么结论？	back	
ENFIG1266	CELL03-E001	一张脂双层膜片在水中为何倾向闭合成囊泡？	back	
ENFIG1267	CELL03-E001	一张脂双层膜片在水中为何倾向闭合成囊泡？	back	
ENFIG1268	CELL03-E001	一张脂双层膜片在水中为何倾向闭合成囊泡？	back	
ENFIG1264	CELL03-031	脂质体的主要结构特征是什么？	back	
ENFIG1265	CELL03-031	脂质体的主要结构特征是什么？	back	
ENFIG1270	CELL03-033	膜脂的侧向扩散具体指哪种运动？	back	
ENFIG1270	CELL03-035	膜脂的轴向旋转具体指哪种运动？	back	
ENFIG1270	CELL03-037	膜脂的尾链摆动具体指哪种运动？	back	
ENFIG1270	CELL03-039	膜脂的跨小叶翻转具体指哪种运动？	back	
ENFIG1269	CELL03-069	顺式双键增加影响膜流动性或侧向扩散的机制是什么？	back	
ENFIG1272	CELL03-010	脂筏概念对应的主要证据或限制是什么？	back	图为人工巨型脂质囊泡中的相态分布，不能据此把活细胞中的脂筏直接视为同样大小、永久固定的膜块。
ENFIG1273	CELL03-010	脂筏概念对应的主要证据或限制是什么？	back	图为人工巨型脂质囊泡中的相分离区域；活细胞脂筏的尺度、寿命和组成须另作实验判断。
ENFIG1274	CELL03-009	脂筏概念关于膜结构的核心主张是什么？	back	
ENFIG1276	CELL03-092	磷脂分布不对称在膜不对称性中指什么？	back	
ENFIG1253	CELL03-025	脑苷脂的主要结构特征是什么？	back	
ENFIG1254	CELL03-027	神经节苷脂的主要结构特征是什么？	back	
ENFIG1255	CELL03-027	神经节苷脂的主要结构特征是什么？	back	
ENFIG1300	CELL02-106	FRAP主要测量什么？	back	
ENFIG1301	CELL02-106	FRAP主要测量什么？	back	
ENFIG1298	CELL02-107	FRAP能否直接给出完整作用机制？为什么？	back	
ENFIG1302	CELL16-024	紧密连接的“围栏”功能如何帮助维持上皮极性？	back	
ENFIG1308	CELL03-079	增强膜蛋白与骨架连接影响膜流动性或侧向扩散的机制是什么？	back	
ENFIG1316	CELL03-095	红细胞膜系统中血影蛋白与哪些组分的连接最关键？	back	
ENFIG1316	CELL03-097	红细胞膜系统中锚蛋白与哪些组分的连接最关键？	back	
ENFIG1316	CELL03-101	红细胞膜系统中带4.1蛋白与哪些组分的连接最关键？	back	
ENFIG1318	CELL06-100	膜泡运输中的出芽具体指什么？	back	
ENFIG1413	CELL06-148	核孔运输能否归为COP包被膜泡运输？	back	
ENFIG1413	CELL06-149	为何普通ER—高尔基体囊泡不能直接把货物送入线粒体基质？	back	
ENFIG1430	CELL06-144	膜泡运输为何通常不要求腔内货物再次穿脂双层？	back	
ENFIG1430	CELL06-145	膜泡形成后，其原供体胞质面朝哪里？	back	
ENFIG1433	CELL09-001	核外膜在核被膜系统中的主要结构或作用是什么？	back	
ENFIG1438	CELL06-003	典型ER可切信号肽在成熟蛋白中是否通常保留？	back	
ENFIG1438	CELL06-031	信号肽酶在ER共翻译导入中直接做什么？	back	
ENFIG1439	CELL06-025	SRP在ER共翻译导入中直接做什么？	back	
ENFIG1439	CELL06-027	SRP受体在ER共翻译导入中直接做什么？	back	
ENFIG1441	CELL06-037	核糖体—移位子结合在ER共翻译导入中直接做什么？	back	
ENFIG1443	CELL06-029	Sec61移位子在ER共翻译导入中直接做什么？	back	
ENFIG1444	CELL06-080	在典型共翻译体系中，翻译结束后才加微粒体为何可能导入失败？	back	左图是共翻译导入，右图是特定底物可采用的翻译后导入。典型 SRP 共翻译实验中“翻译后才加微粒体”可能失败，不能据此说所有 ER 底物都不能翻译后导入。右图也不是尾锚定蛋白插入的专门示意图。
ENFIG1445	CELL06-041	ER腔内BiP在ER共翻译导入中直接做什么？	back	图示并列三个体系：共翻译 ER 导入、真核 ER 的 Sec62/Sec63—BiP 辅助导入、细菌 SecA—SecY 导入。BiP 是 ER 腔内的 ATP 依赖伴侣，细菌 SecA 不能归入 ER 导入机器。
ENFIG1446	CELL06-046	II型单跨膜蛋白建立拓扑的关键信号安排是什么？	back	两种信号锚插入方向不同。图中 ER 腔面相当于分泌途径到细胞表面的非胞质面；判定 II 型与 III 型时要同时看 N/C 端和膜两侧，不能只凭“有信号锚”。
ENFIG1446	CELL06-048	III型单跨膜蛋白建立拓扑的关键信号安排是什么？	back	两种信号锚插入方向不同。图中 ER 腔面相当于分泌途径到细胞表面的非胞质面；判定 II 型与 III 型时要同时看 N/C 端和膜两侧，不能只凭“有信号锚”。
ENFIG1446	CELL06-082	膜锚附近正电残基位置改变，为什么可能改变插入方向？	back	两种信号锚插入方向不同。图中 ER 腔面相当于分泌途径到细胞表面的非胞质面；判定 II 型与 III 型时要同时看 N/C 端和膜两侧，不能只凭“有信号锚”。
ENFIG1447	CELL06-044	I型单跨膜分泌途径蛋白建立拓扑的关键信号安排是什么？	back	
ENFIG1447	CELL06-035	停止转移序列在ER共翻译导入中直接做什么？	back	
ENFIG1447	CELL06-081	停止转移片段被改成亲水序列，I型蛋白可能怎样变化？	back	
ENFIG1448	CELL06-050	多跨膜蛋白建立拓扑的关键信号安排是什么？	back	
ENFIG1470	CELL05-137	乙醛酸循环相关微体在过氧化物酶体中有什么典型作用？	back	
ENFIG1471	CELL05-139	过氧化物酶体生物发生在过氧化物酶体中有什么典型作用？	back	
ENFIG1475	CELL06-055	TOM复合体在细胞器蛋白导入中的主要作用是什么？	back	
ENFIG1475	CELL06-057	TIM23相关通路在细胞器蛋白导入中的主要作用是什么？	back	
ENFIG1475	CELL06-065	胞质Hsp70在细胞器蛋白导入中的主要作用是什么？	back	
ENFIG1475	CELL06-067	基质Hsp70在细胞器蛋白导入中的主要作用是什么？	back	
ENFIG1476	CELL06-063	线粒体膜电位在细胞器蛋白导入中的主要作用是什么？	back	A 是内膜电位对带正电前序列的作用，B 是基质 Hsp70 的 ATP 依赖过程，C 是膜间隙部分蛋白的氧化折叠通路。这些途径不能简化为所有线粒体货物都用同一种能量机制。
ENFIG1476	CELL06-064	线粒体膜电位在细胞器蛋白导入中的作用有何条件限制或与其他导入体系的区别？	back	A 是内膜电位对带正电前序列的作用，B 是基质 Hsp70 的 ATP 依赖过程，C 是膜间隙部分蛋白的氧化折叠通路。这些途径不能简化为所有线粒体货物都用同一种能量机制。
ENFIG1477	CELL06-058	TIM23相关通路在细胞器蛋白导入中的作用有何条件限制或与其他导入体系的区别？	back	
ENFIG1478	CELL06-059	TIM22相关通路在细胞器蛋白导入中的主要作用是什么？	back	
ENFIG1478	CELL06-060	TIM22相关通路在细胞器蛋白导入中的作用有何条件限制或与其他导入体系的区别？	back	
ENFIG1479	CELL06-056	TOM复合体在细胞器蛋白导入中的作用有何条件限制或与其他导入体系的区别？	back	左侧为线粒体内合成蛋白经 OXA 插入内膜，右侧为部分核编码前体先进入基质再经 OXA 插入。图用于说明后续分选路线不同，并不表示 OXA 替代外膜 TOM 入口。
ENFIG1480	CELL06-061	SAM复合体在细胞器蛋白导入中的主要作用是什么？	back	A 是线粒体 TOM—SAM 外膜 β 桶装配；B 是细菌 Sec—BAM 装配。两者可比较，但 SAM 与 BAM 不是同一个细胞器内的装置。
ENFIG1480	CELL06-062	SAM复合体在细胞器蛋白导入中的作用有何条件限制或与其他导入体系的区别？	back	A 是线粒体 TOM—SAM 外膜 β 桶装配；B 是细菌 Sec—BAM 装配。两者可比较，但 SAM 与 BAM 不是同一个细胞器内的装置。
ENFIG1505	CELL06-E008	非生长细胞持续胞吐而不回收膜，为什么难以长期保持表面积和区室组成？	back	
ENFIG1508	CELL06-106	膜泡运输中的融合具体指什么？	back	
ENFIG1508	CELL06-143	膜泡载体如何在同一次运输中携带膜蛋白和可溶性蛋白？	back	
ENFIG1510	CELL06-091	COPII包被通常参与什么运输路线？	back	
ENFIG1510	CELL06-094	COPI包被通常参与什么运输路线？	back	
ENFIG1510	CELL06-097	网格蛋白包被通常参与什么运输路线？	back	
ENFIG1521	CELL06-099	网格蛋白包被如何协助选择性货物运输？	back	
ENFIG1521	CELL06-138	运输膜泡通常为何要去包被后再进行后续膜接触？	back	
ENFIG1522	CELL06-116	接头蛋白在膜泡运输中直接承担什么功能？	back	
ENFIG1522	CELL06-159	货物受体仍结合配体，但其胞质适配位点突变，可能发生什么？	back	
ENFIG1524	CELL03-019	磷脂酰肌醇的主要结构特征是什么？	back	
ENFIG1526	CELL06-142	磷酸肌醇与小GTP酶怎样共同参与膜身份识别？	back	
ENFIG1528	CELL06-142	磷酸肌醇与小GTP酶怎样共同参与膜身份识别？	back	
ENFIG1529	CELL06-142	磷酸肌醇与小GTP酶怎样共同参与膜身份识别？	back	
ENFIG1531	CELL06-100	膜泡运输中的出芽具体指什么？	back	
ENFIG1532	CELL06-102	膜泡运输中的断裂具体指什么？	back	
ENFIG1534	CELL06-158	dynamin缺陷细胞出现大量膜连通凹陷，首先支持哪一步受阻？	back	图为受抑制的内吞断裂过程中出现的膜连通凹陷和颈部结构，可支持断裂阶段受阻；仅凭形态不能把所有原因都归于某一个蛋白。
ENFIG1535	CELL06-118	dynamin在膜泡运输中直接承担什么功能？	back	
ENFIG1536	CELL06-108	Sar1在膜泡运输中直接承担什么功能？	back	
ENFIG1536	CELL06-139	GEF和GAP分别怎样调节运输相关小GTP酶？	back	
ENFIG1537	CELL06-112	Sec23/Sec24在膜泡运输中直接承担什么功能？	back	
ENFIG1538	CELL06-114	Sec13/Sec31在膜泡运输中直接承担什么功能？	back	
ENFIG1541	CELL06-141	Rab的脂修饰与其膜定位有什么联系？	back	
ENFIG1541	CELL06-147	Rab效应器与Rab-GTP结合为何有助提高空间特异性？	back	
ENFIG1542	CELL06-140	GDP/GTP循环为何比永久开启更适合运输调控？	back	
ENFIG1542	CELL06-161	Rab错定位到另一膜，为什么可能招募错误的效应器？	back	
ENFIG1544	CELL06-164	膜荧光混合但腔内货物未混合，能否证明完全融合？	back	依次区分 stalk、半融合和完全融合；半融合阶段可有膜脂混合而没有腔内货物混合。因此膜荧光混合单独不足以证明完全融合。
ENFIG1548	CELL06-136	可溶性腔内货物为何常需跨膜受体才能进入选择性包被载体？	back	
ENFIG1551	CELL06-126	NSF/α-SNAP在膜泡运输中直接承担什么功能？	back	图中 NSF + ATP 的箭头作用于拆开既有 SNARE 配对，使其可再次参与运输；不能把 NSF 的 ATP 水解直接等同于每次膜融合的驱动力。
ENFIG1551	CELL06-E005	膜融合依赖 SNARE 配对，为何 NSF 消耗 ATP 不能简单解释为“给每次融合提供直接动力”？	back	图中 NSF + ATP 的箭头作用于拆开既有 SNARE 配对，使其可再次参与运输；不能把 NSF 的 ATP 水解直接等同于每次膜融合的驱动力。
ENFIG1550	CELL06-167	抑制微管马达而囊泡出芽正常，为什么整体分泌仍可降低？	back	
