ID,处理,原题面,优化题面,原核心答案,优化核心答案,图片,备注
CELL01-032,原卡修订,细菌质粒在细胞类型分类中属于哪一类？,细菌质粒是独立细胞，还是细胞内的遗传元件？,细胞内的遗传元件，通常为染色体外DNA。,细胞内的遗传元件，通常为染色体外DNA。,,
CELL01-034,原卡修订,病毒在细胞类型分类中属于哪一类？,病毒是细胞结构的生物实体，还是依赖细胞的非细胞实体？,依赖宿主细胞增殖的非细胞实体。,依赖宿主细胞增殖的非细胞实体。,CN0030,
CELL01-036,原卡修订,线粒体在细胞类型分类中属于哪一类？,线粒体属于独立细胞，还是细胞器？,真核细胞的膜性细胞器。,真核细胞的膜性细胞器。,,
CELL01-038,原卡修订,叶绿体在细胞类型分类中属于哪一类？,叶绿体属于独立细胞，还是植物及部分藻类细胞中的质体？,植物及某些藻类的质体。,植物及某些藻类的质体。,,
CELL01-055,原卡修订,蓝细菌异形胞的主要功能及其与环境的联系是什么？,蓝细菌异形胞的主要功能及其与环境的联系是什么？,在缺乏可利用氮源时承担固氮，并形成保护固氮酶免受氧影响的环境。,在某些丝状蓝细菌中，缺乏可利用氮源会诱导部分营养细胞分化为异形胞；异形胞抑制产氧光系统Ⅱ、形成低氧环境，保护固氮酶并把N₂还原为可利用氮。,CN0026 CN0027,不能推广为所有蓝细菌都会形成异形胞。
CELL02-031,原卡修订,扫描电镜提高图像对比或分辨的主要原理是什么？,扫描电镜提高图像对比或分辨的主要原理是什么？,检测扫描电子束作用表面产生的信号。,聚焦电子束逐点扫描样品；通常收集表面产生的二次电子形成形貌图，背散射电子也可用于成分或断面成像。,,
CELL02-033,原卡修订,扫描电镜的图像解释需注意什么主要限制？,这两类SEM图分别显示内部断面与外表面。为什么“SEM只能观察表面”不能作为通用结论？,表面处理可改变形态，表面像不等于内部结构图。,常规二次电子模式主要显示表面形貌；背散射电子结合切面也能显示内部结构。成像信号和制样方式共同决定观察对象。,CN0058 CN0059,
CELL02-103,原卡修订,杂交瘤HAT选择中，氨基蝶呤为何使补救合成途径变得关键？,杂交瘤HAT选择中，氨基蝶呤为何使补救合成途径变得关键？,它阻断从头核苷酸合成；细胞需用次黄嘌呤和胸腺嘧啶补救合成。,氨基蝶呤抑制依赖四氢叶酸的从头核苷酸合成；细胞必须利用HAT中的次黄嘌呤和胸苷，经HGPRT和胸苷激酶的补救途径维持核苷酸供应。,,T是胸苷（胸腺嘧啶脱氧核苷），不是游离胸腺嘧啶。
CELL02-126,原卡修订,FRAP恢复速度相近但平台较低，通常首先提示哪个性质改变？,按图示FRAP实验，校正后漂白前F₁=100、刚漂白F₀=20、恢复平台F₂=60。可移动分数是多少，为什么不能直接用60/100？,可移动分子比例降低；在相同测量与模型条件下解释。,可移动分数=(F₂−F₀)/(F₁−F₀)=40/80=50%。需扣除未被漂白的基线，并以实际被漂白的幅度归一；60/100把残余荧光当作恢复。,CN0072,自编数值；假定已校正背景、整体漂白且检测线性，图未给出这些数值。
CELL03-052,原卡修订,实验分离跨膜α螺旋时通常依据什么特点？,跨膜α螺旋为什么提示膜内嵌入，分离这类蛋白通常需什么条件？,疏水序列可提示跨膜区，但需验证拓扑。,跨膜α螺旋外侧疏水，稳定嵌入脂双层，分离整合膜蛋白通常需去垢剂；约20个连续疏水残基可提示跨膜区，但不能单凭序列确定全部拓扑。,,
CELL03-054,原卡修订,实验分离跨膜β桶时通常依据什么特点？,跨膜β桶的亲脂表面和典型分布是什么，分离时为什么需要去垢剂？,常见于细菌及部分细胞器外膜，不能套用所有膜。,β桶外表面疏水并接触膜脂，分离时通常需适当去垢剂；β桶常见于革兰阴性菌、线粒体和叶绿体的外膜。,,
CELL03-105,原卡修订,红细胞骨架连接缺陷时，为什么细胞可能更易变形并溶血？,红细胞膜骨架连接缺陷为什么可能导致形状异常和溶血？,膜的机械支撑与稳定连接减弱，难以承受循环中的应力。,膜骨架与膜的连接减弱会损害膜稳定性，造成膜面积丢失、形状异常及溶血；形变能力的变化依缺陷而定，不能一概说变形能力增加。,CN0099 CN0100 CN0101,
CELL04-036,原卡修订,水孔蛋白的开放怎样影响离子流？,水孔蛋白开放或增多怎样影响跨膜水流，是否会形成离子流？,加快水的被动流动，不逆渗透驱动力泵水。,提高膜对水的通透性，水仍按渗透驱动力流动；典型AQP1不通透离子，不能把水流等同离子电流。,,
CELL04-067,原卡修订,PMCA与其他ATP相关运输系统有何关键区别？,PMCA与其他ATP相关运输系统有何关键区别？,与SERCA位置和调节特点不同。,PMCA位于质膜，把胞质Ca²⁺泵到胞外，其胞质C端可受Ca²⁺-钙调蛋白调节；SERCA位于内质网／肌质网，把Ca²⁺泵入腔内，缺少这一钙调蛋白结合调节域。,,
CELL04-093,原卡修订,渗透稳态为什么重要？,渗透稳态为什么重要？,限制胞内可渗透溶质的净积累，防止过度吸水。,动物细胞内有不能自由跨膜的带电大分子，会促使可透离子和水积累；Na⁺-K⁺泵持续排Na⁺，配合膜通透性限制胞内净溶质积累，维持体积。,,
CELL04-094,原卡修订,渗透稳态怎样与相关概念区分？,渗透稳态怎样与相关概念区分？,不能解释为少量细胞显著耗尽整个培养液Na⁺。,泵受抑制后，Na⁺净积累使胞内渗透负荷增加，水进入并使细胞膨胀；解释对象是细胞内离子和体积变化，并非培养液Na⁺被少量细胞显著耗尽。,,
CELL04-107,原卡修订,Na⁺通道失活为什么重要？,Na⁺通透性先升后降、K⁺通透性随后升高，怎样解释动作电位的上升与复极化？,开通后进入暂不可激活状态。,电压门控Na⁺通道快速开放使Na⁺内流、膜去极化；Na⁺通道失活并伴随延迟开启的K⁺通道外流，使膜复极化。泵主要长期维持梯度，不负责快速下降相。,CN0116 CN0117 CN0120,
CELL05-114,原卡修订,M6P受体与溶酶体功能异常有何联系？,M6P受体与溶酶体功能异常有何联系？,受体回收使分选可反复进行。,M6P受体缺陷可使带M6P的水解酶不能有效送往内体／溶酶体；酶的标记正常也不保证分选正常。受体从内体返回TGN，支持反复分选。,CN0148,
CELL05-115,原卡修订,溶酶体贮积在溶酶体途径中起什么作用？,什么是溶酶体贮积，其直接原因有哪些？,难以降解或运出的物质积累。,溶酶体内本应被降解或转运出的底物积累；可由特定水解酶缺失、酶分选异常或产物转运受阻造成。,,
CELL05-136,原卡修订,超长链脂肪酸处理与溶酶体降解有什么区别？,过氧化物酶体与线粒体脂肪酸β氧化在能量去向上有何区别？,产能与产物去向不能套用线粒体全过程。,过氧化物酶体脂肪酸氧化的第一步把电子直接交给O₂并形成H₂O₂，不在该细胞器内通过呼吸链合成ATP；缩短的脂肪酸等产物可继续在线粒体代谢。,,
CELL06-039,原卡修订,尾锚定蛋白插入系统在ER共翻译导入中直接做什么？,为什么尾锚定蛋白通常需要翻译后插入ER膜，而不是经典SRP共翻译导入？,处理翻译结束后才露出的C端膜锚。,跨膜锚靠近C端，只有翻译结束后才充分露出，错过SRP在翻译过程中识别的时机；需由相应翻译后插入系统处理。,,
CELL06-040,原卡修订,尾锚定蛋白插入系统如何与其他步骤衔接？,尾锚定蛋白的C端膜锚为何通常不能在翻译中及时被SRP识别？,其膜锚通常无法在翻译中及时由SRP识别。,其膜锚通常无法在翻译中及时由SRP识别。,,
CELL06-098,原卡修订,网格蛋白包被组装时相关的小GTP酶是什么？,网格蛋白包被招募能否统一归因于Sar1或某一种小GTP酶？,具体招募依膜域与适配系统，不能统一为Sar1。,不能。质膜AP2途径和TGN的AP1等适配途径使用不同的膜招募信息；Arf1可参与TGN包被招募，Sar1是COPII组装的关键GTP酶。,,
CELL06-109,原卡修订,Sar1与常见误解如何区分？,Sar1参与COPII组装，能否据此认定它是长程运输马达？,不是长程运输的马达蛋白。,不是长程运输的马达蛋白。,,
CELL06-110,原卡修订,Arf在膜泡运输中直接承担什么功能？,Arf在膜泡运输中直接承担什么功能？,GTP状态参与部分包被和膜蛋白招募。,典型Arf1在GTP状态结合膜并促进COPI等包被招募；其GDP／GTP循环调节包被组装与回收。,,
CELL06-111,原卡修订,Arf与常见误解如何区分？,Arf1参与COPI包被招募，能否推广为全部胞吞事件都依赖Arf1？,不能泛化为全部胞吞事件必须使用。,不能泛化为全部胞吞事件必须使用。,,
CELL06-113,原卡修订,Sec23/Sec24与常见误解如何区分？,为什么COPII货物选择不能只归因于Sec13／Sec31外层几何外壳？,货物选择不只靠外层几何外壳。,COPII内层Sec24直接识别膜货物的输出信号或货物受体；Sec23与Sar1作用，外层Sec13／Sec31主要组织包被框架和膜形变。,CN0160,
CELL06-115,原卡修订,Sec13/Sec31与常见误解如何区分？,COPII外层Sec13／Sec31能否替代所有货物受体功能？,不能代替所有货物受体功能。,不能代替所有货物受体功能。,,
CELL06-117,原卡修订,接头蛋白与常见误解如何区分？,不同膜域是否都使用同一种网格蛋白接头蛋白？,不同膜域使用不同适配系统。,否。例如质膜内吞常用AP2，TGN—内体运输常用AP1等；接头的膜定位与货物识别依具体膜域。,,
CELL06-119,原卡修订,dynamin与常见误解如何区分？,发动蛋白参与内吞泡颈部断裂，能否认定所有运输膜泡都依赖它？,不是所有膜泡都由同一种断裂机制形成。,不是所有膜泡都由同一种断裂机制形成。,,
CELL06-121,原卡修订,Rab与常见误解如何区分？,Rab介导靶膜识别，是否意味着Rab单独构成融合孔？,Rab不是直接构成融合孔的唯一蛋白。,Rab不是直接构成融合孔的唯一蛋白。,,
CELL06-123,原卡修订,系留复合体与常见误解如何区分？,囊泡已被系留复合体捕获，为什么还不能认定脂双层已经融合？,系留不等于已经完成脂双层融合。,系留不等于已经完成脂双层融合。,,
CELL06-125,原卡修订,SNARE与常见误解如何区分？,为什么SNARE配对不能独自解释膜泡运输的全部靶向特异性？,配对选择还受Rab、系留及其他调节控制。,配对选择还受Rab、系留及其他调节控制。,,
CELL06-127,原卡修订,NSF/α-SNAP与常见误解如何区分？,NSF／α-SNAP消耗ATP拆解SNARE，能否据此说ATP直接驱动SNARE融合拉链？,经典作用是回收SNARE，不是用ATP直接代替融合拉链。,经典作用是回收SNARE，不是用ATP直接代替融合拉链。,,
CELL07-048,原卡修订,融合异常如何影响线粒体组织？,融合异常如何影响线粒体组织？,可支持功能互补，但不是修复所有损伤的保证。,融合减少可限制内容物混合和功能互补，并造成网络片段化；即使融合恢复，也不能保证所有不可逆损伤都被修复。,,
CELL07-050,原卡修订,分裂异常如何影响线粒体组织？,分裂异常如何影响线粒体组织？,参与分布、分配及受损区域选择性清除。,分裂不足可导致网络过度延长，影响细胞器分配及受损区域隔离；分裂过强也可造成片段化。形态异常是否损害功能需另测。,,
CELL07-065,原卡修订,线粒体融合受阻时，为什么应同时测形态与功能？,图中Mfn1相关缺陷使线粒体碎片化。能否只凭颗粒增多断言分裂速度加快？还需哪类证据？,碎片化是结构读出，能量、膜电位和质量控制可能各受不同影响。,不能，融合减少也可造成碎片化。应以时间序列或内容物混合等分别测融合与分裂，并结合膜电位、能量等功能读出。,CN0164 CN0166,形态终点不能单独识别网络变化来自哪一方向。
CELL07-082,原卡修订,天线色素为何不能与相关组分混同？,天线色素传递激发能，与反应中心的电子转移／电荷分离有何区别？,主要传递激发能，不等于每个色素都直接分离电荷。,天线色素把吸收的激发能传给反应中心；反应中心再把激发电子转移给受体形成电荷分离。不能把两者都写成电子逐个色素传递。,CN0190,
CELL07-086,原卡修订,PSII为何不能与相关组分混同？,PSII编号为Ⅱ，为什么在线性光合电子流中先于PSI？,虽编号II，在线性流程中通常先于PSI。,编号依据发现顺序；实际电子从水经PSII、质体醌、b₆f及质体蓝素到PSI，再经Fd传给NADP⁺。,,
CELL07-088,原卡修订,放氧复合体为何不能与相关组分混同？,光合作用释放的O₂来自H₂O还是CO₂，哪个复合体负责？,光合释放氧主要来自水，不来自CO₂。,来自水；PSII的放氧复合体催化水氧化，释放O₂、质子和补给反应中心的电子。,,
CELL07-090,原卡修订,质体醌为何不能与相关组分混同？,质体醌与质体蓝素在位置及携带对象上有何区别？,与可溶载体质体蓝素的定位不同。,质体醌PQ在类囊体膜脂层中移动，可携电子及质子；质体蓝素PC是类囊体腔内可溶铜蛋白，主要传递电子。,,
CELL07-092,原卡修订,细胞色素b₆f为何不能与相关组分混同？,细胞色素b₆f建立质子梯度，与Rubisco固定CO₂的任务有何区别？,不是直接还原CO₂的酶。,不是直接还原CO₂的酶。,,
CELL07-094,原卡修订,质体蓝素为何不能与相关组分混同？,质体蓝素是光合色素吗，与质体醌有什么不同？,不是叶绿素色素，也不同于质体醌。,不是叶绿素类吸光色素，而是可溶铜电子载体；位于类囊体腔内，与膜内携电子和质子的质体醌不同。,,
CELL07-096,原卡修订,PSI为何不能与相关组分混同？,PSI在线性电子流中处于何处，对NADPH形成有什么作用？,在线性链后段参与NADPH形成。,在线性链后段参与NADPH形成。,,
CELL07-098,原卡修订,铁氧还蛋白—NADP⁺还原酶为何不能与相关组分混同？,铁氧还蛋白—NADP⁺还原酶与ATP合酶的直接产物分别是什么？,提供还原力，与ATP合酶的产物不同。,前者把电子交给NADP⁺，形成NADPH还原力；后者利用质子动力势由ADP和Pi形成ATP。,,
CELL08-088,原卡修订,体外滑动实验微丝移动方向与固定肌球蛋白行走方向为何要区分？,图示体外滑动实验中肌球蛋白固定在基底。为什么微丝在实验坐标中的移动方向与马达沿微丝的行走方向相反？,马达固定时轨道被反向推动，相对运动与物体移动坐标不同。,固定的是马达，因此相对位移表现为轨道被反向推动；需区分微丝的正负端、马达相对轨道方向与轨道相对基底方向。,CN0215,
CELL08-111,原卡修订,GTP帽如何调节微管？,微管的GTP帽是什么，为什么有利于生长端稳定？,端部富含未水解或相关稳定状态亚基。,生长端富含未水解GTP或相关稳定核苷酸状态的微管蛋白亚基；其结合几何较稳定，帽丢失可使原纤维外翻并发生灾变。,CN0229,
CELL08-113,原卡修订,灾变如何调节微管？,微管动力学中的“灾变”具体指哪种状态转换？,微管由生长转向快速缩短。,微管由生长转向快速缩短。,,
CELL08-115,原卡修订,救援如何调节微管？,微管动力学中的“救援”具体指哪种状态转换？,微管由缩短恢复生长。,微管由缩短恢复生长。,,
CELL08-157,原卡修订,微管动态不稳定性与踏车行为的主要区别是什么？,观察图内时间而非文件顺序：同一微管末端交替延长和回缩，为什么应判为动态不稳定性，而不能直接叫踏车？,前者单端交替生长和缩短；后者两端同时出现相反净通量。,动态不稳定性是同一端在生长与缩短之间转换；踏车需两端同时有相反净通量，单端的时间序列不足以证明。,CN0232 CN0233 CN0234 CN0235,
CELL09-006,原卡修订,核周腔对核功能有什么意义？,核周腔与ER腔、核质分别是什么关系？,不是核质，也不是胞质。,核周腔位于核内外膜之间，与ER腔连续；它不属于核质或胞质。,CN0261 CN0262,
CELL09-041,原卡修订,染色质在染色质中是什么？,染色质由哪些主要成分构成？,DNA与组蛋白、其他蛋白及相关RNA的复合体。,DNA与组蛋白、其他蛋白及相关RNA的复合体。,,
CELL09-047,原卡修订,H3/H4在染色质中是什么？,H3和H4如何组成核小体核心的四聚体？,形成核心中的重要组蛋白结构。,两组H3-H4异二聚体组成(H3-H4)₂四聚体，再加入两个H2A-H2B二聚体形成核心八聚体。,CN0271 CN0272 CN0274,
CELL09-092,原卡修订,组蛋白乙酰转移酶与常见绝对化表述如何区别？,只测总组蛋白乙酰化量，为什么不能判断某个基因的转录变化？,作用依底物和定位，不能仅看总乙酰化量。,作用依底物和定位，不能仅看总乙酰化量。,,
CELL09-094,原卡修订,组蛋白去乙酰化酶与常见绝对化表述如何区别？,HDAC作用是否必然使每个基因都下调？,常关联抑制，但具体基因结果依调控背景。,常关联抑制，但具体基因结果依调控背景。,,
CELL09-096,原卡修订,组蛋白甲基转移酶与常见绝对化表述如何区别？,组蛋白甲基化是否一律抑制转录？,甲基化可关联激活或抑制，不能统一定性。,甲基化可关联激活或抑制，不能统一定性。,CN0277 CN0278,
CELL09-098,原卡修订,修饰读取蛋白与常见绝对化表述如何区别？,组蛋白修饰除了直接改变相互作用，还如何通过读取蛋白发挥作用？,修饰的效果不仅来自直接电荷改变。,修饰的效果不仅来自直接电荷改变。,,
CELL09-100,原卡修订,ATP依赖重塑复合体与常见绝对化表述如何区别？,ATP依赖染色质重塑与组蛋白共价修饰的直接作用有何区别？,区别于单纯添加共价组蛋白修饰。,区别于单纯添加共价组蛋白修饰。,,
CELL09-102,原卡修订,DNA甲基化与常见绝对化表述如何区别？,DNA甲基化是否在所有位置都同样抑制转录？,启动子等位置重要，不能一概等于所有区域转录降低。,启动子等位置重要，不能一概等于所有区域转录降低。,,
CELL09-104,原卡修订,HMG结构调节蛋白与常见绝对化表述如何区别？,HMG等非组蛋白是否都只识别一种特定短DNA序列？,非组蛋白不都只识别一种短序列。,非组蛋白不都只识别一种短序列。,,
CELL09-106,原卡修订,Xist RNA与常见绝对化表述如何区别？,Xist介导X失活后，整条X染色体是否所有基因都不再表达？,物种、组织和阶段有条件，失活并非全部基因绝对关闭。,物种、组织和阶段有条件，失活并非全部基因绝对关闭。,,
CELL09-142,原卡修订,着丝粒怎样与相关染色体概念区分？,着丝粒和动粒在成分与位置上有何区别？,DNA/染色质区域与外侧动粒蛋白结构不同。,DNA/染色质区域与外侧动粒蛋白结构不同。,CN0287,
CELL09-144,原卡修订,动粒怎样与相关染色体概念区分？,动粒负责连接微管，为什么不能把它称为染色体的端部？,连接和监控微管，而非染色体端部。,连接和监控微管，而非染色体端部。,,
CELL09-148,原卡修订,复制起点怎样与相关染色体概念区分？,复制起点、着丝粒和端粒各解决什么问题？,与分离功能元件及端部保护分工不同。,复制起点启动复制；着丝粒组织动粒实现分离；端粒保护线性染色体末端。,CN0288,
CELL09-150,原卡修订,酵母ARS怎样与相关染色体概念区分？,酵母ARS能支持复制，为什么不自动保证稳定分离？,不自动提供稳定分离，也不能推广为所有真核同一共识。,不自动提供稳定分离，也不能推广为所有真核同一共识。,,
CELL09-152,原卡修订,酵母CEN怎样与相关染色体概念区分？,酵母CEN与ARS的核心功能有何区别？,与仅能复制的ARS不同。,与仅能复制的ARS不同。,,
CELL09-154,原卡修订,核仁组织区NOR怎样与相关染色体概念区分？,染色体的每个次缢痕是否都是核仁组织区NOR？,并非每个次缢痕都必是NOR。,并非每个次缢痕都必是NOR。,,
CELL09-169,原卡修订,纤维中心FC怎样与其他区室/步骤区分？,核仁FC、DFC、GC的典型空间关系是什么？,与主要颗粒装配区域不同。,FC为低电子密度纤维中心；DFC常围绕FC；GC位于较外围，富含核糖体前体颗粒。,,
CELL09-171,原卡修订,致密纤维组分DFC怎样与其他区室/步骤区分？,rRNA早期加工与核糖体亚基较后期装配分别主要关联核仁哪个组分？,位于核仁组织中特定区域而非全部均匀混合。,早期rRNA加工主要关联DFC；较后期核糖体前体装配主要关联GC，过程有空间连续性。,CN0292,
CELL09-173,原卡修订,颗粒组分GC怎样与其他区室/步骤区分？,核仁GC中的亚基装配是否等于在核仁内进行蛋白质翻译？,核仁内装配不等于在这里完成胞质翻译。,核仁内装配不等于在这里完成胞质翻译。,,
CELL10-041,原卡修订,真核eEF1A怎样帮助翻译正确或连续进行？,真核eEF1A对应细菌哪个延长因子，是否负责主要转位？,功能对应细菌EF-Tu，不负责主要转位步骤。,功能对应细菌EF-Tu，不负责主要转位步骤。,,
CELL10-043,原卡修订,真核eEF2怎样帮助翻译正确或连续进行？,真核eEF2对应细菌哪个因子，并参与哪个步骤？,功能对应细菌EF-G，依赖GTP循环。,功能对应细菌EF-G，依赖GTP循环。,,
CELL11-018,原卡修订,第一信使为什么不宜与下游效应混为一谈？,同一第一信使为何能在不同细胞引发不同反应？,输入相同不保证不同细胞有相同应答。,输入相同不保证不同细胞有相同应答。,,
CELL11-020,原卡修订,第二信使为什么不宜与下游效应混为一谈？,第二信使和PKA等信号蛋白怎样区分？,如cAMP、IP3、Ca2+；PKA等蛋白不是第二信使。,如cAMP、IP3、Ca2+；PKA等蛋白不是第二信使。,,
CELL11-022,原卡修订,受体结合亲和力为什么不宜与下游效应混为一谈？,受体亲和力、受体数量和最大应答为何不能等同？,亲和力不等于最大细胞效应或受体总数量。,亲和力不等于最大细胞效应或受体总数量。,,
CELL11-024,原卡修订,受体结合特异性为什么不宜与下游效应混为一谈？,同一配体是否只作用于一种受体？,同一配体仍可作用于不同受体亚型。,同一配体仍可作用于不同受体亚型。,,
CELL11-048,原卡修订,Gβγ怎样影响信号开启或关闭？,Gβγ是否只是静息G蛋白的结构组分？,也可直接调节通道等，不只是被动结构亚基。,也可直接调节通道等，不只是被动结构亚基。,CN0312,
CELL11-052,原卡修订,RGS蛋白怎样影响信号开启或关闭？,RGS促进GTP水解与GEF促进GDP交换在关停信号上有何不同？,缩短信号持续时间，区别于促进GDP交换。,缩短信号持续时间，区别于促进GDP交换。,CN0305,
CELL11-057,原卡修订,Gsα与其他G蛋白怎样辨别？,Gsα和Giα对AC的典型调节方向有何区别？,与Gi对该效应酶的调节方向不同。,与Gi对该效应酶的调节方向不同。,,
CELL11-060,原卡修订,Giα与其他G蛋白怎样辨别？,Gi活化后，除α亚基抑制AC外，βγ还可直接调节什么？,Gi活化后βγ还可调节GIRK等通道。,Gi活化后βγ还可调节GIRK等通道。,,
CELL11-063,原卡修订,Gqα与其他G蛋白怎样辨别？,Gq—PLCβ与Gs—AC通路的主要第二信使有何不同？,区别于Gs主要调节cAMP的通路。,区别于Gs主要调节cAMP的通路。,,
CELL11-066,原卡修订,Gt/传导素与其他G蛋白怎样辨别？,视杆光反应为什么表现为超极化？,光反应是关闭相关阳离子通道并超极化。,光反应是关闭相关阳离子通道并超极化。,CN0313,
CELL11-082,原卡修订,IP3的作用为什么有位置或条件要求？,IP3升高是否总能引起ER释放Ca2+？,作用依受体、钙库和胞内环境，非直接把钙泵入胞质。,作用依受体、钙库和胞内环境，非直接把钙泵入胞质。,,
CELL11-086,原卡修订,IP3受体的作用为什么有位置或条件要求？,IP3受体放钙属于主动泵送还是顺梯度通道运输？,Ca2+沿电化学梯度从钙库释放。,Ca2+沿电化学梯度从钙库释放。,,
CELL11-088,原卡修订,钙调蛋白CaM的作用为什么有位置或条件要求？,钙调蛋白CaM是第二信使还是第二信使的感受蛋白？,是钙感受蛋白，不是Ca2+泵或第二信使本身。,是钙感受蛋白，不是Ca2+泵或第二信使本身。,,
CELL11-092,原卡修订,传统型PKC的作用为什么有位置或条件要求？,所有PKC亚型是否都同时依赖Ca2+和DAG？,不可把传统型依赖写为所有PKC亚型的共同要求。,不可把传统型依赖写为所有PKC亚型的共同要求。,,
CELL11-117,原卡修订,RTK胞外域怎样保证通路连接或调节？,所有RTK是否都要在结合配体后才形成二聚体？,配体促进二聚体或既有复合体的活化构象。,配体促进二聚体或既有复合体的活化构象。,,
CELL11-123,原卡修订,Grb2怎样保证通路连接或调节？,Grb2没有自身催化活性，怎样仍能传递信号？,为接头蛋白，不需自身催化反应即可传递组织信息。,为接头蛋白，不需自身催化反应即可传递组织信息。,,
CELL11-127,原卡修订,Ras-GTP怎样保证通路连接或调节？,Ras属于小GTP酶、异三聚体Gα还是蛋白激酶？,Ras是小GTP酶，不是三聚体Gα或蛋白激酶。,Ras是小GTP酶，不是三聚体Gα或蛋白激酶。,,
CELL11-137,原卡修订,典型细胞因子受体怎样区别于RTK—Ras支路的相应元件？,典型细胞因子受体与RTK在酪氨酸激酶来源上有何不同？,本身通常无内在酪氨酸激酶活性。,本身通常无内在酪氨酸激酶活性。,CN0327 CN0334,
CELL11-139,原卡修订,JAK怎样区别于RTK—Ras支路的相应元件？,JAK是受体自身的激酶域吗？,为受体相关胞质激酶，不是受体自身激酶域。,为受体相关胞质激酶，不是受体自身激酶域。,,
CELL11-141,原卡修订,STAT的SH2结构域怎样区别于RTK—Ras支路的相应元件？,STAT的SH2结构域如何参与招募和活化后二聚？,使受体招募与STAT活化后配对相联系。,使受体招募与STAT活化后配对相联系。,,
CELL11-143,原卡修订,活化STAT二聚体怎样区别于RTK—Ras支路的相应元件？,STAT与普通接头蛋白相比，如何直接联系转录输出？,信号蛋白本身兼有转录调控作用。,信号蛋白本身兼有转录调控作用。,,
CELL11-145,原卡修订,不同STAT成员怎样区别于RTK—Ras支路的相应元件？,共享STAT结构是否意味着所有细胞因子效应相同？,有共享结构不等于所有细胞因子效应完全相同。,有共享结构不等于所有细胞因子效应完全相同。,,
CELL11-149,原卡修订,PIP3怎样影响存活或代谢支路？,"PI(3,4,5)P3和PI3P是否同一种肌醇磷脂？",区别于PI3P，不能将名称混写。,区别于PI3P，不能将名称混写。,,
CELL11-155,原卡修订,mTORC2怎样影响存活或代谢支路？,mTORC2和mTORC1在Akt活化与生长中的分工如何区别？,应区别于主要促生长的mTORC1复合体。,应区别于主要促生长的mTORC1复合体。,,
CELL11-165,原卡修订,Smad4的分类或调节意义是什么？,Smad4是共Smad还是负责受体磷酸化的激酶？,不是负责受体磷酸化的酶。,不是负责受体磷酸化的酶。,,
CELL11-167,原卡修订,抑制性Smad6/7的分类或调节意义是什么？,抑制性Smad6/7与核输入因子importin-β有何区别？,可参与负反馈；importin-β是运输因子而非I-Smad。,可参与负反馈；importin-β是运输因子而非I-Smad。,,
CELL11-177,原卡修订,核内β-catenin如何改变β-catenin命运或输出？,β-catenin位于细胞连接与细胞核时，功能有何区别？,是转录共调控蛋白，也参与细胞黏着，功能依位置。,是转录共调控蛋白，也参与细胞黏着，功能依位置。,,
CELL11-179,原卡修订,Patched需要怎样限定物种或机制？,Patched是否属于七次跨膜GPCR？,为多次跨膜蛋白，不能统称七次跨膜GPCR。,为多次跨膜蛋白，不能统称七次跨膜GPCR。,,
CELL11-181,原卡修订,Smoothened需要怎样限定物种或机制？,Smoothened的跨膜结构和脊椎动物纤毛定位怎样限定？,为GPCR样七次跨膜蛋白，脊椎动物定位与初级纤毛相关。,为GPCR样七次跨膜蛋白，脊椎动物定位与初级纤毛相关。,,
CELL11-183,原卡修订,果蝇Ci需要怎样限定物种或机制？,果蝇Hh信号出现时，Ci的抑制性加工如何改变？,有Hh时抑制性加工减少并促进激活输出。,有Hh时抑制性加工减少并促进激活输出。,,
CELL11-185,原卡修订,脊椎动物Gli需要怎样限定物种或机制？,能否把果蝇Ci的所有加工细节直接套用于脊椎动物Gli？,有不同成员和激活/抑制形式，不能直接照搬所有Ci细节。,有不同成员和激活/抑制形式，不能直接照搬所有Ci细节。,,
CELL11-191,原卡修订,NFκB核转位如何改变转录调节状态？,NFκB激活是否总导致细胞死亡？,参与免疫、炎症及存活等，不等于任意情形均促死亡。,参与免疫、炎症及存活等，不等于任意情形均促死亡。,,
CELL11-195,原卡修订,相邻细胞Delta怎样区别于第二信使级联模式？,Delta的膜定位为何使Notch信号依赖接触？,膜配体使该通路依赖细胞接触。,膜配体使该通路依赖细胞接触。,,
CELL11-197,原卡修订,ADAM与γ分泌酶怎样区别于第二信使级联模式？,Notch关键切割如何在不先生成cAMP的情况下传递信号？,由蛋白水解释放胞内段，无需先生成cAMP。,由蛋白水解释放胞内段，无需先生成cAMP。,CN0126,
CELL11-199,原卡修订,Notch胞内段NICD怎样区别于第二信使级联模式？,直接表达NICD为何能绕过Notch受体前部的切割？,受体片段直接参与输出，外加NICD可绕过前部切割。,受体片段直接参与输出，外加NICD可绕过前部切割。,,
CELL11-212,原卡修订,信号发散怎样影响应答的幅度或持续时间？,同一受体产生多个输出分支，对细胞有什么意义？,允许协调代谢、存活与表达等多个过程。,允许协调代谢、存活与表达等多个过程。,CN0342,
CELL11-214,原卡修订,信号收敛怎样影响应答的幅度或持续时间？,不同信号收敛到同一元件，对细胞有什么意义？,使细胞整合多个外部条件。,使细胞整合多个外部条件。,CN0343,
CELL11-222,原卡修订,受体暂时内化怎样影响应答的幅度或持续时间？,受体内化后是否必然被降解？,可回收而恢复敏感性，并非必定已被降解。,可回收而恢复敏感性，并非必定已被降解。,,
CELL11-224,原卡修订,受体降解下调怎样影响应答的幅度或持续时间？,受体降解与暂时内化的恢复条件有何不同？,恢复可能需要重新合成，区别于暂时扣留。,恢复可能需要重新合成，区别于暂时扣留。,,
CELL11-226,原卡修订,GRK/β-arrestin脱敏怎样影响应答的幅度或持续时间？,β-arrestin脱敏是否意味着所有受体相关信号都关闭？,还可参与内吞及其他信号，不能写成所有信号完全关闭。,还可参与内吞及其他信号，不能写成所有信号完全关闭。,,
CELL12-057,原卡修订,凝缩蛋白condensin为什么不是同名相关结构的简单替代？,condensin与cohesin的主要作用有何区别？,区别于主要维持姐妹粘连的cohesin。,condensin主要参与染色体凝缩和组织，cohesin主要维持姐妹染色单体粘连；两者不能相互替代。,CN0356,
CELL12-059,原卡修订,黏连蛋白cohesin为什么不是同名相关结构的简单替代？,染色体已经凝缩，为什么仍不能直接让姐妹染色单体分离？,需受控解除，凝缩不等于粘连已解除。,凝缩不等于粘连解除；需按时解除cohesin介导的姐妹粘连，才能正常进入后期并分离。,,
CELL12-061,原卡修订,动粒为什么不是同名相关结构的简单替代？,动粒与着丝粒有何区别？,连接微管并参与监控，区别于着丝粒DNA区域。,着丝粒是染色体特定区域，动粒是在其上组装的蛋白复合体，连接纺锤体微管并参与分离监控。,,
CELL12-063,原卡修订,动粒微管为什么不是同名相关结构的简单替代？,动粒微管与星体微管主要连接对象有何不同？,不同于主要联系皮层的星体微管。,动粒微管连接染色体动粒；星体微管伸向细胞皮层，参与定位和皮层力传递。,CN0360,
CELL12-065,原卡修订,极间微管为什么不是同名相关结构的简单替代？,极间微管是否必须连接动粒，其主要作用是什么？,参与两极分离，不需每根均连接动粒。,不必须连接动粒；相对两极的微管在中部重叠，配合马达等参与两极分离。,CN0363,
CELL12-067,原卡修订,星体微管为什么不是同名相关结构的简单替代？,星体微管怎样参与纺锤体定位？,参与纺锤体定位及皮层力的传递。,伸向皮层的星体微管与皮层相关力发生联系，把皮层力传给纺锤体，从而影响位置和方向。,CN0364,
CELL13-032,原卡修订,cyclin结合与其他修饰或降解机制有何区别？,cyclin结合是否足以保证CDK在任何条件下完全活化？,重要但不等于在任何条件下已完全活化。,不足。结合是重要调控步骤，活性还受活化及抑制性磷酸化、CKI等影响。,CN0390,
CELL13-034,原卡修订,CAK活化位点磷酸化与其他修饰或降解机制有何区别？,CAK与Wee1/Myt1对CDK的磷酸化为什么产生不同效果？,区别于Wee1/Myt1的抑制性位点磷酸化。,作用位点不同：CAK的活化位点磷酸化促进活性，Wee1/Myt1的抑制性位点磷酸化抑制活性。,,
CELL13-038,原卡修订,Cdc25调节与其他修饰或降解机制有何区别？,Cdc25怎样激活CDK1，是否去除其全部磷酸？,可使CDK1迅速活化，不是去掉所有磷酸。,去除CDK1的抑制性磷酸，使其迅速活化；不是去掉全部磷酸，活化位点磷酸化可保留。,,
CELL13-040,原卡修订,M-CDK正反馈与其他修饰或降解机制有何区别？,M-CDK对Cdc25和Wee1的反馈怎样促进快速进入M期？,有助快速协同进入M期。,M-CDK促进Cdc25并抑制Wee1，使更多M-CDK被活化；正反馈有助形成迅速、协同的状态转换。,,
CELL13-042,原卡修订,APC/C底物识别与其他修饰或降解机制有何区别？,APC/C与蛋白酶体在底物降解中分别做什么？,结合阶段性调控，区别于蛋白酶体直接水解。,APC/C是受阶段性调节的E3，选择底物并促进泛素化；蛋白酶体识别适当标记的底物并直接水解。,,
CELL13-044,原卡修订,SCF底物识别与其他修饰或降解机制有何区别？,SCF和APC/C同为E3，为什么不能视为同一调控装置？,同为E3但选择规则不同于APC/C。,底物识别及激活规则不同；SCF常通过相应F-box蛋白识别特定底物，APC/C受Cdc20或Cdh1等阶段性调控。,CN0392,
CELL13-092,原卡修订,增殖控制失调为什么不能绝对化为所有癌细胞的共同数值？,癌细胞是否都在任何时刻快速分裂？,癌种与亚群增殖速度不同，不是每个细胞时时快速分裂。,不是。增殖控制异常不等于每个癌细胞都时时快速分裂，癌种、亚群及状态间增殖速度不同。,,
CELL13-094,原卡修订,抵御细胞死亡为什么不能绝对化为所有癌细胞的共同数值？,抵抗细胞死亡是否意味着癌细胞绝对不会死亡？,仍可死亡，不等于绝对不死。,不意味着；是死亡阈值或相关通路改变，癌细胞仍可因适当刺激或治疗死亡。,,
CELL13-096,原卡修订,复制潜能维持为什么不能绝对化为所有癌细胞的共同数值？,癌细胞维持复制潜能是否只能依赖端粒酶？,端粒酶或其他维持途径可不同。,不是；可经端粒酶或其他端粒维持机制实现，不同肿瘤采用的途径可不同。,,
CELL13-098,原卡修订,侵袭为什么不能绝对化为所有癌细胞的共同数值？,肿瘤侵袭与转移有何区别？,不同于已完成远处定植的转移。,侵袭是进入周围组织；转移还需播散并在远处成功存活、定植和生长。,,
CELL13-100,原卡修订,转移为什么不能绝对化为所有癌细胞的共同数值？,单一体外迁移实验能否充分证明癌细胞完成转移？,需要多步成功，单一迁移实验不能完整证明。,不能。转移需要侵袭、进入及离开循环、远处定植等多步成功，体外迁移仅测其中相关能力。,CN0396,
CELL13-102,原卡修订,接触抑制改变为什么不能绝对化为所有癌细胞的共同数值？,接触抑制减弱是否在所有癌细胞模型中程度相同？,不同细胞模型的程度和机制可不同。,不是；不同模型的程度和机制可不同，需结合培养条件和具体细胞类型判读。,,
CELL13-104,原卡修订,锚定非依赖生长为什么不能绝对化为所有癌细胞的共同数值？,软琼脂中生长能否单独代替完整恶性判定？,是转化相关证据，不能单项替代全部恶性判定。,不能。锚定非依赖生长支持转化相关表型，但需其他功能及体内等证据共同判断恶性。,,
CELL13-106,原卡修订,表达谱重编程为什么不能绝对化为所有癌细胞的共同数值？,癌与正常细胞总mRNA水平相近，能否排除表达调控异常？,总mRNA相似也不排除少数关键调控位点异常。,不能；总量相近仍可有少数关键基因表达、转录本组成及调控网络异常。,,
CELL13-108,原卡修订,肿瘤异质性为什么不能绝对化为所有癌细胞的共同数值？,为什么肿瘤样本均值不能代表其中每一个癌细胞？,不能用一个样本均值代表所有癌细胞。,肿瘤具有遗传、表观及状态异质性，亚群的表达、增殖和药物反应可不同。,,
CELL13-110,原卡修订,免疫逃逸为什么不能绝对化为所有癌细胞的共同数值？,免疫逃逸是否等于肿瘤中完全没有免疫应答？,机制多样且依微环境，不等于完全无免疫应答。,不是。逃逸机制多样且依微环境，可与已有但不足以清除肿瘤的免疫应答并存。,,
CELL13-132,原卡修订,驱动改变为何影响癌症发生或耐药？,驱动改变与乘客改变最关键的区别是什么？,与搭便车的乘客改变在功能上不同。,驱动改变在相应背景下对肿瘤发生、进展或选择优势有功能贡献；乘客改变不能仅因随肿瘤出现就被认定有这种作用。,,
CELL13-134,原卡修订,乘客改变为何影响癌症发生或耐药？,肿瘤中乘客改变数量多，能否据此认定每个位点都致癌？,数量多不能说明每个位点都致癌。,不能。数量多不等于逐个位点有致癌功能；需功能干预和适当背景等证据区分驱动与乘客。,,
CELL13-139,原卡修订,杂合性缺失LOH在肿瘤发展中表示什么？,LOH表示哪类等位状态变化，是否必然减少DNA拷贝数？,正常等位信息在相关区域丢失。,原先杂合的位点不再表现两种等位信息；可因删除导致，也可经有丝分裂重组出现拷贝数不变的LOH。,CN0401,在肿瘤抑癌基因背景中，丢失正常等位基因可促进功能丧失；LOH本身并不保证丢的总是正常等位。
CELL14-002,原卡修订,细胞分化与相近概念有什么关键区别？,正常细胞分化通常是否靠大量丢失基因组实现？,通常源于选择性表达，不能一概说基因组大量丢失。,通常不是；主要依赖选择性基因表达及其调控，同一个体的多数体细胞保留基本相同的基因组。,,
CELL14-004,原卡修订,组织特异性表达与相近概念有什么关键区别？,某基因仅在一种组织表达，是否意味着其DNA只存在于该组织？,不等于该基因只存在于该组织DNA中。,不是。组织特异表达描述表达状态，不是基因在不同组织基因组中的有无。,,
CELL14-006,原卡修订,管家基因与相近概念有什么关键区别？,为什么不能未经验证就用任意管家基因作定量内参？,表达量未必跨所有样本恒定，不能自动当稳定内参。,管家基因表达量未必在不同细胞、处理和状态下恒定；需先验证目标条件中的稳定性。,,
CELL14-008,原卡修订,组合调控与相近概念有什么关键区别？,组合调控怎样用有限转录因子产生多种细胞表达程序？,少量因子可形成多种组合，并非一类型只用一个因子。,不同因子的组合及其与染色质的配合可产生多种程序，不是一种细胞类型只由单个专属因子控制。,,
CELL14-010,原卡修订,主导调控因子与相近概念有什么关键区别？,主导调控因子在任何细胞背景中都能单独决定命运吗？,仍受细胞背景、配合因子和染色质限制。,不能保证；效果受配合因子、染色质可及性和细胞背景等限制。,CN0406 CN0410,
CELL14-012,原卡修订,细胞决定determination与相近概念有什么关键区别？,细胞决定能否早于可见的形态分化，如何检验？,决定可早于形态分化，需功能性检验而非只看外观。,能。决定表示命运趋于稳定，可早于形态变化；需移植或改变环境等功能检验，不能仅看外观。,,
CELL14-014,原卡修订,细胞谱系与相近概念有什么关键区别？,两个细胞表达状态相似，能否直接证明有同一祖细胞？,相似表达状态不直接证明具有同一祖先。,不能。状态相似不等于谱系关系，祖先关系需谱系追踪等证据。,,
CELL14-016,原卡修订,去分化与相近概念有什么关键区别？,去分化是否自动意味着获得全能性或长期干性？,不自动等于全能性或已获得长期干性。,不意味着。回到较少分化状态仍需分别检验分化潜能及长期自我更新。,,
CELL14-018,原卡修订,转分化与相近概念有什么关键区别？,直接转分化与经iPS中间态重编程有何区别？,可不经完整多能iPS中间态，区别于单纯再增殖。,直接转分化可由一种已分化类型转为另一类型，绕过完整多潜能中间状态；不是单纯恢复增殖。,CN0415,
CELL14-057,原卡修订,全能性totipotency与另一类潜能最关键的边界是什么？,全能性与多潜能性在胚外组织及完整个体形成上有何区别？,区别于通常不能独立完成全部胚外组织的多潜能性。,全能性可支持胚体和所需胚外组织；多潜能性通常覆盖胚体多种细胞，却不能单独完成全部胚外支持及完整个体形成。,,
CELL14-059,原卡修订,多潜能性pluripotency与另一类潜能最关键的边界是什么？,ESC和iPS通常属于何种潜能，为什么不能直接称为全能？,ESC/iPS通常属此类，不应直接等同完整个体全能性。,通常属多潜能，可形成多胚层细胞；这不等于单独形成全部胚外组织及完整个体的全能性。,,
CELL14-061,原卡修订,多能性multipotency与另一类潜能最关键的边界是什么？,造血干细胞的多能性与ESC的多潜能性范围有何区别？,如造血干细胞，范围受限而非覆盖全部胚层。,造血干细胞主要产生血细胞谱系，范围受限；ESC的多潜能性通常可覆盖胚体三胚层来源细胞。,,
CELL14-063,原卡修订,单能性unipotency与另一类潜能最关键的边界是什么？,单能干细胞与普通短寿命祖细胞除分化范围外还需区分什么？,仍需自我更新，不能把普通短寿命祖细胞直接当干细胞。,需区分持续自我更新能力；只有一种分化去向不自动证明为干细胞。,,
CELL14-079,原卡修订,干细胞巢niche为什么不是单项的充分干性证明？,处于干细胞巢是否单独足以证明一细胞具有干性？,干性来自内在程序和环境共同作用。,不足。干性由内在程序和环境共同维持，仍需自我更新和相应分化功能证据。,,
CELL14-081,原卡修订,对称自我更新分裂为什么不是单项的充分干性证明？,对称分裂是否必然产生两个保持干性的后代？,对称分裂也可产生两个分化后代，需看实际命运。,不必然。也可产生两个分化后代；需看实际命运，而非仅看分裂几何对称。,,
CELL14-083,原卡修订,不对称命运输出为什么不是单项的充分干性证明？,两个子细胞形状不同，能否据此证明命运不对称？,可由内在不对称或环境差异形成，形状不同不充分。,不能。命运不对称可由内在分配或环境差异形成，但外形差异本身不足，需追踪功能及命运。,,
CELL14-085,原卡修订,短暂扩增祖细胞为什么不是单项的充分干性证明？,短暂扩增祖细胞大量增殖，为什么不能据此认定长期干性？,数量增加不等于具有长期自我更新能力。,数量扩增不等于长期自我更新，祖细胞可在有限轮扩增后分化耗竭。,,
CELL14-087,原卡修订,Oct4/Sox2/Nanog网络为什么不是单项的充分干性证明？,单个Oct4、Sox2或Nanog标记阳性，能否充分证明多潜能性？,单个标记阳性不足以证明完整多潜能性。,不能。需多指标及分化等功能检验，单个标记可在其他背景中出现。,,
CELL14-098,原卡修订,naive与primed多潜能状态怎样改变细胞命运？,naive与primed分别描述怎样的多潜能状态？,对应不同发育与调控状态的多潜能体系。,对应不同发育阶段及调控网络的多潜能状态，培养依赖和分化倾向等不同。,,
CELL14-099,原卡修订,naive与primed多潜能状态与其他重编程方法有什么区别或限制？,naive与primed能否直接等同全能与单能，或简单评为好与坏？,不是简单一类干细胞好、一类坏，也不等于全能与单能。,不能。两者均属多潜能状态的不同体系，不能用全能与单能或单一优劣取代具体状态和功能比较。,,
CELL14-116,原卡修订,检测到胰岛素蛋白为何不足以证明分化所得β细胞已功能成熟？,图中胰岛素与NKX6.1或PDX1共染，能否证明诱导细胞已具有成熟β细胞功能？,还需检验合成来源、葡萄糖刺激分泌及相关成熟功能。,不能。共染支持相关身份，还需检验胰岛素合成来源、葡萄糖刺激分泌等成熟功能。,CN0417,
CELL14-117,原卡修订,移植使模型改善而取出移植物后改善消失，支持什么结论边界？,按血糖曲线，移植后改善而约第42天取出移植物后重新升高。这个干预支持什么，不能独自证明什么？,支持改善依赖移植物；不能独自证明所有机制和长期安全性。,支持血糖改善依赖移植物；不能独自证明全部作用机制、长期安全性或所有患者中的疗效。,CN0418,
CELL15-002,原卡修订,复制性衰老怎样区别于相近概念？,复制性衰老与可逆G0静止有何区别？,区别于短暂G0；不是所有细胞固定同一倍增次数。,复制性衰老表现持续增殖停滞，不能像典型静止细胞那样经适当刺激恢复；不同细胞达到衰老的倍增次数可不同。,,
CELL15-004,原卡修订,Hayflick界限怎样区别于相近概念？,传代次数为什么不能直接等同Hayflick界限中的群体倍增次数？,依细胞和条件变化，不能把传代瓶数直接当分裂次数。,每次传代的分瓶比例、起始量及增长不同；群体倍增应按细胞数变化累计，而非仅数传代瓶次。,,
CELL15-006,原卡修订,胁迫诱导早熟衰老SIPS怎样区别于相近概念？,胁迫诱导早熟衰老是否必须先达到复制性端粒界限？,不必先达到同样的端粒复制界限。,不必须。氧化或DNA损伤等可在未达到相同复制界限前诱发持续停滞。,,
CELL15-008,原卡修订,端粒功能障碍怎样区别于相近概念？,平均端粒长度正常，能否排除端粒功能障碍？,长度是相关因素之一，平均长度不等于每个末端均正常。,不能。平均值可掩盖个别极短末端，端粒保护结构异常也可产生功能障碍。,,
CELL15-010,原卡修订,末端复制问题怎样区别于相近概念？,末端复制问题与随机DNA损伤有何区别？,区别于随机DNA损伤，端粒酶可补充相关末端序列。,前者与线性染色体末端常规复制不能完整补齐相关，端粒酶可补充末端序列；不是随机损伤的同义词。,,
CELL15-012,原卡修订,端粒酶怎样区别于相近概念？,端粒酶能否直接修复细胞的一切损伤？,是逆转录型酶，不直接修复一切细胞损伤。,不能。它是以自身RNA为模板延长端粒的逆转录酶，不替代其他损伤修复和稳态系统。,,
CELL15-014,原卡修订,p16—Rb衰老约束怎样区别于相近概念？,p16-Rb与p53-p21在衰老停滞中是否互斥？,与p53—p21支路可协同，不能一概说只有一个通路。,不互斥，可依情境协同维持增殖约束，不能概括为所有衰老只由一个通路控制。,,
CELL15-016,原卡修订,细胞衰老的抑癌作用怎样区别于相近概念？,细胞衰老为何既可抑癌，又可能损害组织功能？,长期累积与分泌改变又可能不利于组织功能。,持续停滞可限制异常细胞增殖；衰老细胞长期累积及分泌改变又可能损害组织并改变微环境。,,
CELL15-020,原卡修订,SA-β-gal染色为什么需要与其他证据联合？,比较低与高传代IMR90细胞图，SA-β-gal阳性及大而扁平形态增多，为什么仍需增殖读出才能判衰老？,并非完全特异，不能单项定义所有衰老细胞。,染色和形态为衰老相关证据但不完全特异；需结合持续增殖停滞、适当刺激后不易恢复等证据，并控制密度、培养及染色条件。,CN0419 CN0420,
CELL15-047,原卡修订,起始caspase的作用如何连接上下游？,启动caspase怎样在适配平台上活化，并开启下游执行酶？,主要开启下游执行酶，聚集/构象步骤不可省略。,适配平台使启动caspase集中并促进二聚活化，随后激活执行caspase；不能把所有启动酶的初始活化都概括为必须先蛋白水解切割。,CN0429 EN1997,
CELL15-049,原卡修订,执行caspase的作用如何连接上下游？,执行caspase与启动caspase的典型活化方式有何区别？,产生凋亡执行表型，典型如caspase-3/7。,典型执行caspase原已为不活跃二聚体，经上游caspase切割及构象重排活化；启动caspase的关键初始步骤通常是平台诱导的二聚。,EN1998,
CELL15-067,原卡修订,Bcl2/Bcl-xL与同家族其他成员的作用有何不同？,Bcl2家族是否全为抗凋亡蛋白？,为抗凋亡成员，家族名称不代表全体都抗凋亡。,不是。Bcl2、Bcl-xL等为抗凋亡成员，Bax/Bak及BH3-only等成员参与促凋亡调控。,EN2005,
CELL15-069,原卡修订,BH3-only蛋白与同家族其他成员的作用有何不同？,BH3-only蛋白与Bax/Bak促凋亡的方式有何区别？,成员可通过不同方式促凋亡，非全部等同Bax成孔。,BH3-only成员可中和抗凋亡蛋白或促进效应成员激活；Bax/Bak寡聚化直接促进线粒体外膜通透化，不能把全部BH3-only都当成同样的成孔蛋白。,EN2009,
CELL15-071,原卡修订,Bid/tBid与同家族其他成员的作用有何不同？,Bid怎样联系死亡受体与线粒体凋亡通路？,把外源与内源通路相连，不能说两途径互不联系。,caspase-8可切割Bid产生tBid，促进Bax/Bak相关线粒体外膜通透化，放大死亡信号；两条通路并非完全隔离。,,
CELL15-073,原卡修订,Bad磷酸化与同家族其他成员的作用有何不同？,Bad被存活信号磷酸化后是否必然更促凋亡？,体现位点与背景依赖，磷酸化不一定活化促死亡蛋白。,不是。典型Akt调节使Bad被14-3-3结合、减弱其促凋亡作用；磷酸化效果须结合位点和背景。,CN0433,
CELL15-075,原卡修订,XIAP与同家族其他成员的作用有何不同？,XIAP的直接caspase抑制作用能否推广给所有IAP成员？,不能把所有IAP成员都写成直接caspase抑制酶。,不能。XIAP可直接抑制相关caspase，其他IAP还可通过泛素化和信号调节起作用。,,
CELL15-077,原卡修订,Smac/DIABLO与同家族其他成员的作用有何不同？,Smac/DIABLO与细胞色素c释放后促进凋亡的作用有何区别？,区别于主要组织Apaf1平台的细胞色素c。,Smac主要解除XIAP等抑制；细胞色素c促进Apaf1凋亡体组装及caspase-9活化。二者不是同一蛋白家族的等效成员。,EN2010,
CELL15-079,原卡修订,细胞色素c胞质释放与同家族其他成员的作用有何不同？,细胞色素c在线粒体与释放到胞质后的作用有何不同？,在线粒体原位置有电子传递功能，位置改变功能语境。,在线粒体参与呼吸链电子传递；释放到胞质可参与Apaf1凋亡体组装，定位改变带来不同功能语境。,,
CELL15-125,原卡修订,TUNEL阳性而缺乏caspase切割证据，应如何作结论？,图中斑马鱼突变体TUNEL信号比对照多。若没有caspase证据，最稳妥的结论与后续检验是什么？,报告DNA断裂，进一步结合形态、膜完整性和机制干预判断死亡类型。,先报告DNA断端增加；结合核形态、膜完整性、caspase活化及机制干预判定死亡类型，不能单凭TUNEL定为caspase依赖凋亡。,CN0422,
CELL16-022,原卡修订,缝隙连接主要联系哪类细胞骨架？,为什么缝隙连接主要归为通讯连接？,功能分类为通讯连接；不以承力骨架连接为主要功能。,相邻细胞的半通道对接形成跨两膜的通路，交换小离子及小分子；主要功能不是把承力骨架连成锚定结构。,CN0441 CN0442,
CELL02-161,新增中文图片卡,,图中的α表示物镜接收光锥的半角。若全角为60°、介质折射率n=1.5，按NA=n sinα计算数值孔径；把全角代入会错在哪里？,,α=30°，NA=1.5×sin30°=0.75；直接用60°把半角误当全角，得到约1.30，夸大数值孔径。,CN0033 CN0035,自编数值；图示给出几何关系，NA无量纲。
CELL02-162,新增中文图片卡,,图中DNA含量较高的4C峰为什么不能仅凭这个指标拆成G2与M期细胞？,,标准二倍体周期中G2与M期均通常为4C，DNA总量相同；需加入分裂期标记或形态等独立指标，并排除双细胞及异常倍性。,CN0066,DNA含量也不能单独区分G0与G1。
CELL03-111,新增中文图片卡,,耳蜗毛细胞的“静纤毛”为什么不能仅凭名称当作9+2微管纤毛？,,静纤毛主要由肌动蛋白束支撑，是特殊微绒毛样结构；典型运动纤毛则有微管轴丝，命名相似不能代替骨架成分判别。,CN0080 CN0102,比较对象是耳蜗静纤毛与典型运动纤毛，纤毛结构本身也有例外。
CELL03-112,新增中文图片卡,,按ABO糖链图，为什么O型不等于红细胞表面没有糖链？,,A与B转移酶在H抗原基础上分别加GalNAc或Gal；常见O型缺少这一步有效添加，但仍有H抗原等表面糖链。,CN0098,图示常见ABO逻辑；不能用O型代替全部血型体系或罕见H抗原缺陷。
CELL05-171,新增中文图片卡,,教材电镜中初级与次级溶酶体的典型内容物形态有何差别，为什么不能只看大小命名？,,初级溶酶体内容物相对均一，次级溶酶体常含不均一的正在降解材料；大小及二维切面会重叠，需结合内容物、来源和酶标志。,CN0145 CN0146,是教材经典形态分类，不能把它当作全部动态成熟状态的绝对边界。
CELL07-151,新增中文图片卡,,强光条件下野生型与chup1突变体叶绿体分布不同。图首先支持哪类变化，为什么不能直接解释成叶绿素减少？,,首先支持叶绿体位置或重新分布反应异常；分布图并未直接测量叶绿素总量，需另测色素并控制照明、细胞状态等。,CN0177,图示的特定遗传背景，不推广为全部避光运动机制。
CELL07-152,新增中文图片卡,,比较var2绿区、白区及相应质体图，为什么不能把所有花叶表型归为同一种叶绿素合成基因缺陷？,,var2图支持特定背景下质体发育异常；花叶可有不同原因，仅凭颜色不能推断具体基因，需结构、遗传及生化证据。,CN0180 CN0181 CN0182 CN0183,常春藤图的具体机制未确定，不从照片补造机制。
CELL07-153,新增中文图片卡,,看到叶绿体延伸小管连接或接近另一叶绿体，能否直接认定两个细胞器已经融合？,,不能。形态接近或小管相连不充分证明包膜融合和内容物混合；需时间序列及内容物交换等独立证据。,CN0178 CN0179,观察到的延伸小管用于形态与联系判断，不假定所有叶绿体都互相融合。
CELL07-154,新增中文图片卡,,叶绿体分裂图中内外两侧机器隔着包膜。若破坏Arc6相关连接，为什么可影响外侧分裂机器定位，而不等于两侧由同一根环直接贯穿？,,FtsZ位于基质侧；Arc6跨内膜并通过外膜Pdv等联系胞质侧Arc5的招募和定位。连接受损可削弱跨膜协调，不能把内外环当一根贯穿脂双层的纤维。,CN0184 CN0185 CN0186 CN0187 CN0188,据图作条件性推导；具体扰动表型须实验验证。
CELL07-155,新增中文图片卡,,教材示例中核基因改变可导致叶绿体RNA编辑异常与幼叶黄化。为什么黄叶不能直接证明叶绿体DNA发生突变？,,叶绿体功能还依赖核编码调控及维护因子；核基因异常也可改变叶绿体表达和发育，颜色本身不能确定突变位于哪个基因组。,CN0196,本题考查基因组来源的判别，未由照片推断具体未标明位点。
CELL08-201,新增中文图片卡,,GFP-calumenin囊泡截图在文件中未必按时间排列。怎样利用它们判断运动，为什么仍不能凭截图确认马达身份？,,先按图内时间排序，再追踪同一标记囊泡的位置变化；移动可支持运输，但马达身份需抑制、遗传或共定位等额外证据，单帧不能给出运动方向。,CN0239 CN0240 CN0241 CN0242 CN0243 CN0244,注意图内39、43、48、51秒等标注，不能用文件名顺序代替时间。
CELL09-191,新增中文图片卡,,果蝇翅成虫盘图中Uif与Wg信号呈不同空间分布。这支持哪类结论，为什么不能当作灯刷染色体的转录环证据？,,支持特定组织区域的表达或标记分布；成虫盘组织图并非染色体侧环形态，不能据颜色或条带直接推出灯刷染色体结构、谱系或全部基因转录。,CN0285,红色Uif与绿色Wg依图注定位，颜色本身不提供分子身份。
CELL11-241,新增中文图片卡,,心肌Fluo-3线扫描图出现局部短暂增强信号。图支持哪类Ca²⁺变化，为什么不能单凭它认定是IP₃受体释放？,,支持局部、短暂胞内Ca²⁺升高，即钙火花类信号；荧光图不单独确定钙源，需结合RyR、质膜钙通道及其他相关通路的干预区分来源。,CN0323 CN0324,Fluo-3为Ca²⁺相关探针，成像强度还受加载、漂白及校准影响。
CELL15-131,新增中文图片卡,,图中先产生较多神经元，靶组织仅提供有限存活因子。这个机制怎样把最终神经元数目与靶组织规模联系起来？,,神经元竞争有限存活信号，获得足够信号者存活，其他可凋亡；先过量生成再选择性清除，使存活数与可支持的靶细胞数量相适应。,CN0423,某些发育神经元的示例；不表示全部神经元只依赖NGF或成年始终采用同一机制。
