ID	原题面	优化题面	正面图片
CELL01-032	细菌质粒在细胞类型分类中属于哪一类？	细菌质粒是独立细胞，还是细胞内的遗传元件？	
CELL01-034	病毒在细胞类型分类中属于哪一类？	病毒是细胞结构的生物实体，还是依赖细胞的非细胞实体？	
CELL01-036	线粒体在细胞类型分类中属于哪一类？	线粒体属于独立细胞，还是细胞器？	
CELL01-038	叶绿体在细胞类型分类中属于哪一类？	叶绿体属于独立细胞，还是植物及部分藻类细胞中的质体？	
CELL02-033	扫描电镜的图像解释需注意什么主要限制？	这两类SEM图分别显示内部断面与外表面。为什么“SEM只能观察表面”不能作为通用结论？	CN0058 CN0059
CELL02-126	FRAP恢复速度相近但平台较低，通常首先提示哪个性质改变？	按图示FRAP实验，校正后漂白前F₁=100、刚漂白F₀=20、恢复平台F₂=60。可移动分数是多少，为什么不能直接用60/100？	CN0072
CELL03-052	实验分离跨膜α螺旋时通常依据什么特点？	跨膜α螺旋为什么提示膜内嵌入，分离这类蛋白通常需什么条件？	
CELL03-054	实验分离跨膜β桶时通常依据什么特点？	跨膜β桶的亲脂表面和典型分布是什么，分离时为什么需要去垢剂？	
CELL03-105	红细胞骨架连接缺陷时，为什么细胞可能更易变形并溶血？	红细胞膜骨架连接缺陷为什么可能导致形状异常和溶血？	
CELL04-036	水孔蛋白的开放怎样影响离子流？	水孔蛋白开放或增多怎样影响跨膜水流，是否会形成离子流？	
CELL04-107	Na⁺通道失活为什么重要？	Na⁺通透性先升后降、K⁺通透性随后升高，怎样解释动作电位的上升与复极化？	
CELL05-115	溶酶体贮积在溶酶体途径中起什么作用？	什么是溶酶体贮积，其直接原因有哪些？	
CELL05-136	超长链脂肪酸处理与溶酶体降解有什么区别？	过氧化物酶体与线粒体脂肪酸β氧化在能量去向上有何区别？	
CELL06-039	尾锚定蛋白插入系统在ER共翻译导入中直接做什么？	为什么尾锚定蛋白通常需要翻译后插入ER膜，而不是经典SRP共翻译导入？	
CELL06-040	尾锚定蛋白插入系统如何与其他步骤衔接？	尾锚定蛋白的C端膜锚为何通常不能在翻译中及时被SRP识别？	
CELL06-098	网格蛋白包被组装时相关的小GTP酶是什么？	网格蛋白包被招募能否统一归因于Sar1或某一种小GTP酶？	
CELL06-109	Sar1与常见误解如何区分？	Sar1参与COPII组装，能否据此认定它是长程运输马达？	
CELL06-111	Arf与常见误解如何区分？	Arf1参与COPI包被招募，能否推广为全部胞吞事件都依赖Arf1？	
CELL06-113	Sec23/Sec24与常见误解如何区分？	为什么COPII货物选择不能只归因于Sec13／Sec31外层几何外壳？	
CELL06-115	Sec13/Sec31与常见误解如何区分？	COPII外层Sec13／Sec31能否替代所有货物受体功能？	
CELL06-117	接头蛋白与常见误解如何区分？	不同膜域是否都使用同一种网格蛋白接头蛋白？	
CELL06-119	dynamin与常见误解如何区分？	发动蛋白参与内吞泡颈部断裂，能否认定所有运输膜泡都依赖它？	
CELL06-121	Rab与常见误解如何区分？	Rab介导靶膜识别，是否意味着Rab单独构成融合孔？	
CELL06-123	系留复合体与常见误解如何区分？	囊泡已被系留复合体捕获，为什么还不能认定脂双层已经融合？	
CELL06-125	SNARE与常见误解如何区分？	为什么SNARE配对不能独自解释膜泡运输的全部靶向特异性？	
CELL06-127	NSF/α-SNAP与常见误解如何区分？	NSF／α-SNAP消耗ATP拆解SNARE，能否据此说ATP直接驱动SNARE融合拉链？	
CELL07-065	线粒体融合受阻时，为什么应同时测形态与功能？	图中Mfn1相关缺陷使线粒体碎片化。能否只凭颗粒增多断言分裂速度加快？还需哪类证据？	CN0166
CELL07-082	天线色素为何不能与相关组分混同？	天线色素传递激发能，与反应中心的电子转移／电荷分离有何区别？	
CELL07-086	PSII为何不能与相关组分混同？	PSII编号为Ⅱ，为什么在线性光合电子流中先于PSI？	
CELL07-088	放氧复合体为何不能与相关组分混同？	光合作用释放的O₂来自H₂O还是CO₂，哪个复合体负责？	
CELL07-090	质体醌为何不能与相关组分混同？	质体醌与质体蓝素在位置及携带对象上有何区别？	
CELL07-092	细胞色素b₆f为何不能与相关组分混同？	细胞色素b₆f建立质子梯度，与Rubisco固定CO₂的任务有何区别？	
CELL07-094	质体蓝素为何不能与相关组分混同？	质体蓝素是光合色素吗，与质体醌有什么不同？	
CELL07-096	PSI为何不能与相关组分混同？	PSI在线性电子流中处于何处，对NADPH形成有什么作用？	
CELL07-098	铁氧还蛋白—NADP⁺还原酶为何不能与相关组分混同？	铁氧还蛋白—NADP⁺还原酶与ATP合酶的直接产物分别是什么？	
CELL08-088	体外滑动实验微丝移动方向与固定肌球蛋白行走方向为何要区分？	图示体外滑动实验中肌球蛋白固定在基底。为什么微丝在实验坐标中的移动方向与马达沿微丝的行走方向相反？	CN0215
CELL08-111	GTP帽如何调节微管？	微管的GTP帽是什么，为什么有利于生长端稳定？	
CELL08-113	灾变如何调节微管？	微管动力学中的“灾变”具体指哪种状态转换？	
CELL08-115	救援如何调节微管？	微管动力学中的“救援”具体指哪种状态转换？	
CELL08-157	微管动态不稳定性与踏车行为的主要区别是什么？	观察图内时间而非文件顺序：同一微管末端交替延长和回缩，为什么应判为动态不稳定性，而不能直接叫踏车？	CN0232 CN0233 CN0234 CN0235
CELL09-006	核周腔对核功能有什么意义？	核周腔与ER腔、核质分别是什么关系？	
CELL09-041	染色质在染色质中是什么？	染色质由哪些主要成分构成？	
CELL09-047	H3/H4在染色质中是什么？	H3和H4如何组成核小体核心的四聚体？	
CELL09-092	组蛋白乙酰转移酶与常见绝对化表述如何区别？	只测总组蛋白乙酰化量，为什么不能判断某个基因的转录变化？	
CELL09-094	组蛋白去乙酰化酶与常见绝对化表述如何区别？	HDAC作用是否必然使每个基因都下调？	
CELL09-096	组蛋白甲基转移酶与常见绝对化表述如何区别？	组蛋白甲基化是否一律抑制转录？	
CELL09-098	修饰读取蛋白与常见绝对化表述如何区别？	组蛋白修饰除了直接改变相互作用，还如何通过读取蛋白发挥作用？	
CELL09-100	ATP依赖重塑复合体与常见绝对化表述如何区别？	ATP依赖染色质重塑与组蛋白共价修饰的直接作用有何区别？	
CELL09-102	DNA甲基化与常见绝对化表述如何区别？	DNA甲基化是否在所有位置都同样抑制转录？	
CELL09-104	HMG结构调节蛋白与常见绝对化表述如何区别？	HMG等非组蛋白是否都只识别一种特定短DNA序列？	
CELL09-106	Xist RNA与常见绝对化表述如何区别？	Xist介导X失活后，整条X染色体是否所有基因都不再表达？	
CELL09-142	着丝粒怎样与相关染色体概念区分？	着丝粒和动粒在成分与位置上有何区别？	
CELL09-144	动粒怎样与相关染色体概念区分？	动粒负责连接微管，为什么不能把它称为染色体的端部？	
CELL09-148	复制起点怎样与相关染色体概念区分？	复制起点、着丝粒和端粒各解决什么问题？	
CELL09-150	酵母ARS怎样与相关染色体概念区分？	酵母ARS能支持复制，为什么不自动保证稳定分离？	
CELL09-152	酵母CEN怎样与相关染色体概念区分？	酵母CEN与ARS的核心功能有何区别？	
CELL09-154	核仁组织区NOR怎样与相关染色体概念区分？	染色体的每个次缢痕是否都是核仁组织区NOR？	
CELL09-169	纤维中心FC怎样与其他区室/步骤区分？	核仁FC、DFC、GC的典型空间关系是什么？	
CELL09-171	致密纤维组分DFC怎样与其他区室/步骤区分？	rRNA早期加工与核糖体亚基较后期装配分别主要关联核仁哪个组分？	
CELL09-173	颗粒组分GC怎样与其他区室/步骤区分？	核仁GC中的亚基装配是否等于在核仁内进行蛋白质翻译？	
CELL10-041	真核eEF1A怎样帮助翻译正确或连续进行？	真核eEF1A对应细菌哪个延长因子，是否负责主要转位？	
CELL10-043	真核eEF2怎样帮助翻译正确或连续进行？	真核eEF2对应细菌哪个因子，并参与哪个步骤？	
CELL11-018	第一信使为什么不宜与下游效应混为一谈？	同一第一信使为何能在不同细胞引发不同反应？	
CELL11-020	第二信使为什么不宜与下游效应混为一谈？	第二信使和PKA等信号蛋白怎样区分？	
CELL11-022	受体结合亲和力为什么不宜与下游效应混为一谈？	受体亲和力、受体数量和最大应答为何不能等同？	
CELL11-024	受体结合特异性为什么不宜与下游效应混为一谈？	同一配体是否只作用于一种受体？	
CELL11-048	Gβγ怎样影响信号开启或关闭？	Gβγ是否只是静息G蛋白的结构组分？	
CELL11-052	RGS蛋白怎样影响信号开启或关闭？	RGS促进GTP水解与GEF促进GDP交换在关停信号上有何不同？	
CELL11-057	Gsα与其他G蛋白怎样辨别？	Gsα和Giα对AC的典型调节方向有何区别？	
CELL11-060	Giα与其他G蛋白怎样辨别？	Gi活化后，除α亚基抑制AC外，βγ还可直接调节什么？	
CELL11-063	Gqα与其他G蛋白怎样辨别？	Gq—PLCβ与Gs—AC通路的主要第二信使有何不同？	
CELL11-066	Gt/传导素与其他G蛋白怎样辨别？	视杆光反应为什么表现为超极化？	
CELL11-082	IP3的作用为什么有位置或条件要求？	IP3升高是否总能引起ER释放Ca2+？	
CELL11-086	IP3受体的作用为什么有位置或条件要求？	IP3受体放钙属于主动泵送还是顺梯度通道运输？	
CELL11-088	钙调蛋白CaM的作用为什么有位置或条件要求？	钙调蛋白CaM是第二信使还是第二信使的感受蛋白？	
CELL11-092	传统型PKC的作用为什么有位置或条件要求？	所有PKC亚型是否都同时依赖Ca2+和DAG？	
CELL11-117	RTK胞外域怎样保证通路连接或调节？	所有RTK是否都要在结合配体后才形成二聚体？	
CELL11-123	Grb2怎样保证通路连接或调节？	Grb2没有自身催化活性，怎样仍能传递信号？	
CELL11-127	Ras-GTP怎样保证通路连接或调节？	Ras属于小GTP酶、异三聚体Gα还是蛋白激酶？	
CELL11-137	典型细胞因子受体怎样区别于RTK—Ras支路的相应元件？	典型细胞因子受体与RTK在酪氨酸激酶来源上有何不同？	
CELL11-139	JAK怎样区别于RTK—Ras支路的相应元件？	JAK是受体自身的激酶域吗？	
CELL11-141	STAT的SH2结构域怎样区别于RTK—Ras支路的相应元件？	STAT的SH2结构域如何参与招募和活化后二聚？	
CELL11-143	活化STAT二聚体怎样区别于RTK—Ras支路的相应元件？	STAT与普通接头蛋白相比，如何直接联系转录输出？	
CELL11-145	不同STAT成员怎样区别于RTK—Ras支路的相应元件？	共享STAT结构是否意味着所有细胞因子效应相同？	
CELL11-149	PIP3怎样影响存活或代谢支路？	PI(3,4,5)P3和PI3P是否同一种肌醇磷脂？	
CELL11-155	mTORC2怎样影响存活或代谢支路？	mTORC2和mTORC1在Akt活化与生长中的分工如何区别？	
CELL11-165	Smad4的分类或调节意义是什么？	Smad4是共Smad还是负责受体磷酸化的激酶？	
CELL11-167	抑制性Smad6/7的分类或调节意义是什么？	抑制性Smad6/7与核输入因子importin-β有何区别？	
CELL11-177	核内β-catenin如何改变β-catenin命运或输出？	β-catenin位于细胞连接与细胞核时，功能有何区别？	
CELL11-179	Patched需要怎样限定物种或机制？	Patched是否属于七次跨膜GPCR？	
CELL11-181	Smoothened需要怎样限定物种或机制？	Smoothened的跨膜结构和脊椎动物纤毛定位怎样限定？	
CELL11-183	果蝇Ci需要怎样限定物种或机制？	果蝇Hh信号出现时，Ci的抑制性加工如何改变？	
CELL11-185	脊椎动物Gli需要怎样限定物种或机制？	能否把果蝇Ci的所有加工细节直接套用于脊椎动物Gli？	
CELL11-191	NFκB核转位如何改变转录调节状态？	NFκB激活是否总导致细胞死亡？	
CELL11-195	相邻细胞Delta怎样区别于第二信使级联模式？	Delta的膜定位为何使Notch信号依赖接触？	
CELL11-197	ADAM与γ分泌酶怎样区别于第二信使级联模式？	Notch关键切割如何在不先生成cAMP的情况下传递信号？	
CELL11-199	Notch胞内段NICD怎样区别于第二信使级联模式？	直接表达NICD为何能绕过Notch受体前部的切割？	
CELL11-212	信号发散怎样影响应答的幅度或持续时间？	同一受体产生多个输出分支，对细胞有什么意义？	
CELL11-214	信号收敛怎样影响应答的幅度或持续时间？	不同信号收敛到同一元件，对细胞有什么意义？	
CELL11-222	受体暂时内化怎样影响应答的幅度或持续时间？	受体内化后是否必然被降解？	
CELL11-224	受体降解下调怎样影响应答的幅度或持续时间？	受体降解与暂时内化的恢复条件有何不同？	
CELL11-226	GRK/β-arrestin脱敏怎样影响应答的幅度或持续时间？	β-arrestin脱敏是否意味着所有受体相关信号都关闭？	
CELL12-057	凝缩蛋白condensin为什么不是同名相关结构的简单替代？	condensin与cohesin的主要作用有何区别？	
CELL12-059	黏连蛋白cohesin为什么不是同名相关结构的简单替代？	染色体已经凝缩，为什么仍不能直接让姐妹染色单体分离？	
CELL12-061	动粒为什么不是同名相关结构的简单替代？	动粒与着丝粒有何区别？	
CELL12-063	动粒微管为什么不是同名相关结构的简单替代？	动粒微管与星体微管主要连接对象有何不同？	
CELL12-065	极间微管为什么不是同名相关结构的简单替代？	极间微管是否必须连接动粒，其主要作用是什么？	
CELL12-067	星体微管为什么不是同名相关结构的简单替代？	星体微管怎样参与纺锤体定位？	
CELL13-032	cyclin结合与其他修饰或降解机制有何区别？	cyclin结合是否足以保证CDK在任何条件下完全活化？	
CELL13-034	CAK活化位点磷酸化与其他修饰或降解机制有何区别？	CAK与Wee1/Myt1对CDK的磷酸化为什么产生不同效果？	
CELL13-038	Cdc25调节与其他修饰或降解机制有何区别？	Cdc25怎样激活CDK1，是否去除其全部磷酸？	
CELL13-040	M-CDK正反馈与其他修饰或降解机制有何区别？	M-CDK对Cdc25和Wee1的反馈怎样促进快速进入M期？	
CELL13-042	APC/C底物识别与其他修饰或降解机制有何区别？	APC/C与蛋白酶体在底物降解中分别做什么？	
CELL13-044	SCF底物识别与其他修饰或降解机制有何区别？	SCF和APC/C同为E3，为什么不能视为同一调控装置？	
CELL13-092	增殖控制失调为什么不能绝对化为所有癌细胞的共同数值？	癌细胞是否都在任何时刻快速分裂？	
CELL13-094	抵御细胞死亡为什么不能绝对化为所有癌细胞的共同数值？	抵抗细胞死亡是否意味着癌细胞绝对不会死亡？	
CELL13-096	复制潜能维持为什么不能绝对化为所有癌细胞的共同数值？	癌细胞维持复制潜能是否只能依赖端粒酶？	
CELL13-098	侵袭为什么不能绝对化为所有癌细胞的共同数值？	肿瘤侵袭与转移有何区别？	
CELL13-100	转移为什么不能绝对化为所有癌细胞的共同数值？	单一体外迁移实验能否充分证明癌细胞完成转移？	
CELL13-102	接触抑制改变为什么不能绝对化为所有癌细胞的共同数值？	接触抑制减弱是否在所有癌细胞模型中程度相同？	
CELL13-104	锚定非依赖生长为什么不能绝对化为所有癌细胞的共同数值？	软琼脂中生长能否单独代替完整恶性判定？	
CELL13-106	表达谱重编程为什么不能绝对化为所有癌细胞的共同数值？	癌与正常细胞总mRNA水平相近，能否排除表达调控异常？	
CELL13-108	肿瘤异质性为什么不能绝对化为所有癌细胞的共同数值？	为什么肿瘤样本均值不能代表其中每一个癌细胞？	
CELL13-110	免疫逃逸为什么不能绝对化为所有癌细胞的共同数值？	免疫逃逸是否等于肿瘤中完全没有免疫应答？	
CELL13-132	驱动改变为何影响癌症发生或耐药？	驱动改变与乘客改变最关键的区别是什么？	
CELL13-134	乘客改变为何影响癌症发生或耐药？	肿瘤中乘客改变数量多，能否据此认定每个位点都致癌？	
CELL13-139	杂合性缺失LOH在肿瘤发展中表示什么？	LOH表示哪类等位状态变化，是否必然减少DNA拷贝数？	
CELL14-002	细胞分化与相近概念有什么关键区别？	正常细胞分化通常是否靠大量丢失基因组实现？	
CELL14-004	组织特异性表达与相近概念有什么关键区别？	某基因仅在一种组织表达，是否意味着其DNA只存在于该组织？	
CELL14-006	管家基因与相近概念有什么关键区别？	为什么不能未经验证就用任意管家基因作定量内参？	
CELL14-008	组合调控与相近概念有什么关键区别？	组合调控怎样用有限转录因子产生多种细胞表达程序？	
CELL14-010	主导调控因子与相近概念有什么关键区别？	主导调控因子在任何细胞背景中都能单独决定命运吗？	
CELL14-012	细胞决定determination与相近概念有什么关键区别？	细胞决定能否早于可见的形态分化，如何检验？	
CELL14-014	细胞谱系与相近概念有什么关键区别？	两个细胞表达状态相似，能否直接证明有同一祖细胞？	
CELL14-016	去分化与相近概念有什么关键区别？	去分化是否自动意味着获得全能性或长期干性？	
CELL14-018	转分化与相近概念有什么关键区别？	直接转分化与经iPS中间态重编程有何区别？	
CELL14-057	全能性totipotency与另一类潜能最关键的边界是什么？	全能性与多潜能性在胚外组织及完整个体形成上有何区别？	
CELL14-059	多潜能性pluripotency与另一类潜能最关键的边界是什么？	ESC和iPS通常属于何种潜能，为什么不能直接称为全能？	
CELL14-061	多能性multipotency与另一类潜能最关键的边界是什么？	造血干细胞的多能性与ESC的多潜能性范围有何区别？	
CELL14-063	单能性unipotency与另一类潜能最关键的边界是什么？	单能干细胞与普通短寿命祖细胞除分化范围外还需区分什么？	
CELL14-079	干细胞巢niche为什么不是单项的充分干性证明？	处于干细胞巢是否单独足以证明一细胞具有干性？	
CELL14-081	对称自我更新分裂为什么不是单项的充分干性证明？	对称分裂是否必然产生两个保持干性的后代？	
CELL14-083	不对称命运输出为什么不是单项的充分干性证明？	两个子细胞形状不同，能否据此证明命运不对称？	
CELL14-085	短暂扩增祖细胞为什么不是单项的充分干性证明？	短暂扩增祖细胞大量增殖，为什么不能据此认定长期干性？	
CELL14-087	Oct4/Sox2/Nanog网络为什么不是单项的充分干性证明？	单个Oct4、Sox2或Nanog标记阳性，能否充分证明多潜能性？	
CELL14-098	naive与primed多潜能状态怎样改变细胞命运？	naive与primed分别描述怎样的多潜能状态？	
CELL14-099	naive与primed多潜能状态与其他重编程方法有什么区别或限制？	naive与primed能否直接等同全能与单能，或简单评为好与坏？	
CELL14-116	检测到胰岛素蛋白为何不足以证明分化所得β细胞已功能成熟？	图中胰岛素与NKX6.1或PDX1共染，能否证明诱导细胞已具有成熟β细胞功能？	CN0417
CELL14-117	移植使模型改善而取出移植物后改善消失，支持什么结论边界？	按血糖曲线，移植后改善而约第42天取出移植物后重新升高。这个干预支持什么，不能独自证明什么？	CN0418
CELL15-002	复制性衰老怎样区别于相近概念？	复制性衰老与可逆G0静止有何区别？	
CELL15-004	Hayflick界限怎样区别于相近概念？	传代次数为什么不能直接等同Hayflick界限中的群体倍增次数？	
CELL15-006	胁迫诱导早熟衰老SIPS怎样区别于相近概念？	胁迫诱导早熟衰老是否必须先达到复制性端粒界限？	
CELL15-008	端粒功能障碍怎样区别于相近概念？	平均端粒长度正常，能否排除端粒功能障碍？	
CELL15-010	末端复制问题怎样区别于相近概念？	末端复制问题与随机DNA损伤有何区别？	
CELL15-012	端粒酶怎样区别于相近概念？	端粒酶能否直接修复细胞的一切损伤？	
CELL15-014	p16—Rb衰老约束怎样区别于相近概念？	p16-Rb与p53-p21在衰老停滞中是否互斥？	
CELL15-016	细胞衰老的抑癌作用怎样区别于相近概念？	细胞衰老为何既可抑癌，又可能损害组织功能？	
CELL15-020	SA-β-gal染色为什么需要与其他证据联合？	比较低与高传代IMR90细胞图，SA-β-gal阳性及大而扁平形态增多，为什么仍需增殖读出才能判衰老？	CN0419 CN0420
CELL15-047	起始caspase的作用如何连接上下游？	启动caspase怎样在适配平台上活化，并开启下游执行酶？	
CELL15-049	执行caspase的作用如何连接上下游？	执行caspase与启动caspase的典型活化方式有何区别？	
CELL15-067	Bcl2/Bcl-xL与同家族其他成员的作用有何不同？	Bcl2家族是否全为抗凋亡蛋白？	
CELL15-069	BH3-only蛋白与同家族其他成员的作用有何不同？	BH3-only蛋白与Bax/Bak促凋亡的方式有何区别？	
CELL15-071	Bid/tBid与同家族其他成员的作用有何不同？	Bid怎样联系死亡受体与线粒体凋亡通路？	
CELL15-073	Bad磷酸化与同家族其他成员的作用有何不同？	Bad被存活信号磷酸化后是否必然更促凋亡？	
CELL15-075	XIAP与同家族其他成员的作用有何不同？	XIAP的直接caspase抑制作用能否推广给所有IAP成员？	
CELL15-077	Smac/DIABLO与同家族其他成员的作用有何不同？	Smac/DIABLO与细胞色素c释放后促进凋亡的作用有何区别？	
CELL15-079	细胞色素c胞质释放与同家族其他成员的作用有何不同？	细胞色素c在线粒体与释放到胞质后的作用有何不同？	
CELL15-125	TUNEL阳性而缺乏caspase切割证据，应如何作结论？	图中斑马鱼突变体TUNEL信号比对照多。若没有caspase证据，最稳妥的结论与后续检验是什么？	CN0422
CELL16-022	缝隙连接主要联系哪类细胞骨架？	为什么缝隙连接主要归为通讯连接？	
