教材位置,知识点,处理状态,原因
01_绪论/整合教材.md 行90 CN01-S01-P027,TALEN、CRISPR/Cas广泛应用的年代归属,unresolved,原段把90年代以来与后来的多项技术连写，不能据此制成这些技术均在90年代已广泛应用的时间事实；需核对技术史。
01_绪论/整合教材.md 行160 CN01-S02-P025,脑内10¹¹神经元与“几十倍神经胶质细胞”的估算,unresolved,教材该神经胶质比例与现代测量常见结论可能冲突；指定英文对应材料尚未核对，暂不导出为确定数值。
01_绪论/整合教材.md 行202 CN01-S02-P045,原核生物无法复杂分化、只能有限生态位且物种远少于真核的绝对概括,unresolved,与同章蓝细菌分化及广泛适应的叙述有张力，物种估计依采样与分类方法而变；暂不按绝对规律制卡。
01_绪论/整合教材.md 行210 CN01-S02-P049,“中膜体”作为细菌正常结构,unresolved,原图与正文使用中膜体旧模型，需核实样品处理伪影问题；该结构不计为已掌握的正常器官。
01_绪论/整合教材.md 行212 CN01-S02-P050,所有细菌有肽聚糖及仅由肽聚糖含量判定青霉素敏感性,unresolved,所有细菌的措辞过强，且药物敏感性不能仅由含量推出；需核对指定英文包被及抗生素段。可靠的靶点作用另已制卡。
01_绪论/整合教材.md 行228 CN01-S02-P057,细菌“没有真正染色体”的术语判断,unresolved,需按指定英文教材的bacterial chromosome定义交叉核对；本版旧表述不能直接当成现代术语否定。
01_绪论/整合教材.md 行230 CN01-S02-P058,细菌DNA复制必需附着质膜且“不受周期限制”的机制概括,unresolved,膜固定复制模型及不受细胞周期限制的绝对描述需交叉核实；快速生长重叠复制已用本章可靠条件单独制卡。
01_绪论/整合教材.md 行236 CN01-S02-P061,FtsZ起始DNA分离的精确机制定位,unresolved,原文将FtsZ写为起始DNA分离关键蛋白，可能混淆胞质分裂与染色体分离；不导出该具体作用断言。
01_绪论/整合教材.md 行249 CN01-S02-P067,蓝细菌细胞壁内层含纤维素的概括,unresolved,需确认分类范围及原PDF是否识别正确；不把该材料对所有蓝细菌的概括导入为确定成分。
01_绪论/整合教材.md 行263 CN01-S02-P073,图1-6C原始切片比例尺数值,unresolved,原图下部标尺细字在目前裁片中不够清晰；不据此生成尺度计算题。
01_绪论/整合教材.md 行306 CN01-S02-P094,“大部分生化反应在膜表面进行”及糖类广泛在ER表面合成,unresolved,原文概括范围过大，需逐类反应核实，不把它们作为普遍定位事实。
01_绪论/整合教材.md 行314 CN01-S02-P098,所有基本结构大小都在5—20nm的总结,unresolved,与前段微管24nm不一致；数字概括不能按普遍范围导出。
01_绪论/整合教材.md 行326 CN01-S02-P104,植物细胞未发现动物样中间纤维的范围和时效,unresolved,需在指定骨架章节核对具体结构类别、物种与“至今”版本限定。
01_绪论/整合教材.md 行355 CN01-S02-P118,哺乳动物2.5万—3万蛋白编码基因及10万蛋白种类的旧估计,unresolved,需与第7版英文基因组数字核对；本段还将真核普遍概括为线状多倍性，需保留物种倍性条件，暂不作为当前通用数值。
01_绪论/整合教材.md 行359 CN01-S02-P120,三类染色体数量、形状及蛋白结合程度的绝对单元格,unresolved,表中真核至少2条、古菌均单环、细菌少结合蛋白等均需物种与条件限定，并与正文拟核蛋白包装对照；未核实部分不导出。
01_绪论/整合教材.md 行359 CN01-S02-P120,细菌古菌“无骨架”的表格单元格,unresolved,同章FtsZ与管蛋白同源提示不能由无真核式骨架直接推出无细胞骨架蛋白；需指定英文骨架章节核对。
01_绪论/整合教材.md 行359 CN01-S02-P120,古菌壁均由蛋白组成及增殖均二分裂的单元格,unresolved,同章古菌可出芽与该行不一致；壁类别亦需核对物种，不输出绝对断言。
01_绪论/整合教材.md 行392 CN01-S02-P135,删除CCR5并骨髓移植可普遍治愈HIV的表述,unresolved,案例需核对适用患者、辅助受体、病毒株及移植条件，不能写作普遍治疗方案；英文对应机制和病例资料尚未完整核对。
01_绪论/整合教材.md 行394 CN01-S02-P136,HIV、流感、腺病毒等皆同样胞饮进入并利用宿主“全套”代谢酶的归纳,unresolved,不同病毒进入、复制区室及病毒编码酶不同，原段概括不可直接外推；此批只覆盖图1-11的可读具体路线。
01_绪论/整合教材.md 行412 CN01-S02-P144,辛德毕斯被称为昆虫病毒的完整宿主范围,unresolved,原图注的昆虫病毒命名可能未完整体现宿主范围，须与英文病原体章节核对；未导出该宿主范围断言。
01_绪论/整合教材.md 行46 CN01-S01-P006,知识窗1-1完整数字课程正文,unresolved,当前文件仅引用知识窗，没有完整正文；不能以旁文或学科常识补造，待补真实课程材料。
01_绪论/整合教材.md 行76 CN01-S01-P020,知识窗1-2完整数字课程正文,unresolved,当前文件仅引用知识窗，没有完整正文；不能以旁文或学科常识补造，待补真实课程材料。
01_绪论/整合教材.md 行152 CN01-S02-P021,知识窗1-3完整数字课程正文,unresolved,当前文件仅引用知识窗，没有完整正文；不能以旁文或学科常识补造，待补真实课程材料。
01_绪论/整合教材.md 行595 EN01-H000-H030-P064,ATP被同时称为DNA和RNA直接构件的化学精确性,unresolved,本段概括未区别核糖与脱氧核糖核苷酸，需详细核酸合成章节核对，不把ATP直接等同DNA单体。
01_绪论/整合教材.md 行567 EN01-H000-H030-P050,英文单元映射待核查,unresolved,完整读过但尚未逐项对应的单元，保持缺口，不能算已覆盖。
01_绪论/整合教材.md 行773 EN01-H000-H030-P153,图1-17原始比对的各碱基、具体红线和黑点位置,unresolved,提取文件中无图1-17图像，只有乱码的碱基串；图注已转成可独立理解文字题，但实际序列与位点未完成视觉核验，不制造图像路径。
07_线粒体和叶绿体/整合教材.md 行2670 EN01-H031-H033-P005,图1-25A电镜标尺数值,unresolved,原始提取裁片底部标尺文字不完整；双膜与内膜形态可读，但不能核实精确标尺。
01_绪论/整合教材.md 行721 EN01-H000-H030-P127,英文“recycle energy”是否意指能量循环,unresolved,本段使用“capture and recycle energy”；已覆盖动物依赖其他生命的供能供物质关系，但能量流动与物质循环须区别，该措辞待与实际热力学正文核对，不作为“能量循环”定论导出。
01_绪论/整合教材.md 行933 EN01-H034-H038-P029,protist定义是否在全书一致,unresolved,该图注把protist限为自由生活、单细胞、能移动的真核对象；当前卡明确限定为本段用法，未把它推广为所有原生生物的完整定义，待与全书其他分类用法核对。
02_细胞生物学研究方法/整合教材.md 行2681 EN01-H039-H053-P016,图1-36标尺在原裁片中的完整位置,unresolved,有5μm可读独立文字，但图50、51裁片未保留完整标尺；不声称完成视觉对应。
02_细胞生物学研究方法/整合教材.md 行2697 EN01-H039-H053-P024,图1-37孤立100nm标尺面板对应,unresolved,有独立100nm文字，但原提取裁片文字裁缺，面板精确对应未复核。
02_细胞生物学研究方法/整合教材.md 行2697 EN01-H039-H053-P030,图1-37第二处100nm标尺面板对应,unresolved,标尺原始位置不完整，不将100nm分派给所有图。
02_细胞生物学研究方法/整合教材.md 行2697 EN01-H039-H053-P033,图1-37第三处100nm标尺面板对应,unresolved,标尺原始位置不完整，不猜各面板具体对应。
02_细胞生物学研究方法/整合教材.md 行2789 EN01-H039-H053-P070,图1-44的20μm标尺对应,unresolved,有孤立20μm文字，图1-44裁片没有完整标尺标签，需原整页核对。
02_细胞生物学研究方法/整合教材.md 行2793 EN01-H039-H053-P072,959体细胞的性别阶段范围,unresolved,本段成体959，图注称多数个体雌雄同体；尚须明确核对是否仅特定性别，卡不推广为所有性别阶段。
02_细胞生物学研究方法/整合教材.md 行2687 EN01-H039-H053-P019,病毒全部不能被光镜看见的绝对范围,unresolved,本段对典型小病毒概括过强，不能当所有病毒的尺寸定律；已保留历史过滤及电镜证据。
02_细胞生物学研究方法/整合教材.md 行2857 EN01-H039-H053-P104,3000核苷酸是否病毒基因组绝对下限,unresolved,本段举小RNA病毒约3000；不将例子转为所有病毒下限，待全书细分核实。
02_细胞生物学研究方法/整合教材.md 行2865 EN01-H039-H053-P108,2020大流行具体来源路径,unresolved,原文为推測，不提供确定具体来源的证据；卡说明证据强度，不导出为已证实历史。
01_绪论/英文习题与参考文献.md 行17 EN01-EX-P004,血红蛋白家族七基因两簇的计数口径,unresolved,习题未说明纳入哪些血红蛋白相关成员；同人家族的同源分类已做判断，但七不是未经核实的全家族永久数目。
01_绪论/英文习题与参考文献.md 行47 EN01-EX-P019,Giardia无典型线粒体且无可见ER/Golgi的整句前提,unresolved,本习题形态描述及其分类年代可能存在问题；没有原始观察和全书对应细胞器证据，已改写条件性实验设计，不作为Giardia现实结构定论。
01_绪论/英文习题与参考文献.md 行35 EN01-EX-P013,习题热液式Mn+与正文Mn²⁺的原图核对,unresolved,正文明确Mn²⁺，习题提取为Mn+、另有上下标损坏；卡采用已经读取的正文式，习题原印刷式仍待核对，不静默声称修正OCR。
01_绪论/整合教材.md 行971 EN02-H000-H008-P010；01_绪论/整合教材.md 行981 EN02-H000-H008-P015,图2–1完整彩色周期表及蓝绿黄各元素的颜色归属,unresolved,提取版仅有丢失颜色的HTML表和图注，未提供彩色图文件；四种红色主元素及分组定义可读，其他元素的颜色归属不能凭常识补齐。
01_绪论/整合教材.md 行971 EN02-H000-H008-P010；01_绪论/整合教材.md 行983 EN02-H000-H008-P016,Ni28与59,unresolved,提取表整数值与最常见同位素口径疑似不一致，需核对原图和教材勘误；不作为确定同位素数据导出。
01_绪论/整合教材.md 行971 EN02-H000-H008-P010；01_绪论/整合教材.md 行983 EN02-H000-H008-P016,Cu29与64,unresolved,提取表整数值与最常见同位素口径疑似不一致，需核对原图和教材勘误；不作为确定同位素数据导出。
01_绪论/整合教材.md 行971 EN02-H000-H008-P010；01_绪论/整合教材.md 行983 EN02-H000-H008-P016,Zn30与65,unresolved,提取表整数值与最常见同位素口径疑似不一致，需核对原图和教材勘误；不作为确定同位素数据导出。
01_绪论/整合教材.md 行971 EN02-H000-H008-P010；01_绪论/整合教材.md 行983 EN02-H000-H008-P016,Se34与79,unresolved,提取表整数值与最常见同位素口径疑似不一致，需核对原图和教材勘误；不作为确定同位素数据导出。
01_绪论/整合教材.md 行971 EN02-H000-H008-P010；01_绪论/整合教材.md 行983 EN02-H000-H008-P016,Mo42与96,unresolved,提取表整数值与最常见同位素口径疑似不一致，需核对原图和教材勘误；不作为确定同位素数据导出。
01_绪论/整合教材.md 行983 EN02-H000-H008-P016,图2–1“最常见同位素”与部分整数原子量数值的口径冲突,unresolved,图注称最常见同位素，但部分整数数值疑似近似原子量。明确的Z数值和分组说明继续制作；存疑原子量解释须核对教材原图或勘误，不凭记忆补成同位素事实。
01_绪论/整合教材.md 行1457 EN02-H042-H090-P149；01_绪论/整合教材.md 行1459 EN02-H042-H090-P150；01_绪论/整合教材.md 行1461 EN02-H042-H090-P151；01_绪论/整合教材.md 行1463 EN02-H042-H090-P152；01_绪论/整合教材.md 行1465 EN02-H042-H090-P153；01_绪论/整合教材.md 行1467 EN02-H042-H090-P154；01_绪论/整合教材.md 行1469 EN02-H042-H090-P155；01_绪论/整合教材.md 行1471 EN02-H042-H090-P156；01_绪论/整合教材.md 行1473 EN02-H042-H090-P157,H/C/N/O原子小图与四个范德华半径标签的原版空间配对,unresolved,小图和半径数值分别提取，原版布局丢失。碳原子两种成键距离可由明确配对文字制卡；H、N、O各半径不能只按OCR邻接猜配。
01_绪论/整合教材.md 行1051 EN02-H000-H008-P050,水离子积10⁻¹⁴及中性pH7的适用温度、条件,unresolved,正文用always描述，未在当前段和图解中明确温度。只导出带明确题设离子积的条件题；原句无条件泛化的适用范围待核实。
01_绪论/整合教材.md 行1277 EN02-H042-H090-P066,巯基段损坏的还原态排版及“氧化形式更少见”的适用区室,unresolved,—SH及氧化跨接可从文字和清楚的C-S-S-C式读取，但还原态局部公式损坏，more rarely没有给出区室条件；未把频率泛化为所有细胞区室的确定事实。
01_绪论/整合教材.md 行1089 EN02-H000-H008-P069；01_绪论/整合教材.md 行1099 EN02-H000-H008-P074；01_绪论/整合教材.md 行1821 EN02-H042-H090-P326,“每次加亚基失一分子水”净缩合图与DNA/RNA等真实活化聚合反应的对应,unresolved,当前图解是净结构关系，未完整说明活化底物与离去基团。未将净缩合画法导出为所有真实聚合步骤都会直接放水；后续复制、转录、翻译机制读取时核对具体反应。
01_绪论/整合教材.md 行1119 EN02-H000-H008-P084；01_绪论/整合教材.md 行1123 EN02-H000-H008-P086；01_绪论/整合教材.md 行1127 EN02-H000-H008-P088；01_绪论/整合教材.md 行1131 EN02-H000-H008-P090,图2–12 A/B/C/E比例尺完整数字,unresolved,给定jpg底部被裁切，仅蕨茎D的0.5mm可完整读取。A/B/C/E保留结构任务和真实图片，精确尺寸暂不制卡，待原版完整图。
01_绪论/整合教材.md 行1661 EN02-H042-H090-P251；01_绪论/整合教材.md 行1665 EN02-H042-H090-P252,游离甘油公式损坏的连续三碳／羟基原始排版,unresolved,游离甘油公式在提取文本中断行且中间碳符号损坏；三酰甘油原图中的两端CH2、中央CH和三连接位点已读取，损坏的游离原式未声称已完全恢复。
